k,query_id,aspect,n_relevant,sim_pooled,sim_maxcard,ndcg10_pooled,ndcg10_maxcard,recall10_pooled,recall10_maxcard
1,q00000,engineering,3,0.375965,0.375965,0.505128,0.505128,1.0,1.0
1,q00001,logistics,6,0.356636,0.356636,0.692017,0.692017,0.666667,0.666667
1,q00002,legal,4,0.466673,0.466673,0.559009,0.559009,0.75,0.75
1,q00003,marketing,5,0.474333,0.474333,0.989606,0.989606,1.0,1.0
1,q00004,research,3,0.36035,0.36035,0.88546,0.88546,1.0,1.0
1,q00005,legal,4,0.465957,0.465957,0.529436,0.529436,0.5,0.5
1,q00006,engineering,5,0.426785,0.426785,0.932517,0.932517,1.0,1.0
1,q00007,facilities,1,0.577429,0.577429,0.63093,0.63093,1.0,1.0
1,q00008,engineering,2,0.626557,0.626557,0.624051,0.624051,1.0,1.0
1,q00009,research,3,0.404712,0.404712,0.671386,0.671386,0.666667,0.666667
1,q00010,personnel,4,0.48494,0.48494,0.246302,0.246302,0.25,0.25
1,q00011,research,4,0.642602,0.642602,0.715663,0.715663,1.0,1.0
1,q00012,marketing,3,0.312044,0.312044,0.765361,0.765361,0.666667,0.666667
1,q00013,logistics,3,0.666921,0.666921,0.967468,0.967468,1.0,1.0
1,q00014,finance,1,0.539036,0.539036,0.63093,0.63093,1.0,1.0
1,q00015,legal,5,0.54464,0.54464,0.504378,0.504378,0.6,0.6
1,q00016,logistics,6,0.392632,0.392632,0.520532,0.520532,0.5,0.5
1,q00017,personnel,5,0.684759,0.684759,0.932517,0.932517,1.0,1.0
1,q00018,personnel,6,0.572139,0.572139,0.792382,0.792382,0.833333,0.833333
1,q00019,research,3,0.698046,0.698046,0.88546,0.88546,1.0,1.0
1,q00020,research,4,0.616898,0.616898,0.739747,0.739747,1.0,1.0
1,q00021,facilities,5,0.592423,0.592423,0.797405,0.797405,0.8,0.8
1,q00022,personnel,4,0.463613,0.463613,0.520507,0.520507,0.5,0.5
1,q00023,procurement,3,0.433472,0.433472,0.610546,0.610546,0.666667,0.666667
1,q00024,security,6,0.582341,0.582341,0.74091,0.74091,0.666667,0.666667
1,q00025,finance,4,0.486077,0.486077,0.636682,0.636682,0.5,0.5
1,q00026,logistics,3,0.388756,0.388756,0.765361,0.765361,0.666667,0.666667
1,q00027,marketing,2,0.220565,0.220565,0.306574,0.306574,0.5,0.5
1,q00028,engineering,2,0.390474,0.390474,0.919721,0.919721,1.0,1.0
1,q00029,personnel,5,0.576869,0.576869,0.621794,0.621794,0.6,0.6
1,q00030,procurement,2,0.603067,0.603067,0.564092,0.564092,1.0,1.0
1,q00031,facilities,2,0.648663,0.648663,0.806574,0.806574,1.0,1.0
1,q00032,procurement,2,0.242706,0.242706,0.0,0.0,0.0,0.0
1,q00033,marketing,5,0.549747,0.549747,0.884053,0.884053,1.0,1.0
1,q00034,personnel,1,0.644358,0.644358,1.0,1.0,1.0,1.0
1,q00035,engineering,3,0.520448,0.520448,1.0,1.0,1.0,1.0
1,q00036,facilities,6,0.571888,0.571888,0.759305,0.759305,0.833333,0.833333
1,q00037,engineering,5,0.448464,0.448464,0.639945,0.639945,0.6,0.6
1,q00038,personnel,5,0.542161,0.542161,0.704079,0.704079,0.8,0.8
1,q00039,marketing,2,0.389362,0.389362,0.877215,0.877215,1.0,1.0
1,q00040,personnel,4,0.512799,0.512799,0.246302,0.246302,0.25,0.25
1,q00041,facilities,7,0.616709,0.616709,0.684223,0.684223,0.714286,0.714286
1,q00042,marketing,4,0.285786,0.285786,0.666505,0.666505,1.0,1.0
1,q00043,personnel,4,0.539276,0.539276,0.493945,0.493945,0.75,0.75
1,q00044,personnel,4,0.512799,0.512799,0.246302,0.246302,0.25,0.25
1,q00045,marketing,3,0.397089,0.397089,0.431734,0.431734,0.666667,0.666667
1,q00046,research,3,0.488378,0.488378,0.598894,0.598894,1.0,1.0
1,q00047,security,6,0.40141,0.40141,0.534182,0.534182,0.666667,0.666667
1,q00048,personnel,1,0.599538,0.599538,0.5,0.5,1.0,1.0
1,q00049,facilities,6,0.572533,0.572533,0.560152,0.560152,0.666667,0.666667
1,q00050,marketing,3,0.320256,0.320256,0.636439,0.636439,0.666667,0.666667
1,q00051,engineering,4,0.436011,0.436011,0.970929,0.970929,1.0,1.0
1,q00052,facilities,2,0.573436,0.573436,0.81753,0.81753,1.0,1.0
1,q00053,personnel,4,0.539276,0.539276,0.493945,0.493945,0.75,0.75
1,q00054,personnel,1,0.622643,0.622643,0.63093,0.63093,1.0,1.0
1,q00055,procurement,1,0.336035,0.336035,0.333333,0.333333,1.0,1.0
1,q00056,finance,5,0.633603,0.633603,0.868795,0.868795,0.8,0.8
1,q00057,facilities,5,0.572898,0.572898,0.485229,0.485229,0.4,0.4
1,q00058,personnel,4,0.579379,0.579379,0.586877,0.586877,1.0,1.0
1,q00059,marketing,4,0.419115,0.419115,0.944718,0.944718,1.0,1.0
1,q00060,personnel,1,0.644358,0.644358,1.0,1.0,1.0,1.0
1,q00061,logistics,5,0.506213,0.506213,0.761802,0.761802,0.8,0.8
1,q00062,security,3,0.47582,0.47582,0.315201,0.315201,0.666667,0.666667
1,q00063,finance,6,0.535039,0.535039,0.805847,0.805847,0.833333,0.833333
1,q00064,marketing,5,0.474333,0.474333,0.989606,0.989606,1.0,1.0
1,q00065,research,3,0.3723,0.3723,0.817981,0.817981,1.0,1.0
1,q00066,marketing,4,0.335784,0.335784,0.666505,0.666505,1.0,1.0
1,q00067,procurement,6,0.571045,0.571045,0.823389,0.823389,0.833333,0.833333
1,q00068,marketing,3,0.34782,0.34782,0.234639,0.234639,0.333333,0.333333
1,q00069,procurement,4,0.427442,0.427442,0.842142,0.842142,1.0,1.0
1,q00070,engineering,5,0.432864,0.432864,0.480866,0.480866,0.6,0.6
1,q00071,engineering,5,0.578033,0.578033,0.966985,0.966985,1.0,1.0
1,q00072,engineering,2,0.382325,0.382325,0.877215,0.877215,1.0,1.0
1,q00073,security,4,0.437867,0.437867,0.95583,0.95583,1.0,1.0
1,q00074,personnel,4,0.539276,0.539276,0.493945,0.493945,0.75,0.75
1,q00075,personnel,4,0.463613,0.463613,0.520507,0.520507,0.5,0.5
1,q00076,finance,5,0.475789,0.475789,0.684352,0.684352,0.6,0.6
1,q00077,finance,2,0.54752,0.54752,0.501266,0.501266,1.0,1.0
1,q00078,legal,2,0.644259,0.644259,0.831555,0.831555,1.0,1.0
1,q00079,procurement,3,0.375117,0.375117,0.798861,0.798861,1.0,1.0
1,q00080,marketing,4,0.322644,0.322644,0.558508,0.558508,0.5,0.5
1,q00081,finance,6,0.63423,0.63423,0.97403,0.97403,1.0,1.0
1,q00082,security,4,0.39223,0.39223,0.970929,0.970929,1.0,1.0
1,q00083,facilities,3,0.581732,0.581732,0.671386,0.671386,0.666667,0.666667
1,q00084,procurement,4,0.504896,0.504896,0.698415,0.698415,0.75,0.75
1,q00085,personnel,4,0.491939,0.491939,0.168128,0.168128,0.25,0.25
1,q00086,research,3,0.494801,0.494801,0.343374,0.343374,0.666667,0.666667
1,q00087,research,2,0.442277,0.442277,0.204382,0.204382,0.5,0.5
1,q00088,legal,3,0.636842,0.636842,0.860344,0.860344,1.0,1.0
1,q00089,finance,1,0.424808,0.424808,0.289065,0.289065,1.0,1.0
1,q00090,procurement,5,0.415249,0.415249,0.550253,0.550253,0.6,0.6
1,q00091,marketing,4,0.322644,0.322644,0.558508,0.558508,0.5,0.5
1,q00092,research,5,0.719222,0.719222,0.868795,0.868795,0.8,0.8
1,q00093,logistics,1,0.519576,0.519576,0.430677,0.430677,1.0,1.0
1,q00094,finance,5,0.574405,0.574405,0.966834,0.966834,1.0,1.0
1,q00095,security,3,0.530689,0.530689,0.469279,0.469279,0.333333,0.333333
1,q00096,engineering,2,0.442572,0.442572,1.0,1.0,1.0,1.0
1,q00097,personnel,3,0.588313,0.588313,0.666373,0.666373,1.0,1.0
1,q00098,legal,4,0.466673,0.466673,0.559009,0.559009,0.75,0.75
1,q00099,facilities,5,0.563894,0.563894,0.49126,0.49126,0.6,0.6
1,q00100,procurement,4,0.411805,0.411805,0.849435,0.849435,1.0,1.0
1,q00101,marketing,4,0.335784,0.335784,0.666505,0.666505,1.0,1.0
1,q00102,engineering,3,0.536912,0.536912,0.860344,0.860344,1.0,1.0
1,q00103,personnel,3,0.533277,0.533277,0.913402,0.913402,1.0,1.0
1,q00104,marketing,3,0.378058,0.378058,0.636439,0.636439,0.666667,0.666667
1,q00105,personnel,5,0.546123,0.546123,0.621794,0.621794,0.6,0.6
1,q00106,marketing,3,0.359696,0.359696,0.469279,0.469279,0.333333,0.333333
1,q00107,facilities,4,0.420112,0.420112,0.787702,0.787702,0.75,0.75
1,q00108,research,4,0.656155,0.656155,1.0,1.0,1.0,1.0
1,q00109,marketing,3,0.350478,0.350478,0.469279,0.469279,0.333333,0.333333
1,q00110,engineering,3,0.612829,0.612829,0.967468,0.967468,1.0,1.0
1,q00111,logistics,6,0.516554,0.516554,0.685069,0.685069,0.833333,0.833333
1,q00112,research,4,0.550976,0.550976,0.875646,0.875646,1.0,1.0
1,q00113,engineering,2,0.482258,0.482258,0.624051,0.624051,1.0,1.0
1,q00114,facilities,4,0.583288,0.583288,0.982892,0.982892,1.0,1.0
1,q00115,research,3,0.36035,0.36035,0.88546,0.88546,1.0,1.0
1,q00116,facilities,2,0.542266,0.542266,1.0,1.0,1.0,1.0
1,q00117,security,7,0.369551,0.369551,0.729012,0.729012,0.714286,0.714286
1,q00118,personnel,1,0.527256,0.527256,0.356207,0.356207,1.0,1.0
1,q00119,engineering,5,0.486576,0.486576,0.742605,0.742605,0.8,0.8
1,q00120,logistics,6,0.516554,0.516554,0.685069,0.685069,0.833333,0.833333
1,q00121,security,7,0.443979,0.443979,0.764081,0.764081,0.714286,0.714286
1,q00122,research,3,0.49007,0.49007,0.812653,0.812653,1.0,1.0
1,q00123,personnel,3,0.633479,0.633479,0.639456,0.639456,1.0,1.0
1,q00124,logistics,1,0.511393,0.511393,0.356207,0.356207,1.0,1.0
1,q00125,engineering,2,0.626557,0.626557,0.624051,0.624051,1.0,1.0
1,q00126,personnel,1,0.549763,0.549763,0.63093,0.63093,1.0,1.0
1,q00127,finance,6,0.535039,0.535039,0.805847,0.805847,0.833333,0.833333
1,q00128,finance,6,0.553277,0.553277,0.681862,0.681862,0.666667,0.666667
1,q00129,procurement,3,0.380085,0.380085,0.703918,0.703918,0.666667,0.666667
1,q00130,finance,6,0.463678,0.463678,0.657153,0.657153,0.666667,0.666667
1,q00131,security,5,0.441188,0.441188,0.654809,0.654809,0.6,0.6
1,q00132,logistics,1,0.519576,0.519576,0.430677,0.430677,1.0,1.0
1,q00133,research,3,0.656261,0.656261,0.817981,0.817981,1.0,1.0
1,q00134,marketing,3,0.397089,0.397089,0.431734,0.431734,0.666667,0.666667
1,q00135,engineering,5,0.426785,0.426785,0.932517,0.932517,1.0,1.0
1,q00136,procurement,5,0.457146,0.457146,0.636596,0.636596,1.0,1.0
1,q00137,facilities,7,0.616709,0.616709,0.684223,0.684223,0.714286,0.714286
1,q00138,security,3,0.36794,0.36794,0.671386,0.671386,0.666667,0.666667
1,q00139,procurement,4,0.411805,0.411805,0.849435,0.849435,1.0,1.0
1,q00140,finance,5,0.559754,0.559754,0.787011,0.787011,0.8,0.8
1,q00141,research,3,0.688895,0.688895,0.932521,0.932521,1.0,1.0
1,q00142,personnel,4,0.609147,0.609147,0.961999,0.961999,1.0,1.0
1,q00143,personnel,4,0.491939,0.491939,0.168128,0.168128,0.25,0.25
1,q00144,security,1,0.449459,0.449459,1.0,1.0,1.0,1.0
1,q00145,security,6,0.616622,0.616622,0.74091,0.74091,0.666667,0.666667
1,q00146,legal,3,0.545551,0.545551,0.967468,0.967468,1.0,1.0
1,q00147,engineering,1,0.477496,0.477496,0.63093,0.63093,1.0,1.0
1,q00148,procurement,3,0.424688,0.424688,0.906628,0.906628,1.0,1.0
1,q00149,security,3,0.427618,0.427618,0.636439,0.636439,0.666667,0.666667
1,q00150,legal,2,0.644259,0.644259,0.831555,0.831555,1.0,1.0
1,q00151,legal,4,0.466673,0.466673,0.559009,0.559009,0.75,0.75
1,q00152,finance,5,0.445787,0.445787,0.549948,0.549948,0.8,0.8
1,q00153,finance,4,0.486077,0.486077,0.636682,0.636682,0.5,0.5
1,q00154,legal,3,0.515525,0.515525,0.650821,0.650821,0.666667,0.666667
1,q00155,finance,3,0.54746,0.54746,0.650821,0.650821,0.666667,0.666667
1,q00156,research,2,0.681823,0.681823,0.306574,0.306574,0.5,0.5
1,q00157,personnel,4,0.604372,0.604372,0.955024,0.955024,1.0,1.0
1,q00158,facilities,4,0.420112,0.420112,0.787702,0.787702,0.75,0.75
1,q00159,marketing,3,0.322088,0.322088,0.431734,0.431734,0.666667,0.666667
1,q00160,facilities,7,0.517156,0.517156,0.732011,0.732011,0.714286,0.714286
1,q00161,procurement,3,0.535179,0.535179,0.807247,0.807247,1.0,1.0
1,q00162,engineering,2,0.425057,0.425057,0.850345,0.850345,1.0,1.0
1,q00163,marketing,2,0.243825,0.243825,0.386853,0.386853,0.5,0.5
1,q00164,logistics,5,0.506213,0.506213,0.761802,0.761802,0.8,0.8
1,q00165,facilities,1,0.487168,0.487168,0.333333,0.333333,1.0,1.0
1,q00166,security,4,0.39223,0.39223,0.970929,0.970929,1.0,1.0
1,q00167,personnel,4,0.566008,0.566008,0.879654,0.879654,1.0,1.0
1,q00168,personnel,6,0.572139,0.572139,0.792382,0.792382,0.833333,0.833333
1,q00169,procurement,1,0.663597,0.663597,1.0,1.0,1.0,1.0
1,q00170,legal,4,0.466673,0.466673,0.559009,0.559009,0.75,0.75
1,q00171,security,4,0.340628,0.340628,0.0,0.0,0.0,0.0
1,q00172,procurement,4,0.427442,0.427442,0.842142,0.842142,1.0,1.0
1,q00173,logistics,5,0.436593,0.436593,0.853932,0.853932,0.8,0.8
1,q00174,facilities,2,0.62594,0.62594,0.850345,0.850345,1.0,1.0
1,q00175,personnel,3,0.607629,0.607629,0.967468,0.967468,1.0,1.0
1,q00176,logistics,3,0.449869,0.449869,0.906025,0.906025,1.0,1.0
1,q00177,research,4,0.656155,0.656155,1.0,1.0,1.0,1.0
1,q00178,personnel,3,0.459493,0.459493,0.636439,0.636439,0.666667,0.666667
1,q00179,legal,3,0.574517,0.574517,0.792865,0.792865,1.0,1.0
1,q00180,engineering,3,0.48949,0.48949,0.549841,0.549841,1.0,1.0
1,q00181,marketing,4,0.335784,0.335784,0.666505,0.666505,1.0,1.0
1,q00182,legal,3,0.574517,0.574517,0.792865,0.792865,1.0,1.0
1,q00183,logistics,6,0.484711,0.484711,0.646964,0.646964,0.833333,0.833333
1,q00184,facilities,1,0.666288,0.666288,1.0,1.0,1.0,1.0
1,q00185,facilities,1,0.675885,0.675885,1.0,1.0,1.0,1.0
1,q00186,research,4,0.616898,0.616898,0.739747,0.739747,1.0,1.0
1,q00187,facilities,4,0.420112,0.420112,0.787702,0.787702,0.75,0.75
1,q00188,logistics,1,0.306657,0.306657,0.430677,0.430677,1.0,1.0
1,q00189,procurement,6,0.571045,0.571045,0.823389,0.823389,0.833333,0.833333
1,q00190,finance,6,0.598244,0.598244,0.580995,0.580995,0.5,0.5
1,q00191,personnel,3,0.602442,0.602442,1.0,1.0,1.0,1.0
1,q00192,security,4,0.23758,0.23758,0.0,0.0,0.0,0.0
1,q00193,marketing,3,0.34782,0.34782,0.234639,0.234639,0.333333,0.333333
1,q00194,facilities,6,0.560085,0.560085,0.486159,0.486159,0.666667,0.666667
1,q00195,logistics,6,0.516554,0.516554,0.685069,0.685069,0.833333,0.833333
1,q00196,engineering,2,0.502139,0.502139,0.510956,0.510956,1.0,1.0
1,q00197,finance,5,0.633603,0.633603,0.868795,0.868795,0.8,0.8
1,q00198,facilities,4,0.587456,0.587456,0.577218,0.577218,1.0,1.0
1,q00199,research,3,0.438346,0.438346,0.181542,0.181542,0.333333,0.333333
2,q00000,procurement,8,0.43683,0.547845,0.329086,0.40712,0.25,0.5
2,q00001,engineering,7,0.386913,0.454773,0.610277,0.790839,0.571429,0.714286
2,q00002,security,7,0.360764,0.396649,0.118383,0.390667,0.142857,0.571429
2,q00003,facilities,5,0.482665,0.558279,0.50874,0.66014,0.4,0.6
2,q00004,procurement,8,0.269856,0.361742,0.329086,0.511139,0.25,0.5
2,q00005,security,8,0.409309,0.419728,0.502632,0.564891,0.375,0.625
2,q00006,procurement,8,0.459447,0.605607,0.329484,0.247112,0.375,0.375
2,q00007,marketing,4,0.293363,0.395478,0.520507,0.775739,0.5,0.75
2,q00008,finance,10,0.354923,0.511985,0.142019,0.650513,0.2,0.6
2,q00009,personnel,8,0.490717,0.669215,0.174414,0.666321,0.25,0.625
2,q00010,procurement,8,0.272727,0.355928,0.455557,0.508225,0.375,0.5
2,q00011,research,2,0.46549,0.663744,0.386853,0.81753,0.5,1.0
2,q00012,personnel,9,0.430098,0.562171,0.249526,0.528732,0.222222,0.555556
2,q00013,security,5,0.505238,0.58035,0.592222,0.589299,0.6,0.8
2,q00014,logistics,5,0.228748,0.254219,0.473108,0.422642,0.6,0.6
2,q00015,security,7,0.369683,0.480122,0.429249,0.665199,0.428571,0.571429
2,q00016,facilities,6,0.403929,0.442995,0.580995,0.762926,0.5,0.833333
2,q00017,research,8,0.255115,0.440324,0.076143,0.721056,0.125,0.625
2,q00018,marketing,6,0.347197,0.439366,0.76716,0.970409,0.833333,1.0
2,q00019,personnel,9,0.468536,0.617482,0.423324,0.696393,0.333333,0.666667
2,q00020,finance,11,0.372433,0.458079,0.248908,0.53681,0.181818,0.545455
2,q00021,personnel,9,0.432945,0.641763,0.629476,0.855096,0.555556,0.777778
2,q00022,security,3,0.408527,0.441923,0.181542,0.296082,0.333333,0.333333
2,q00023,finance,4,0.295964,0.44077,0.0,0.39038,0.0,0.25
2,q00024,research,7,0.383629,0.604647,0.499028,0.649433,0.428571,0.571429
2,q00025,engineering,3,0.588003,0.549202,0.967468,0.463242,1.0,0.666667
2,q00026,security,2,0.411995,0.439025,0.613147,0.193426,0.5,0.5
2,q00027,research,4,0.225188,0.351859,0.0,0.123151,0.0,0.25
2,q00028,research,10,0.256314,0.358363,0.205117,0.299905,0.2,0.3
2,q00029,procurement,7,0.269468,0.325817,0.275797,0.511995,0.428571,0.571429
2,q00030,finance,7,0.395073,0.514696,0.205097,0.347446,0.285714,0.428571
2,q00031,marketing,10,0.274647,0.339773,0.212226,0.532141,0.2,0.4
2,q00032,procurement,10,0.430813,0.615204,0.567043,0.711618,0.5,0.6
2,q00033,procurement,5,0.219627,0.302393,0.0,0.351252,0.0,0.6
2,q00034,research,2,0.418588,0.676898,0.386853,0.831555,0.5,1.0
2,q00035,security,7,0.469845,0.513726,0.518651,0.34451,0.428571,0.428571
2,q00036,marketing,6,0.284903,0.385378,0.307983,0.489155,0.333333,0.5
2,q00037,facilities,6,0.577763,0.611301,0.806914,0.827097,0.833333,0.833333
2,q00038,finance,5,0.511509,0.590092,0.616434,0.806208,0.6,0.8
2,q00039,facilities,8,0.495306,0.595936,0.333259,0.692783,0.375,0.75
2,q00040,facilities,6,0.403929,0.442995,0.580995,0.762926,0.5,0.833333
2,q00041,logistics,6,0.480105,0.536986,0.732296,0.86262,0.666667,0.833333
2,q00042,personnel,3,0.451516,0.571921,0.296082,0.921787,0.333333,1.0
2,q00043,procurement,3,0.275239,0.37717,0.234639,0.317194,0.333333,0.666667
2,q00044,facilities,6,0.424963,0.487119,0.422112,0.775148,0.5,0.666667
2,q00045,personnel,9,0.38631,0.584262,0.426717,0.726682,0.333333,0.666667
2,q00046,procurement,5,0.219627,0.302393,0.0,0.351252,0.0,0.6
2,q00047,security,8,0.409309,0.419728,0.502632,0.564891,0.375,0.625
2,q00048,facilities,3,0.473205,0.620745,0.302812,0.732829,0.666667,1.0
2,q00049,legal,10,0.555191,0.654522,0.573038,0.866948,0.5,0.8
2,q00050,security,8,0.426281,0.509698,0.607917,0.568992,0.625,0.625
2,q00051,procurement,7,0.221443,0.31667,0.479973,0.586686,0.428571,0.571429
2,q00052,engineering,10,0.383693,0.373548,0.826813,0.83578,0.8,0.8
2,q00053,engineering,7,0.523238,0.61077,0.382467,0.354087,0.571429,0.428571
2,q00054,personnel,4,0.413212,0.522263,0.139056,0.58557,0.25,0.5
2,q00055,facilities,8,0.467089,0.576688,0.540791,0.61932,0.625,0.5
2,q00056,procurement,7,0.269468,0.325817,0.275797,0.511995,0.428571,0.571429
2,q00057,security,8,0.426281,0.509698,0.607917,0.568992,0.625,0.625
2,q00058,facilities,5,0.545824,0.544072,0.60604,0.436895,0.6,0.6
2,q00059,legal,12,0.462972,0.51448,0.74167,0.621499,0.583333,0.583333
2,q00060,personnel,10,0.322119,0.487943,0.085143,0.409951,0.1,0.4
2,q00061,legal,7,0.514867,0.620751,0.0,0.467927,0.0,0.428571
2,q00062,personnel,10,0.322119,0.487943,0.085143,0.409951,0.1,0.4
2,q00063,facilities,5,0.561894,0.588163,0.529635,0.719833,0.6,0.8
2,q00064,finance,3,0.466926,0.565798,0.469279,0.871079,0.333333,1.0
2,q00065,engineering,7,0.412546,0.443712,0.235351,0.377677,0.285714,0.428571
2,q00066,finance,2,0.528624,0.594097,0.613147,0.580279,0.5,1.0
2,q00067,legal,9,0.594765,0.667985,0.37995,0.299966,0.333333,0.333333
2,q00068,personnel,3,0.466567,0.549333,0.296082,0.851959,0.333333,1.0
2,q00069,security,7,0.319436,0.456595,0.417203,0.585742,0.428571,0.428571
2,q00070,research,4,0.353646,0.498768,0.246302,0.636682,0.25,0.5
2,q00071,marketing,7,0.214516,0.236316,0.265053,0.274876,0.285714,0.142857
2,q00072,legal,6,0.575541,0.604069,0.321245,0.408716,0.333333,0.5
2,q00073,facilities,5,0.483966,0.613538,0.16958,0.514771,0.2,0.6
2,q00074,legal,6,0.532558,0.607152,0.198882,0.701678,0.333333,0.666667
2,q00075,procurement,5,0.259248,0.314178,0.213986,0.220047,0.2,0.4
2,q00076,logistics,6,0.503613,0.58395,0.685483,0.876016,0.666667,0.833333
2,q00077,procurement,10,0.461846,0.675144,0.453743,0.722295,0.3,0.6
2,q00078,security,9,0.394654,0.447517,0.609645,0.724118,0.666667,0.666667
2,q00079,research,8,0.433608,0.652346,0.692437,0.578451,0.625,0.5
2,q00080,personnel,6,0.281178,0.435304,0.281625,0.09546,0.333333,0.166667
2,q00081,legal,7,0.568416,0.620391,0.789992,0.941451,0.714286,1.0
2,q00082,facilities,11,0.502008,0.604069,0.551331,0.693663,0.454545,0.545455
2,q00083,personnel,9,0.380851,0.545432,0.484571,0.921651,0.333333,0.888889
2,q00084,facilities,7,0.430984,0.441057,0.402491,0.610277,0.428571,0.571429
2,q00085,security,3,0.315264,0.336641,0.469279,0.234639,0.333333,0.333333
2,q00086,facilities,5,0.486627,0.518826,0.459972,0.379371,0.4,0.6
2,q00087,procurement,5,0.219627,0.302393,0.0,0.351252,0.0,0.6
2,q00088,personnel,3,0.503777,0.576096,0.358534,0.469279,0.666667,0.333333
2,q00089,security,9,0.403115,0.566731,0.0,0.373232,0.0,0.444444
2,q00090,engineering,7,0.405696,0.427761,0.414857,0.637034,0.571429,0.571429
2,q00091,marketing,3,0.296164,0.28517,0.16716,0.135652,0.333333,0.333333
2,q00092,legal,6,0.454994,0.508207,0.40347,0.696773,0.333333,0.666667
2,q00093,legal,6,0.582088,0.637314,0.520532,0.576627,0.5,0.666667
2,q00094,research,10,0.256314,0.358363,0.205117,0.299905,0.2,0.3
2,q00095,engineering,3,0.515192,0.445568,0.871079,0.463242,1.0,0.666667
2,q00096,procurement,10,0.257368,0.364533,0.085143,0.522496,0.1,0.4
2,q00097,research,9,0.297804,0.490184,0.152497,0.629476,0.222222,0.555556
2,q00098,facilities,9,0.563448,0.610582,0.693022,0.895959,0.555556,0.888889
2,q00099,logistics,6,0.337078,0.414823,0.505852,0.678755,0.5,0.666667
2,q00100,finance,3,0.466926,0.565798,0.469279,0.871079,0.333333,1.0
2,q00101,finance,10,0.47117,0.567743,0.403502,0.754269,0.3,0.7
2,q00102,personnel,5,0.318289,0.565886,0.0,0.553146,0.0,0.4
2,q00103,personnel,3,0.495655,0.616149,0.234639,0.946902,0.333333,1.0
2,q00104,engineering,6,0.460733,0.560631,0.407784,0.489155,0.666667,0.5
2,q00105,engineering,10,0.443758,0.50624,0.356596,0.715551,0.4,0.6
2,q00106,research,4,0.264888,0.538503,0.0,0.831872,0.0,0.75
2,q00107,procurement,6,0.376978,0.527242,0.195261,0.543515,0.333333,0.833333
2,q00108,facilities,5,0.486627,0.518826,0.459972,0.379371,0.4,0.6
2,q00109,finance,5,0.346625,0.455411,0.267619,0.655244,0.4,0.6
2,q00110,marketing,6,0.229592,0.314263,0.325585,0.970544,0.5,1.0
2,q00111,facilities,11,0.502008,0.604069,0.551331,0.693663,0.454545,0.545455
2,q00112,facilities,7,0.430984,0.441057,0.402491,0.610277,0.428571,0.571429
2,q00113,personnel,9,0.379751,0.55725,0.685819,0.67285,0.555556,0.555556
2,q00114,research,8,0.246843,0.372863,0.155938,0.341755,0.25,0.375
2,q00115,legal,12,0.515579,0.566193,0.551331,0.848238,0.416667,0.666667
2,q00116,security,9,0.449284,0.534929,0.602094,0.872072,0.444444,0.888889
2,q00117,facilities,6,0.60104,0.688526,0.601312,0.857348,0.5,0.833333
2,q00118,security,5,0.505238,0.58035,0.592222,0.589299,0.6,0.8
2,q00119,personnel,3,0.525616,0.612956,0.436747,0.469279,0.666667,0.333333
2,q00120,marketing,9,0.128885,0.22258,0.148297,0.256222,0.111111,0.333333
2,q00121,security,7,0.41539,0.400863,0.589685,0.373709,0.571429,0.571429
2,q00122,legal,6,0.580563,0.662356,0.467245,0.590023,0.666667,0.666667
2,q00123,procurement,7,0.338121,0.44122,0.673023,0.500404,0.571429,0.571429
2,q00124,legal,7,0.567397,0.681347,0.448304,0.668488,0.285714,0.571429
2,q00125,legal,6,0.575541,0.604069,0.321245,0.408716,0.333333,0.5
2,q00126,finance,5,0.411875,0.497859,0.843538,0.956591,0.8,1.0
2,q00127,procurement,5,0.219627,0.302393,0.0,0.351252,0.0,0.6
2,q00128,research,5,0.422328,0.709453,0.113053,0.786014,0.2,0.8
2,q00129,logistics,6,0.428202,0.517056,0.561693,0.584227,0.5,0.5
2,q00130,procurement,5,0.188356,0.364053,0.300785,0.5681,0.4,0.8
2,q00131,personnel,4,0.413212,0.522263,0.139056,0.58557,0.25,0.5
2,q00132,finance,6,0.365378,0.471004,0.419665,0.252169,0.333333,0.333333
2,q00133,personnel,4,0.392366,0.593611,0.318341,0.554338,0.5,0.75
2,q00134,facilities,5,0.561894,0.588163,0.529635,0.719833,0.6,0.8
2,q00135,logistics,6,0.321102,0.408195,0.549364,0.711453,0.5,0.666667
2,q00136,research,4,0.390874,0.515451,0.363318,0.636682,0.5,0.5
2,q00137,engineering,2,0.448063,0.493029,0.613147,0.850345,0.5,1.0
2,q00138,research,6,0.315373,0.566368,0.321245,0.712358,0.333333,0.833333
2,q00139,finance,2,0.528624,0.594097,0.613147,0.580279,0.5,1.0
2,q00140,procurement,10,0.236669,0.386487,0.249363,0.56311,0.3,0.5
2,q00141,finance,7,0.395073,0.514696,0.205097,0.347446,0.285714,0.428571
2,q00142,research,6,0.315373,0.566368,0.321245,0.712358,0.333333,0.833333
2,q00143,finance,8,0.375411,0.517871,0.126471,0.531774,0.125,0.5
2,q00144,procurement,5,0.219627,0.302393,0.0,0.351252,0.0,0.6
2,q00145,security,7,0.369683,0.480122,0.429249,0.665199,0.428571,0.571429
2,q00146,facilities,6,0.447102,0.523516,0.130324,0.398688,0.166667,0.5
2,q00147,procurement,6,0.323904,0.414148,0.151301,0.437683,0.166667,0.5
2,q00148,procurement,10,0.430813,0.615204,0.567043,0.711618,0.5,0.6
2,q00149,engineering,2,0.366452,0.434941,0.386853,0.613147,0.5,0.5
2,q00150,security,7,0.319436,0.456595,0.417203,0.585742,0.428571,0.428571
2,q00151,marketing,6,0.203898,0.355428,0.302602,0.446268,0.166667,0.666667
2,q00152,personnel,8,0.416562,0.534443,0.079795,0.446193,0.125,0.375
2,q00153,logistics,8,0.353526,0.402297,0.578775,0.49758,0.5,0.625
2,q00154,legal,6,0.551684,0.612819,0.446268,0.520398,0.666667,0.5
2,q00155,engineering,6,0.46732,0.547673,0.629254,0.737043,0.666667,0.833333
2,q00156,procurement,5,0.469744,0.623178,0.6662,0.786014,0.6,0.8
2,q00157,security,7,0.360764,0.396649,0.118383,0.390667,0.142857,0.571429
2,q00158,logistics,5,0.28676,0.320009,0.16958,0.276573,0.2,0.4
2,q00159,personnel,8,0.416562,0.534443,0.079795,0.446193,0.125,0.375
2,q00160,facilities,7,0.459996,0.531551,0.566687,0.547161,0.428571,0.571429
2,q00161,finance,10,0.408982,0.494085,0.428385,0.793584,0.3,0.7
2,q00162,research,10,0.256314,0.358363,0.205117,0.299905,0.2,0.3
2,q00163,security,9,0.344695,0.508669,0.0,0.414602,0.0,0.444444
2,q00164,legal,6,0.532558,0.607152,0.198882,0.701678,0.333333,0.666667
2,q00165,finance,10,0.418243,0.516888,0.500973,0.72733,0.4,0.6
2,q00166,security,9,0.493499,0.614937,0.447893,0.744291,0.444444,0.666667
2,q00167,personnel,9,0.432945,0.641763,0.629476,0.855096,0.555556,0.777778
2,q00168,security,3,0.315264,0.336641,0.469279,0.234639,0.333333,0.333333
2,q00169,marketing,3,0.296164,0.28517,0.16716,0.135652,0.333333,0.333333
2,q00170,security,9,0.403115,0.566731,0.0,0.373232,0.0,0.444444
2,q00171,legal,6,0.575541,0.604069,0.321245,0.408716,0.333333,0.5
2,q00172,engineering,3,0.588003,0.549202,0.967468,0.463242,1.0,0.666667
2,q00173,marketing,5,0.433653,0.488169,0.593357,0.485664,0.8,0.6
2,q00174,research,4,0.251399,0.300682,0.0,0.112845,0.0,0.25
2,q00175,facilities,7,0.502334,0.547904,0.683655,0.469303,0.571429,0.571429
2,q00176,engineering,12,0.423664,0.443154,0.385048,0.564544,0.333333,0.416667
2,q00177,finance,2,0.528624,0.594097,0.613147,0.580279,0.5,1.0
2,q00178,procurement,10,0.480019,0.624267,0.441285,0.687195,0.4,0.6
2,q00179,security,10,0.391672,0.507381,0.303082,0.36099,0.3,0.4
2,q00180,security,7,0.479179,0.48378,0.605365,0.318097,0.571429,0.428571
2,q00181,procurement,10,0.525035,0.663437,0.429141,0.598395,0.4,0.5
2,q00182,procurement,5,0.36371,0.610348,0.0,0.66084,0.0,0.8
2,q00183,engineering,3,0.588003,0.549202,0.967468,0.463242,1.0,0.666667
2,q00184,facilities,5,0.482665,0.558279,0.50874,0.66014,0.4,0.6
2,q00185,security,7,0.469845,0.513726,0.518651,0.34451,0.428571,0.428571
2,q00186,finance,5,0.468644,0.557098,0.868795,0.956591,0.8,1.0
2,q00187,facilities,8,0.495306,0.595936,0.333259,0.692783,0.375,0.75
2,q00188,facilities,6,0.577763,0.611301,0.806914,0.827097,0.833333,0.833333
2,q00189,procurement,7,0.29382,0.406017,0.445959,0.7353,0.428571,0.714286
2,q00190,facilities,10,0.502327,0.610329,0.527106,0.699474,0.4,0.6
2,q00191,research,8,0.246843,0.372863,0.155938,0.341755,0.25,0.375
2,q00192,personnel,7,0.42027,0.516719,0.429249,0.338567,0.428571,0.428571
2,q00193,engineering,12,0.568897,0.649269,0.652371,0.627507,0.5,0.416667
2,q00194,logistics,6,0.227072,0.298171,0.549364,0.666427,0.5,0.666667
2,q00195,marketing,8,0.176929,0.351078,0.097852,0.695463,0.125,0.625
2,q00196,facilities,8,0.373462,0.460564,0.565443,0.279905,0.5,0.375
2,q00197,marketing,8,0.342368,0.441229,0.252943,0.502632,0.125,0.375
2,q00198,marketing,6,0.165765,0.316594,0.302602,0.467245,0.166667,0.666667
2,q00199,procurement,3,0.271905,0.441888,0.296082,0.650821,0.333333,0.666667
3,q00000,procurement,6,0.489001,0.661458,0.190921,0.672087,0.166667,0.666667
3,q00001,finance,15,0.429726,0.481219,0.598875,0.646856,0.333333,0.466667
3,q00002,procurement,12,0.273597,0.372069,0.069431,0.581082,0.083333,0.416667
3,q00003,personnel,14,0.417893,0.555483,0.425208,0.794883,0.214286,0.571429
3,q00004,logistics,9,0.348844,0.401547,0.435097,0.552515,0.444444,0.444444
3,q00005,legal,7,0.50268,0.626363,0.491772,0.818725,0.428571,0.857143
3,q00006,legal,9,0.429381,0.640894,0.336274,0.814218,0.222222,0.777778
3,q00007,legal,13,0.379958,0.507976,0.469,0.683538,0.230769,0.461538
3,q00008,personnel,10,0.309555,0.435034,0.069431,0.362111,0.1,0.3
3,q00009,legal,7,0.511503,0.683605,0.535018,0.720236,0.428571,0.714286
3,q00010,legal,7,0.478346,0.617334,0.445959,0.768591,0.428571,0.857143
3,q00011,legal,12,0.481518,0.709137,0.217261,0.542818,0.166667,0.416667
3,q00012,engineering,7,0.437947,0.581496,0.322632,0.405978,0.428571,0.571429
3,q00013,security,5,0.395892,0.612812,0.32704,0.577358,0.4,0.6
3,q00014,marketing,6,0.281957,0.346243,0.0,0.186553,0.0,0.333333
3,q00015,procurement,4,0.284814,0.469377,0.0,0.636682,0.0,0.5
3,q00016,procurement,12,0.299173,0.489299,0.278481,0.583433,0.25,0.416667
3,q00017,engineering,13,0.401003,0.437718,0.811556,0.561713,0.615385,0.461538
3,q00018,marketing,13,0.263569,0.279375,0.16422,0.397948,0.153846,0.384615
3,q00019,security,4,0.455476,0.573003,0.749528,0.520473,0.75,0.75
3,q00020,legal,11,0.414008,0.669735,0.195189,0.458412,0.181818,0.454545
3,q00021,engineering,11,0.44406,0.590825,0.522496,0.588467,0.363636,0.454545
3,q00022,procurement,9,0.240688,0.354213,0.0,0.325974,0.0,0.222222
3,q00023,facilities,16,0.429413,0.609171,0.757382,0.794883,0.4375,0.5
3,q00024,logistics,8,0.40482,0.505122,0.511252,0.469514,0.5,0.375
3,q00025,procurement,9,0.262664,0.358864,0.148297,0.678417,0.111111,0.777778
3,q00026,finance,9,0.387934,0.546714,0.201248,0.921651,0.222222,0.888889
3,q00027,research,11,0.423091,0.745702,0.388225,0.870125,0.363636,0.727273
3,q00028,personnel,7,0.33907,0.482299,0.079457,0.20425,0.142857,0.285714
3,q00029,logistics,9,0.352649,0.491008,0.408719,0.67285,0.555556,0.555556
3,q00030,logistics,6,0.445538,0.60256,0.238773,0.410392,0.333333,0.333333
3,q00031,security,7,0.345849,0.471935,0.229064,0.77248,0.285714,0.857143
3,q00032,facilities,6,0.441251,0.574107,0.303615,0.504311,0.5,0.666667
3,q00033,personnel,10,0.382507,0.625439,0.110046,0.567721,0.1,0.5
3,q00034,personnel,7,0.33907,0.482299,0.079457,0.20425,0.142857,0.285714
3,q00035,finance,9,0.396221,0.595592,0.201248,0.839314,0.222222,0.777778
3,q00036,marketing,8,0.27338,0.355941,0.28606,0.590178,0.25,0.5
3,q00037,engineering,10,0.394266,0.432875,0.627507,0.501749,0.5,0.4
3,q00038,research,7,0.408088,0.709824,0.524361,0.29181,0.714286,0.285714
3,q00039,procurement,8,0.352644,0.43218,0.187952,0.358626,0.25,0.375
3,q00040,marketing,6,0.260623,0.314192,0.20325,0.246762,0.333333,0.333333
3,q00041,legal,11,0.414008,0.669735,0.195189,0.458412,0.181818,0.454545
3,q00042,finance,9,0.396221,0.595592,0.201248,0.839314,0.222222,0.777778
3,q00043,marketing,10,0.394099,0.461292,0.148764,0.397672,0.2,0.4
3,q00044,security,8,0.467733,0.508527,0.488351,0.450691,0.375,0.5
3,q00045,facilities,11,0.522216,0.67362,0.233651,0.56489,0.181818,0.545455
3,q00046,finance,10,0.319739,0.469558,0.373269,0.498271,0.4,0.5
3,q00047,personnel,6,0.352687,0.575581,0.0,0.497863,0.0,0.5
3,q00048,personnel,10,0.289979,0.46109,0.217261,0.643404,0.2,0.6
3,q00049,research,10,0.177788,0.364425,0.0,0.469756,0.0,0.4
3,q00050,marketing,17,0.196251,0.289132,0.283713,0.648932,0.117647,0.294118
3,q00051,procurement,11,0.162058,0.353734,0.0,0.534177,0.0,0.545455
3,q00052,engineering,10,0.394266,0.432875,0.627507,0.501749,0.5,0.4
3,q00053,security,6,0.378626,0.400942,0.0,0.190921,0.0,0.166667
3,q00054,finance,5,0.375261,0.486263,0.300785,0.282634,0.4,0.4
3,q00055,engineering,10,0.361549,0.498608,0.65948,0.690648,0.6,0.6
3,q00056,procurement,11,0.174376,0.367317,0.066254,0.577149,0.090909,0.454545
3,q00057,finance,8,0.39709,0.520397,0.252943,0.578451,0.125,0.5
3,q00058,marketing,9,0.174739,0.320231,0.235046,0.302989,0.111111,0.222222
3,q00059,legal,12,0.565015,0.701798,0.31955,0.441285,0.333333,0.333333
3,q00060,finance,10,0.319739,0.469558,0.373269,0.498271,0.4,0.5
3,q00061,security,11,0.391908,0.581702,0.283713,0.519997,0.181818,0.363636
3,q00062,engineering,10,0.447226,0.537871,0.535254,0.503607,0.4,0.4
3,q00063,logistics,7,0.30339,0.445922,0.173428,0.683655,0.142857,0.571429
3,q00064,security,15,0.309381,0.555182,0.22784,0.563788,0.2,0.266667
3,q00065,marketing,10,0.317144,0.330521,0.60514,0.680905,0.5,0.6
3,q00066,marketing,6,0.254472,0.327558,0.0,0.0,0.0,0.0
3,q00067,personnel,10,0.304342,0.552833,0.205117,0.613653,0.2,0.5
3,q00068,finance,15,0.429332,0.529733,0.305235,0.710477,0.133333,0.533333
3,q00069,research,10,0.171432,0.328726,0.0,0.617284,0.0,0.5
3,q00070,logistics,10,0.337741,0.473496,0.444097,0.52633,0.3,0.5
3,q00071,engineering,17,0.422246,0.439439,0.800694,0.712552,0.411765,0.352941
3,q00072,logistics,8,0.40482,0.505122,0.511252,0.469514,0.5,0.375
3,q00073,logistics,12,0.38601,0.564003,0.094788,0.627409,0.083333,0.416667
3,q00074,legal,7,0.459999,0.553792,0.448304,0.677368,0.285714,0.571429
3,q00075,procurement,10,0.428569,0.614635,0.307015,0.381134,0.3,0.3
3,q00076,legal,7,0.511503,0.683605,0.535018,0.720236,0.428571,0.714286
3,q00077,research,7,0.281132,0.469562,0.106337,0.709037,0.142857,0.714286
3,q00078,finance,9,0.265084,0.474862,0.216241,0.482566,0.222222,0.444444
3,q00079,finance,7,0.452344,0.535779,0.299042,0.387378,0.428571,0.571429
3,q00080,research,11,0.423091,0.745702,0.388225,0.870125,0.363636,0.727273
3,q00081,facilities,9,0.412872,0.59027,0.568809,0.730493,0.444444,0.666667
3,q00082,legal,9,0.410386,0.482722,0.067943,0.602881,0.111111,0.666667
3,q00083,finance,7,0.452344,0.535779,0.299042,0.387378,0.428571,0.571429
3,q00084,engineering,9,0.36726,0.540383,0.325974,0.689629,0.222222,0.666667
3,q00085,security,7,0.345849,0.471935,0.229064,0.77248,0.285714,0.857143
3,q00086,procurement,16,0.332436,0.604389,0.154574,0.841493,0.125,0.5
3,q00087,marketing,10,0.323417,0.39291,0.605505,0.611019,0.5,0.5
3,q00088,personnel,10,0.289979,0.46109,0.217261,0.643404,0.2,0.6
3,q00089,research,7,0.392044,0.702758,0.440448,0.359221,0.571429,0.428571
3,q00090,facilities,12,0.435428,0.579595,0.43463,0.705808,0.416667,0.5
3,q00091,logistics,7,0.463948,0.545954,0.372789,0.248917,0.285714,0.428571
3,q00092,finance,7,0.333933,0.502047,0.229064,0.440448,0.285714,0.571429
3,q00093,finance,15,0.296892,0.432198,0.495459,0.778807,0.333333,0.466667
3,q00094,facilities,11,0.442109,0.615789,0.522496,0.777872,0.363636,0.636364
3,q00095,research,6,0.138117,0.294573,0.190921,0.601312,0.166667,0.5
3,q00096,security,15,0.369172,0.407567,0.561892,0.312049,0.4,0.2
3,q00097,logistics,12,0.38601,0.564003,0.094788,0.627409,0.083333,0.416667
3,q00098,research,8,0.273073,0.512167,0.300466,0.659319,0.375,0.625
3,q00099,finance,9,0.381576,0.537679,0.309981,0.923039,0.333333,0.888889
3,q00100,engineering,19,0.42462,0.486242,0.633199,0.632541,0.315789,0.263158
3,q00101,logistics,12,0.430217,0.595095,0.322272,0.488349,0.25,0.416667
3,q00102,legal,12,0.565015,0.701798,0.31955,0.441285,0.333333,0.333333
3,q00103,procurement,4,0.26502,0.411507,0.0,0.558508,0.0,0.5
3,q00104,legal,11,0.382942,0.601524,0.16422,0.416567,0.181818,0.454545
3,q00105,legal,7,0.459999,0.553792,0.448304,0.677368,0.285714,0.571429
3,q00106,facilities,13,0.450864,0.555068,0.469,0.889954,0.230769,0.692308
3,q00107,security,7,0.345849,0.471935,0.229064,0.77248,0.285714,0.857143
3,q00108,legal,9,0.376617,0.435895,0.219053,0.706798,0.222222,0.666667
3,q00109,procurement,8,0.32664,0.409733,0.108936,0.443492,0.125,0.5
3,q00110,finance,15,0.296892,0.432198,0.495459,0.778807,0.333333,0.466667
3,q00111,security,5,0.433026,0.659797,0.452214,0.629552,0.4,0.6
3,q00112,research,6,0.138117,0.294573,0.190921,0.601312,0.166667,0.5
3,q00113,security,10,0.339571,0.350154,0.248908,0.31488,0.2,0.2
3,q00114,logistics,10,0.267147,0.378428,0.138862,0.488829,0.1,0.4
3,q00115,security,8,0.336079,0.403494,0.0,0.526313,0.0,0.625
3,q00116,engineering,12,0.489992,0.570232,0.50171,0.652864,0.5,0.5
3,q00117,security,8,0.356076,0.492354,0.0,0.612642,0.0,0.625
3,q00118,legal,9,0.488966,0.577386,0.383343,0.31877,0.222222,0.222222
3,q00119,engineering,10,0.361549,0.498608,0.65948,0.690648,0.6,0.6
3,q00120,legal,7,0.394816,0.46982,0.499028,0.551129,0.428571,0.571429
3,q00121,research,10,0.310144,0.597377,0.147829,0.563788,0.2,0.4
3,q00122,engineering,13,0.488622,0.638262,0.566945,0.652864,0.384615,0.461538
3,q00123,procurement,10,0.427144,0.596771,0.195189,0.378501,0.2,0.3
3,q00124,research,12,0.331059,0.62285,0.456899,0.711618,0.333333,0.5
3,q00125,research,6,0.234017,0.43874,0.087472,0.468178,0.166667,0.666667
3,q00126,security,7,0.360804,0.4661,0.0,0.539929,0.0,0.428571
3,q00127,logistics,6,0.445538,0.60256,0.238773,0.410392,0.333333,0.333333
3,q00128,finance,7,0.351803,0.549241,0.173428,0.783582,0.142857,0.714286
3,q00129,finance,7,0.384278,0.57222,0.224152,0.739267,0.285714,0.714286
3,q00130,logistics,8,0.258444,0.42139,0.0,0.469514,0.0,0.375
3,q00131,engineering,19,0.489091,0.635963,0.722295,0.712552,0.315789,0.315789
3,q00132,marketing,17,0.145153,0.283689,0.57369,0.672239,0.294118,0.352941
3,q00133,logistics,7,0.30339,0.445922,0.173428,0.683655,0.142857,0.571429
3,q00134,engineering,9,0.372188,0.472544,0.2601,0.514622,0.333333,0.555556
3,q00135,logistics,9,0.348844,0.401547,0.435097,0.552515,0.444444,0.444444
3,q00136,research,11,0.42075,0.719596,0.478902,0.826333,0.363636,0.727273
3,q00137,procurement,9,0.234259,0.392485,0.0,0.436293,0.0,0.333333
3,q00138,research,6,0.308254,0.539961,0.590023,0.74091,0.666667,0.666667
3,q00139,legal,12,0.475602,0.65807,0.245731,0.586795,0.25,0.416667
3,q00140,marketing,10,0.252561,0.321485,0.378501,0.621697,0.3,0.6
3,q00141,personnel,14,0.487945,0.678884,0.498572,0.696918,0.285714,0.5
3,q00142,security,11,0.26831,0.461278,0.069431,0.465823,0.090909,0.363636
3,q00143,research,12,0.330005,0.617976,0.447932,0.870125,0.333333,0.666667
3,q00144,procurement,16,0.353652,0.618466,0.224006,0.765593,0.125,0.4375
3,q00145,personnel,6,0.448276,0.603748,0.117063,0.657153,0.166667,0.666667
3,q00146,logistics,8,0.179839,0.295969,0.243903,0.539003,0.25,0.375
3,q00147,research,10,0.177788,0.364425,0.0,0.469756,0.0,0.4
3,q00148,facilities,6,0.29357,0.537547,0.190921,0.882937,0.166667,0.833333
3,q00149,legal,12,0.565015,0.701798,0.31955,0.441285,0.333333,0.333333
3,q00150,marketing,6,0.32265,0.38177,0.0,0.09546,0.0,0.166667
3,q00151,logistics,13,0.407708,0.587162,0.366025,0.507238,0.307692,0.384615
3,q00152,security,16,0.445468,0.532361,0.61683,0.533358,0.3125,0.375
3,q00153,logistics,10,0.267147,0.378428,0.138862,0.488829,0.1,0.4
3,q00154,legal,13,0.412407,0.624216,0.532141,0.696162,0.307692,0.461538
3,q00155,legal,13,0.379958,0.507976,0.469,0.683538,0.230769,0.461538
3,q00156,procurement,12,0.299173,0.489299,0.278481,0.583433,0.25,0.416667
3,q00157,research,7,0.408088,0.709824,0.524361,0.29181,0.714286,0.285714
3,q00158,marketing,9,0.243389,0.299356,0.067943,0.235046,0.111111,0.111111
3,q00159,logistics,13,0.407708,0.587162,0.366025,0.507238,0.307692,0.384615
3,q00160,logistics,12,0.410858,0.61552,0.199306,0.572756,0.25,0.416667
3,q00161,marketing,10,0.276928,0.32748,0.283515,0.61683,0.3,0.5
3,q00162,personnel,13,0.3194,0.493411,0.252065,0.388526,0.230769,0.307692
3,q00163,security,16,0.377868,0.414633,0.544221,0.643404,0.3125,0.375
3,q00164,marketing,10,0.398582,0.48138,0.205117,0.485716,0.2,0.5
3,q00165,legal,7,0.511503,0.683605,0.535018,0.720236,0.428571,0.714286
3,q00166,engineering,19,0.42462,0.486242,0.633199,0.632541,0.315789,0.263158
3,q00167,personnel,7,0.33907,0.482299,0.079457,0.20425,0.142857,0.285714
3,q00168,procurement,8,0.254836,0.400442,0.235408,0.70942,0.25,0.625
3,q00169,procurement,8,0.386211,0.48933,0.235732,0.286583,0.25,0.375
3,q00170,research,12,0.330367,0.630232,0.368376,0.775337,0.333333,0.583333
3,q00171,marketing,10,0.145363,0.39609,0.069431,0.399569,0.1,0.3
3,q00172,engineering,8,0.42981,0.52344,0.593806,0.830105,0.625,0.75
3,q00173,personnel,6,0.473982,0.64544,0.195261,0.692405,0.333333,0.666667
3,q00174,security,4,0.505882,0.642304,0.787702,0.571619,0.75,0.75
3,q00175,logistics,14,0.384259,0.5489,0.535254,0.754269,0.285714,0.5
3,q00176,legal,8,0.349171,0.5841,0.126471,0.724797,0.125,0.75
3,q00177,logistics,14,0.332429,0.47843,0.493679,0.608618,0.285714,0.357143
3,q00178,security,9,0.436079,0.506274,0.639052,0.525435,0.555556,0.444444
3,q00179,research,10,0.177788,0.364425,0.0,0.469756,0.0,0.4
3,q00180,research,6,0.324229,0.547594,0.190921,0.584227,0.166667,0.5
3,q00181,research,8,0.287051,0.526343,0.159589,0.549831,0.125,0.5
3,q00182,security,7,0.46916,0.53723,0.489205,0.366502,0.571429,0.285714
3,q00183,personnel,13,0.3194,0.493411,0.252065,0.388526,0.230769,0.307692
3,q00184,security,4,0.469965,0.623626,0.753698,0.515485,0.75,0.75
3,q00185,legal,13,0.412407,0.624216,0.532141,0.696162,0.307692,0.461538
3,q00186,logistics,10,0.330199,0.471625,0.066254,0.554143,0.1,0.4
3,q00187,facilities,6,0.46046,0.609335,0.299749,0.550377,0.5,0.666667
3,q00188,logistics,12,0.410858,0.61552,0.199306,0.572756,0.25,0.416667
3,q00189,engineering,10,0.447226,0.537871,0.535254,0.503607,0.4,0.4
3,q00190,marketing,6,0.32265,0.38177,0.0,0.09546,0.0,0.166667
3,q00191,procurement,10,0.395794,0.547271,0.129875,0.511651,0.2,0.5
3,q00192,security,7,0.46916,0.53723,0.489205,0.366502,0.571429,0.285714
3,q00193,personnel,10,0.282252,0.503797,0.208294,0.608618,0.2,0.5
3,q00194,personnel,6,0.448276,0.603748,0.117063,0.657153,0.166667,0.666667
3,q00195,legal,13,0.412407,0.624216,0.532141,0.696162,0.307692,0.461538
3,q00196,legal,8,0.289372,0.490599,0.0,0.738908,0.0,0.75
3,q00197,finance,10,0.33584,0.472196,0.37567,0.470102,0.4,0.5
3,q00198,finance,10,0.29423,0.458628,0.220092,0.466277,0.1,0.4
3,q00199,personnel,11,0.372798,0.521671,0.18341,0.538886,0.181818,0.363636
4,q00000,facilities,12,0.342401,0.551306,0.627507,0.605985,0.416667,0.416667
4,q00001,facilities,12,0.473131,0.610996,0.580148,0.61852,0.416667,0.5
4,q00002,personnel,9,0.256032,0.532194,0.148297,0.367049,0.111111,0.333333
4,q00003,logistics,12,0.36683,0.492902,0.481535,0.506784,0.333333,0.333333
4,q00004,marketing,9,0.187056,0.312766,0.336274,0.169277,0.222222,0.222222
4,q00005,legal,12,0.437912,0.468677,0.243552,0.493216,0.25,0.5
4,q00006,procurement,10,0.350645,0.526914,0.217261,0.722295,0.2,0.6
4,q00007,security,9,0.289137,0.453068,0.117523,0.443496,0.111111,0.333333
4,q00008,procurement,16,0.321138,0.394013,0.500973,0.74167,0.25,0.4375
4,q00009,personnel,11,0.283216,0.579793,0.205117,0.678504,0.181818,0.545455
4,q00010,research,9,0.273529,0.61131,0.317469,0.485378,0.333333,0.444444
4,q00011,personnel,16,0.335539,0.53298,0.488645,0.690648,0.25,0.375
4,q00012,logistics,10,0.272818,0.457513,0.0,0.447932,0.0,0.4
4,q00013,marketing,6,0.277027,0.391015,0.302602,0.644824,0.166667,0.5
4,q00014,procurement,6,0.314324,0.383144,0.0,0.302602,0.0,0.166667
4,q00015,security,16,0.338891,0.473839,0.289523,0.383633,0.125,0.1875
4,q00016,marketing,12,0.336396,0.375667,0.078398,0.073364,0.083333,0.083333
4,q00017,personnel,9,0.201015,0.48307,0.0,0.436293,0.0,0.333333
4,q00018,engineering,13,0.458677,0.663792,0.538886,0.775239,0.307692,0.538462
4,q00019,marketing,6,0.227803,0.282092,0.0,0.662059,0.0,0.666667
4,q00020,marketing,13,0.396637,0.414023,0.407415,0.586116,0.307692,0.384615
4,q00021,marketing,14,0.253584,0.30918,0.353144,0.530263,0.214286,0.357143
4,q00022,logistics,11,0.423247,0.556092,0.144652,0.687017,0.181818,0.545455
4,q00023,security,13,0.281168,0.565247,0.078398,0.72733,0.076923,0.461538
4,q00024,research,14,0.36636,0.639527,0.396392,0.691128,0.214286,0.428571
4,q00025,finance,12,0.425983,0.56147,0.428385,0.751092,0.25,0.666667
4,q00026,procurement,18,0.207681,0.325711,0.205117,0.790951,0.111111,0.388889
4,q00027,finance,18,0.207591,0.517874,0.0,0.768227,0.0,0.388889
4,q00028,engineering,12,0.41322,0.476393,0.577149,0.538886,0.416667,0.333333
4,q00029,marketing,6,0.227803,0.282092,0.0,0.662059,0.0,0.666667
4,q00030,logistics,11,0.423247,0.556092,0.144652,0.687017,0.181818,0.545455
4,q00031,procurement,6,0.358276,0.564153,0.151301,0.198882,0.166667,0.333333
4,q00032,finance,17,0.284645,0.543498,0.069431,0.857981,0.058824,0.470588
4,q00033,logistics,15,0.326649,0.525063,0.144652,0.463926,0.133333,0.333333
4,q00034,facilities,20,0.397549,0.660607,0.62433,0.70974,0.3,0.35
4,q00035,security,14,0.429949,0.526438,0.684383,0.42884,0.428571,0.285714
4,q00036,personnel,16,0.361561,0.51208,0.139618,0.0,0.125,0.0
4,q00037,personnel,11,0.348112,0.510312,0.293456,0.554143,0.181818,0.363636
4,q00038,finance,13,0.289559,0.588382,0.110046,0.437352,0.076923,0.230769
4,q00039,legal,18,0.489144,0.601294,0.287626,0.848238,0.166667,0.444444
4,q00040,legal,9,0.374438,0.467462,0.154481,0.764168,0.222222,0.666667
4,q00041,legal,9,0.3922,0.55322,0.184954,0.771371,0.222222,0.666667
4,q00042,research,14,0.273447,0.567972,0.519997,0.716485,0.285714,0.5
4,q00043,personnel,12,0.390369,0.516302,0.204834,0.249664,0.166667,0.25
4,q00044,security,10,0.330646,0.463616,0.247031,0.431996,0.3,0.5
4,q00045,legal,12,0.376604,0.455443,0.208294,0.439389,0.166667,0.416667
4,q00046,logistics,11,0.34961,0.456037,0.199306,0.390927,0.272727,0.363636
4,q00047,personnel,9,0.302058,0.51681,0.249526,0.505065,0.222222,0.444444
4,q00048,marketing,9,0.241303,0.291318,0.067943,0.0,0.111111,0.0
4,q00049,legal,14,0.462785,0.556952,0.205117,0.457958,0.142857,0.357143
4,q00050,security,9,0.327852,0.467617,0.0,0.426717,0.0,0.333333
4,q00051,finance,13,0.289559,0.588382,0.110046,0.437352,0.076923,0.230769
4,q00052,finance,12,0.245054,0.474996,0.16422,0.712552,0.166667,0.5
4,q00053,marketing,15,0.15446,0.362427,0.371854,0.602052,0.2,0.333333
4,q00054,procurement,6,0.314324,0.383144,0.0,0.302602,0.0,0.166667
4,q00055,personnel,14,0.305997,0.530316,0.073364,0.224006,0.071429,0.142857
4,q00056,engineering,15,0.438045,0.481234,0.488547,0.499027,0.266667,0.4
4,q00057,procurement,16,0.280476,0.350958,0.444097,0.775337,0.1875,0.4375
4,q00058,legal,19,0.52025,0.721885,0.354245,0.671759,0.210526,0.315789
4,q00059,engineering,21,0.338181,0.372344,0.514284,0.705905,0.238095,0.285714
4,q00060,facilities,12,0.357539,0.586933,0.085143,0.67587,0.083333,0.5
4,q00061,procurement,4,0.234689,0.40285,0.0,0.775739,0.0,0.75
4,q00062,marketing,15,0.15446,0.362427,0.371854,0.602052,0.2,0.333333
4,q00063,research,14,0.36636,0.639527,0.396392,0.691128,0.214286,0.428571
4,q00064,research,9,0.333808,0.556319,0.232022,0.474271,0.222222,0.333333
4,q00065,facilities,14,0.372215,0.57392,0.643121,0.67587,0.428571,0.428571
4,q00066,logistics,13,0.486905,0.628079,0.188444,0.510716,0.153846,0.307692
4,q00067,legal,19,0.403271,0.596064,0.632541,0.532141,0.263158,0.210526
4,q00068,marketing,15,0.125542,0.312369,0.179477,0.494357,0.133333,0.266667
4,q00069,research,14,0.235825,0.536799,0.0,0.589428,0.0,0.357143
4,q00070,personnel,14,0.283341,0.466599,0.066254,0.163541,0.071429,0.142857
4,q00071,procurement,9,0.412133,0.61081,0.0,0.588401,0.0,0.555556
4,q00072,finance,13,0.331881,0.609431,0.220092,0.49118,0.076923,0.307692
4,q00073,logistics,9,0.266678,0.450369,0.0,0.559527,0.0,0.555556
4,q00074,marketing,15,0.125542,0.312369,0.179477,0.494357,0.133333,0.266667
4,q00075,research,14,0.315222,0.631267,0.469,0.796761,0.214286,0.5
4,q00076,engineering,15,0.274256,0.403858,0.526428,0.224006,0.333333,0.133333
4,q00077,security,17,0.428984,0.565005,0.567227,0.800694,0.294118,0.411765
4,q00078,marketing,9,0.194566,0.323893,0.148297,0.174653,0.111111,0.222222
4,q00079,marketing,16,0.242167,0.409452,0.085143,0.627409,0.0625,0.3125
4,q00080,personnel,16,0.354711,0.555364,0.363624,0.661831,0.25,0.375
4,q00081,engineering,20,0.316188,0.334409,0.64029,0.767027,0.35,0.35
4,q00082,finance,11,0.391392,0.61259,0.312049,0.570859,0.272727,0.545455
4,q00083,research,16,0.311339,0.704784,0.203239,0.718363,0.1875,0.375
4,q00084,engineering,16,0.371718,0.536098,0.154574,0.745302,0.125,0.4375
4,q00085,security,15,0.452579,0.59708,0.532141,0.655548,0.266667,0.4
4,q00086,marketing,13,0.404555,0.489834,0.429141,0.696162,0.307692,0.461538
4,q00087,marketing,10,0.209512,0.280832,0.0,0.31488,0.0,0.2
4,q00088,facilities,12,0.285091,0.549876,0.094788,0.640309,0.083333,0.5
4,q00089,security,16,0.338891,0.473839,0.289523,0.383633,0.125,0.1875
4,q00090,logistics,17,0.381991,0.601138,0.148764,0.691128,0.117647,0.352941
4,q00091,research,9,0.348591,0.584191,0.208451,0.436293,0.222222,0.333333
4,q00092,finance,18,0.392192,0.479605,0.21145,0.728086,0.166667,0.388889
4,q00093,security,13,0.366072,0.607142,0.0,0.712552,0.0,0.461538
4,q00094,procurement,16,0.285649,0.366926,0.532621,0.841493,0.25,0.5
4,q00095,marketing,10,0.206842,0.306296,0.0,0.138862,0.0,0.1
4,q00096,facilities,18,0.412119,0.53608,0.492006,0.44803,0.222222,0.222222
4,q00097,research,14,0.273447,0.567972,0.519997,0.716485,0.285714,0.5
4,q00098,marketing,17,0.326693,0.366684,0.437352,0.665291,0.176471,0.352941
4,q00099,security,9,0.322117,0.381868,0.074149,0.414623,0.111111,0.333333
4,q00100,engineering,12,0.410093,0.575202,0.784617,0.718363,0.583333,0.5
4,q00101,finance,18,0.207591,0.517874,0.0,0.768227,0.0,0.388889
4,q00102,finance,10,0.381464,0.552364,0.286692,0.617585,0.3,0.6
4,q00103,finance,18,0.207591,0.517874,0.0,0.768227,0.0,0.388889
4,q00104,marketing,12,0.113586,0.326673,0.138862,0.61225,0.083333,0.416667
4,q00105,personnel,16,0.307251,0.528743,0.168152,0.136985,0.125,0.125
4,q00106,personnel,14,0.305997,0.530316,0.073364,0.224006,0.071429,0.142857
4,q00107,logistics,11,0.295581,0.46581,0.220092,0.283713,0.090909,0.181818
4,q00108,logistics,10,0.246483,0.363252,0.138862,0.358954,0.1,0.2
4,q00109,engineering,12,0.377267,0.434718,0.680905,0.708441,0.5,0.5
4,q00110,security,15,0.325544,0.582826,0.215018,0.49829,0.2,0.266667
4,q00111,research,12,0.32701,0.471396,0.248908,0.399569,0.166667,0.25
4,q00112,research,15,0.366405,0.603512,0.0,0.29849,0.0,0.133333
4,q00113,logistics,15,0.260628,0.409244,0.110046,0.593361,0.066667,0.333333
4,q00114,engineering,21,0.415292,0.527625,0.508474,0.677273,0.238095,0.285714
4,q00115,research,16,0.306199,0.695733,0.078398,0.356596,0.0625,0.25
4,q00116,facilities,12,0.357539,0.586933,0.085143,0.67587,0.083333,0.5
4,q00117,engineering,20,0.397408,0.472711,0.602328,0.433055,0.3,0.25
4,q00118,procurement,14,0.209334,0.425765,0.138862,0.674936,0.071429,0.428571
4,q00119,procurement,7,0.219222,0.255054,0.0,0.097913,0.0,0.142857
4,q00120,engineering,16,0.320322,0.391109,0.21145,0.654722,0.1875,0.375
4,q00121,procurement,4,0.241137,0.406155,0.19519,0.363818,0.25,0.5
4,q00122,procurement,14,0.257199,0.291644,0.094788,0.066254,0.071429,0.071429
4,q00123,legal,17,0.464255,0.605165,0.217261,0.563788,0.117647,0.235294
4,q00124,research,16,0.23989,0.45869,0.243098,0.665291,0.1875,0.375
4,q00125,security,14,0.379874,0.623907,0.242618,0.513508,0.214286,0.357143
4,q00126,legal,14,0.533586,0.674306,0.583618,0.770204,0.357143,0.5
4,q00127,security,15,0.4332,0.511356,0.449887,0.547398,0.266667,0.266667
4,q00128,procurement,7,0.170134,0.350801,0.091625,0.491172,0.142857,0.428571
4,q00129,facilities,14,0.351918,0.589554,0.413108,0.58875,0.357143,0.357143
4,q00130,logistics,10,0.200445,0.348376,0.069431,0.293456,0.1,0.2
4,q00131,procurement,4,0.234689,0.40285,0.0,0.775739,0.0,0.75
4,q00132,legal,5,0.354761,0.510262,0.113053,0.290391,0.2,0.4
4,q00133,procurement,10,0.350645,0.526914,0.217261,0.722295,0.2,0.6
4,q00134,engineering,5,0.425071,0.572206,0.452214,0.786449,0.4,0.8
4,q00135,procurement,14,0.360497,0.536318,0.205117,0.603262,0.142857,0.428571
4,q00136,marketing,15,0.20786,0.308315,0.151762,0.425208,0.133333,0.2
4,q00137,marketing,10,0.273482,0.360255,0.0,0.1763,0.0,0.2
4,q00138,logistics,18,0.407398,0.582268,0.173667,0.72733,0.111111,0.333333
4,q00139,engineering,12,0.356867,0.471382,0.469454,0.72733,0.333333,0.5
4,q00140,legal,17,0.483051,0.656347,0.179477,0.699474,0.117647,0.352941
4,q00141,personnel,12,0.390369,0.516302,0.204834,0.249664,0.166667,0.25
4,q00142,personnel,9,0.256032,0.532194,0.148297,0.367049,0.111111,0.333333
4,q00143,marketing,13,0.396637,0.414023,0.407415,0.586116,0.307692,0.384615
4,q00144,facilities,11,0.42106,0.59179,0.312529,0.31488,0.272727,0.181818
4,q00145,procurement,14,0.209334,0.425765,0.138862,0.674936,0.071429,0.428571
4,q00146,security,14,0.409074,0.642264,0.151397,0.501729,0.142857,0.357143
4,q00147,personnel,9,0.294179,0.527246,0.0,0.457491,0.0,0.333333
4,q00148,engineering,16,0.385895,0.537218,0.179477,0.718342,0.125,0.4375
4,q00149,personnel,11,0.283216,0.579793,0.205117,0.678504,0.181818,0.545455
4,q00150,security,12,0.223077,0.279696,0.367921,0.303082,0.25,0.25
4,q00151,engineering,12,0.356867,0.471382,0.469454,0.72733,0.333333,0.5
4,q00152,engineering,20,0.422751,0.641159,0.848238,0.747935,0.4,0.35
4,q00153,research,15,0.352927,0.707106,0.371489,0.49118,0.2,0.266667
4,q00154,logistics,18,0.354378,0.496175,0.078398,0.388225,0.055556,0.222222
4,q00155,personnel,14,0.358629,0.598863,0.229796,0.718363,0.214286,0.428571
4,q00156,marketing,12,0.336396,0.375667,0.078398,0.073364,0.083333,0.083333
4,q00157,finance,18,0.351,0.529832,0.271088,0.870125,0.166667,0.444444
4,q00158,logistics,11,0.423247,0.556092,0.144652,0.687017,0.181818,0.545455
4,q00159,marketing,12,0.233385,0.339354,0.233651,0.437352,0.166667,0.25
4,q00160,personnel,9,0.303109,0.578674,0.336274,0.527946,0.222222,0.444444
4,q00161,legal,18,0.516627,0.670756,0.163541,0.921602,0.111111,0.5
4,q00162,finance,15,0.300704,0.597391,0.0,0.753449,0.0,0.466667
4,q00163,research,15,0.352927,0.707106,0.371489,0.49118,0.2,0.266667
4,q00164,marketing,14,0.237139,0.325298,0.286346,0.601572,0.142857,0.357143
4,q00165,personnel,15,0.377235,0.522094,0.481881,0.708441,0.333333,0.4
4,q00166,procurement,14,0.284441,0.362446,0.138862,0.469454,0.071429,0.285714
4,q00167,facilities,12,0.342401,0.551306,0.627507,0.605985,0.416667,0.416667
4,q00168,engineering,14,0.386928,0.534943,0.693663,0.784617,0.428571,0.5
4,q00169,procurement,16,0.321138,0.394013,0.500973,0.74167,0.25,0.4375
4,q00170,finance,17,0.235684,0.458521,0.129875,0.851236,0.117647,0.470588
4,q00171,finance,11,0.408279,0.566165,0.469,0.678049,0.272727,0.545455
4,q00172,security,12,0.223077,0.279696,0.367921,0.303082,0.25,0.25
4,q00173,procurement,17,0.259025,0.367525,0.069431,0.586116,0.058824,0.294118
4,q00174,engineering,5,0.425071,0.572206,0.452214,0.786449,0.4,0.8
4,q00175,security,17,0.376193,0.426599,0.318319,0.791727,0.235294,0.411765
4,q00176,legal,14,0.516535,0.663719,0.617764,0.510716,0.357143,0.285714
4,q00177,procurement,16,0.280476,0.350958,0.444097,0.775337,0.1875,0.4375
4,q00178,legal,19,0.403271,0.596064,0.632541,0.532141,0.263158,0.210526
4,q00179,legal,10,0.411535,0.624182,0.286346,0.611019,0.2,0.5
4,q00180,legal,10,0.393679,0.559857,0.208294,0.57369,0.2,0.5
4,q00181,facilities,17,0.304696,0.563137,0.397192,0.926636,0.235294,0.529412
4,q00182,logistics,14,0.47124,0.579451,0.310171,0.690194,0.285714,0.428571
4,q00183,research,14,0.273447,0.567972,0.519997,0.716485,0.285714,0.5
4,q00184,marketing,15,0.20786,0.308315,0.151762,0.425208,0.133333,0.2
4,q00185,marketing,16,0.232626,0.29342,0.110046,0.457675,0.0625,0.25
4,q00186,marketing,13,0.204426,0.214114,0.459533,0.248908,0.307692,0.153846
4,q00187,engineering,20,0.422751,0.641159,0.848238,0.747935,0.4,0.35
4,q00188,research,14,0.351831,0.615538,0.220092,0.611019,0.071429,0.357143
4,q00189,finance,19,0.297763,0.536118,0.57369,1.0,0.263158,0.526316
4,q00190,security,16,0.338891,0.473839,0.289523,0.383633,0.125,0.1875
4,q00191,legal,18,0.489144,0.601294,0.287626,0.848238,0.166667,0.444444
4,q00192,research,14,0.2778,0.574368,0.220092,0.785916,0.071429,0.5
4,q00193,marketing,12,0.396314,0.495823,0.154574,0.151397,0.166667,0.166667
4,q00194,security,22,0.357433,0.457904,0.469,0.278481,0.136364,0.136364
4,q00195,research,18,0.326276,0.519475,0.428385,0.765593,0.166667,0.388889
4,q00196,logistics,6,0.357093,0.43445,0.286381,0.602351,0.333333,0.666667
4,q00197,research,15,0.366405,0.603512,0.0,0.29849,0.0,0.133333
4,q00198,legal,14,0.437616,0.653873,0.289523,0.538886,0.142857,0.285714
4,q00199,engineering,12,0.304603,0.531318,0.473387,0.621697,0.333333,0.5
5,q00000,finance,11,0.299717,0.600298,0.217261,0.698796,0.181818,0.545455
5,q00001,marketing,18,0.110308,0.26822,0.138862,0.61225,0.055556,0.277778
5,q00002,logistics,25,0.424677,0.617653,0.163541,0.725735,0.08,0.28
5,q00003,facilities,14,0.400227,0.576205,0.129875,0.643404,0.142857,0.428571
5,q00004,legal,14,0.341953,0.548593,0.0,0.391382,0.0,0.357143
5,q00005,procurement,14,0.271499,0.45685,0.233651,0.718363,0.142857,0.428571
5,q00006,facilities,19,0.413485,0.54399,0.286692,0.626731,0.157895,0.315789
5,q00007,finance,18,0.310652,0.627507,0.315163,0.469737,0.166667,0.277778
5,q00008,engineering,14,0.270233,0.43415,0.864315,0.652371,0.571429,0.428571
5,q00009,security,19,0.339662,0.418804,0.407317,0.506784,0.210526,0.210526
5,q00010,procurement,11,0.352338,0.569727,0.110046,0.356879,0.090909,0.363636
5,q00011,logistics,18,0.285317,0.527706,0.138862,0.661831,0.055556,0.333333
5,q00012,facilities,13,0.435857,0.573793,0.541588,0.447932,0.384615,0.307692
5,q00013,security,17,0.381951,0.583282,0.224006,0.368658,0.117647,0.235294
5,q00014,procurement,17,0.303548,0.464959,0.0,0.439389,0.0,0.294118
5,q00015,facilities,23,0.342616,0.549699,0.293456,0.936379,0.086957,0.391304
5,q00016,marketing,19,0.21458,0.270776,0.29849,0.628511,0.105263,0.368421
5,q00017,personnel,20,0.228706,0.489746,0.422575,0.532141,0.15,0.2
5,q00018,logistics,16,0.336338,0.573295,0.0,0.576971,0.0,0.3125
5,q00019,procurement,20,0.272702,0.380506,0.220092,0.637152,0.05,0.25
5,q00020,research,13,0.327523,0.534941,0.133052,0.623574,0.153846,0.384615
5,q00021,personnel,13,0.264913,0.56107,0.257875,0.554143,0.230769,0.307692
5,q00022,legal,27,0.398091,0.557011,0.364744,0.870125,0.111111,0.296296
5,q00023,procurement,16,0.255778,0.346064,0.220092,0.44222,0.0625,0.25
5,q00024,legal,13,0.349179,0.572048,0.532141,0.72733,0.307692,0.461538
5,q00025,research,15,0.294465,0.7457,0.073364,0.841493,0.066667,0.533333
5,q00026,marketing,13,0.3409,0.438255,0.0,0.371854,0.0,0.230769
5,q00027,logistics,16,0.372917,0.551561,0.069431,0.665193,0.0625,0.375
5,q00028,research,23,0.243722,0.539376,0.274265,0.777872,0.130435,0.304348
5,q00029,legal,18,0.354494,0.628929,0.110046,0.718363,0.055556,0.333333
5,q00030,security,9,0.365428,0.429805,0.235046,0.249526,0.111111,0.222222
5,q00031,facilities,12,0.345803,0.626055,0.290625,0.233651,0.25,0.166667
5,q00032,personnel,13,0.325121,0.53632,0.388244,0.60514,0.230769,0.384615
5,q00033,security,19,0.378865,0.529816,0.407317,0.61683,0.210526,0.263158
5,q00034,procurement,13,0.340546,0.592736,0.358954,0.49829,0.153846,0.307692
5,q00035,legal,10,0.482582,0.686455,0.202483,0.586795,0.2,0.5
5,q00036,facilities,12,0.345803,0.626055,0.290625,0.233651,0.25,0.166667
5,q00037,marketing,15,0.175329,0.26339,0.29849,0.063621,0.133333,0.066667
5,q00038,research,15,0.277568,0.718741,0.073364,0.791727,0.066667,0.466667
5,q00039,personnel,19,0.356049,0.587865,0.444097,0.914857,0.157895,0.473684
5,q00040,procurement,11,0.339147,0.431628,0.283233,0.538886,0.272727,0.363636
5,q00041,logistics,18,0.285317,0.527706,0.138862,0.661831,0.055556,0.333333
5,q00042,engineering,15,0.26553,0.46922,0.432318,0.657899,0.2,0.4
5,q00043,logistics,16,0.271323,0.391392,0.275847,0.179931,0.1875,0.125
5,q00044,logistics,18,0.25046,0.435368,0.133052,0.49829,0.111111,0.222222
5,q00045,security,17,0.31439,0.592766,0.283713,0.353598,0.117647,0.235294
5,q00046,logistics,14,0.237997,0.371419,0.305235,0.703407,0.142857,0.428571
5,q00047,research,16,0.371243,0.557758,0.554143,0.863015,0.25,0.5
5,q00048,marketing,15,0.175329,0.26339,0.29849,0.063621,0.133333,0.066667
5,q00049,finance,20,0.246169,0.523998,0.481535,0.826813,0.2,0.4
5,q00050,personnel,17,0.288764,0.602057,0.144652,0.838957,0.117647,0.470588
5,q00051,procurement,18,0.208109,0.270698,0.085143,0.358954,0.055556,0.111111
5,q00052,engineering,22,0.363041,0.432601,0.591927,0.861138,0.227273,0.409091
5,q00053,legal,20,0.386824,0.524175,0.212226,0.746705,0.1,0.35
5,q00054,procurement,18,0.149378,0.321285,0.073364,0.539987,0.055556,0.333333
5,q00055,security,12,0.266344,0.380088,0.138862,0.066254,0.083333,0.083333
5,q00056,marketing,19,0.21458,0.270776,0.29849,0.628511,0.105263,0.368421
5,q00057,finance,18,0.397218,0.467795,0.343697,0.742125,0.166667,0.388889
5,q00058,procurement,16,0.199822,0.374682,0.29849,0.424926,0.125,0.1875
5,q00059,research,15,0.312812,0.721261,0.347629,0.404238,0.266667,0.333333
5,q00060,finance,14,0.273584,0.537105,0.29849,0.620397,0.142857,0.357143
5,q00061,research,15,0.240007,0.652281,0.567227,0.703407,0.333333,0.4
5,q00062,procurement,13,0.319354,0.519609,0.371854,0.275847,0.230769,0.230769
5,q00063,facilities,21,0.431785,0.57725,0.313285,0.542364,0.190476,0.190476
5,q00064,legal,15,0.397689,0.680024,0.362887,0.851236,0.2,0.533333
5,q00065,facilities,21,0.431785,0.57725,0.313285,0.542364,0.190476,0.190476
5,q00066,facilities,21,0.303196,0.539624,0.632541,0.860382,0.238095,0.380952
5,q00067,engineering,20,0.402516,0.569197,0.778807,0.523251,0.35,0.25
5,q00068,research,15,0.327733,0.728824,0.60514,0.718363,0.333333,0.4
5,q00069,engineering,21,0.316434,0.354928,0.576669,0.930569,0.285714,0.428571
5,q00070,procurement,13,0.319354,0.519609,0.371854,0.275847,0.230769,0.230769
5,q00071,research,19,0.322162,0.649141,0.399569,0.547398,0.157895,0.210526
5,q00072,facilities,13,0.311295,0.558798,0.577149,0.239441,0.384615,0.230769
5,q00073,procurement,11,0.303021,0.511374,0.147829,0.574337,0.181818,0.454545
5,q00074,personnel,13,0.369977,0.600713,0.161043,0.538886,0.153846,0.307692
5,q00075,procurement,17,0.202845,0.386977,0.428385,0.725452,0.176471,0.411765
5,q00076,security,22,0.223147,0.433711,0.305235,0.563788,0.090909,0.181818
5,q00077,legal,20,0.40216,0.585078,0.56311,0.860382,0.25,0.4
5,q00078,engineering,10,0.314523,0.438401,0.248908,0.305235,0.2,0.2
5,q00079,legal,14,0.358586,0.600586,0.0,0.543101,0.0,0.428571
5,q00080,personnel,19,0.356049,0.587865,0.444097,0.914857,0.157895,0.473684
5,q00081,finance,20,0.211834,0.472946,0.403502,0.831848,0.15,0.4
5,q00082,legal,15,0.434528,0.712777,0.0,0.287448,0.0,0.266667
5,q00083,security,19,0.339662,0.418804,0.407317,0.506784,0.210526,0.210526
5,q00084,finance,21,0.332332,0.534487,0.355777,0.861138,0.142857,0.428571
5,q00085,personnel,16,0.419629,0.652234,0.305235,0.312049,0.125,0.1875
5,q00086,legal,13,0.349179,0.572048,0.532141,0.72733,0.307692,0.461538
5,q00087,research,16,0.329491,0.581029,0.522496,0.781984,0.25,0.4375
5,q00088,marketing,15,0.147028,0.275795,0.161043,0.302404,0.133333,0.2
5,q00089,research,13,0.301598,0.490057,0.399569,0.680905,0.230769,0.461538
5,q00090,personnel,23,0.368521,0.642881,0.408536,0.787774,0.130435,0.347826
5,q00091,engineering,15,0.300473,0.325733,0.352664,0.756448,0.266667,0.466667
5,q00092,procurement,11,0.366257,0.573163,0.078398,0.36099,0.090909,0.363636
5,q00093,personnel,20,0.228706,0.489746,0.422575,0.532141,0.15,0.2
5,q00094,security,19,0.378865,0.529816,0.407317,0.61683,0.210526,0.263158
5,q00095,marketing,18,0.310931,0.365492,0.135685,0.451865,0.111111,0.222222
5,q00096,facilities,22,0.383168,0.599988,0.678504,0.696918,0.272727,0.318182
5,q00097,finance,20,0.246169,0.523998,0.481535,0.826813,0.2,0.4
5,q00098,finance,21,0.190738,0.468146,0.218016,0.77216,0.142857,0.333333
5,q00099,personnel,13,0.322744,0.599487,0.268737,0.42884,0.230769,0.307692
5,q00100,facilities,17,0.336608,0.617655,0.393758,0.705808,0.176471,0.352941
5,q00101,legal,9,0.427773,0.500329,0.117523,0.56292,0.111111,0.444444
5,q00102,legal,13,0.368912,0.517431,0.522496,0.779171,0.307692,0.538462
5,q00103,procurement,17,0.225175,0.389439,0.403502,0.672239,0.176471,0.352941
5,q00104,logistics,13,0.378885,0.596715,0.110046,0.770204,0.076923,0.538462
5,q00105,facilities,14,0.336562,0.574244,0.0,0.453064,0.0,0.285714
5,q00106,research,23,0.276882,0.608244,0.139618,0.769526,0.086957,0.304348
5,q00107,legal,20,0.427329,0.665777,0.371854,0.933746,0.15,0.45
5,q00108,legal,15,0.36108,0.445619,0.208294,0.706563,0.133333,0.466667
5,q00109,facilities,12,0.347598,0.616825,0.297272,0.208294,0.25,0.166667
5,q00110,finance,21,0.190738,0.468146,0.218016,0.77216,0.142857,0.333333
5,q00111,security,17,0.360223,0.438269,0.078398,0.435456,0.058824,0.294118
5,q00112,engineering,15,0.392324,0.467855,0.343697,0.498572,0.2,0.266667
5,q00113,logistics,14,0.237997,0.371419,0.305235,0.703407,0.142857,0.428571
5,q00114,security,28,0.27326,0.375362,0.444853,0.930569,0.142857,0.321429
5,q00115,facilities,21,0.37106,0.593356,0.312805,0.641046,0.190476,0.380952
5,q00116,research,26,0.216525,0.446704,0.239921,0.678504,0.115385,0.230769
5,q00117,research,16,0.143589,0.319833,0.188444,0.684018,0.125,0.375
5,q00118,facilities,13,0.336785,0.5525,0.605505,0.367459,0.384615,0.384615
5,q00119,personnel,18,0.303543,0.456294,0.188444,0.419852,0.111111,0.277778
5,q00120,legal,18,0.377197,0.697595,0.205117,0.775337,0.111111,0.388889
5,q00121,security,22,0.223147,0.433711,0.305235,0.563788,0.090909,0.181818
5,q00122,legal,16,0.292526,0.492856,0.330138,0.78855,0.125,0.4375
5,q00123,security,12,0.219447,0.279482,0.142019,0.063621,0.166667,0.083333
5,q00124,finance,18,0.381372,0.53298,0.248908,0.768227,0.111111,0.388889
5,q00125,finance,17,0.259569,0.443298,0.073364,0.583433,0.058824,0.294118
5,q00126,personnel,20,0.261046,0.441823,0.31488,0.403502,0.1,0.15
5,q00127,marketing,20,0.354591,0.382813,0.085143,0.691128,0.05,0.3
5,q00128,facilities,14,0.336562,0.574244,0.0,0.453064,0.0,0.285714
5,q00129,engineering,20,0.344643,0.435508,0.705808,0.708441,0.3,0.3
5,q00130,legal,20,0.464486,0.669587,0.426962,0.848603,0.25,0.4
5,q00131,engineering,15,0.392324,0.467855,0.343697,0.498572,0.2,0.266667
5,q00132,procurement,17,0.365043,0.669223,0.252065,0.852171,0.176471,0.470588
5,q00133,marketing,18,0.083658,0.217348,0.0,0.437352,0.0,0.166667
5,q00134,research,15,0.277568,0.718741,0.073364,0.791727,0.066667,0.466667
5,q00135,engineering,16,0.404582,0.619937,0.936379,0.488645,0.5625,0.25
5,q00136,procurement,11,0.303021,0.511374,0.147829,0.574337,0.181818,0.454545
5,q00137,marketing,16,0.252326,0.382048,0.293456,0.605985,0.125,0.3125
5,q00138,security,17,0.360223,0.438269,0.078398,0.435456,0.058824,0.294118
5,q00139,finance,15,0.316082,0.500733,0.220092,0.318794,0.066667,0.2
5,q00140,engineering,15,0.344876,0.511811,0.542364,0.571635,0.266667,0.4
5,q00141,finance,17,0.329222,0.528453,0.085143,0.495939,0.058824,0.235294
5,q00142,personnel,16,0.369031,0.529174,0.136985,0.158507,0.125,0.125
5,q00143,marketing,19,0.21458,0.270776,0.29849,0.628511,0.105263,0.368421
5,q00144,legal,9,0.427773,0.500329,0.117523,0.56292,0.111111,0.444444
5,q00145,finance,11,0.238794,0.525595,0.212226,0.722295,0.181818,0.545455
5,q00146,facilities,19,0.413485,0.54399,0.286692,0.626731,0.157895,0.315789
5,q00147,facilities,12,0.345803,0.626055,0.290625,0.233651,0.25,0.166667
5,q00148,security,12,0.126988,0.265191,0.305235,0.110046,0.166667,0.083333
5,q00149,engineering,17,0.389121,0.62075,0.668761,0.848238,0.352941,0.470588
5,q00150,personnel,13,0.325121,0.53632,0.388244,0.60514,0.230769,0.384615
5,q00151,procurement,13,0.340546,0.592736,0.358954,0.49829,0.153846,0.307692
5,q00152,finance,21,0.345806,0.551206,0.388244,0.861138,0.142857,0.428571
5,q00153,facilities,22,0.383168,0.599988,0.678504,0.696918,0.272727,0.318182
5,q00154,facilities,22,0.383168,0.599988,0.678504,0.696918,0.272727,0.318182
5,q00155,procurement,16,0.232134,0.289221,0.0,0.0,0.0,0.0
5,q00156,marketing,21,0.38535,0.506286,0.393758,0.779171,0.142857,0.333333
5,q00157,finance,12,0.242446,0.535424,0.066254,0.642942,0.083333,0.5
5,q00158,personnel,23,0.394371,0.575304,0.403483,0.852171,0.173913,0.347826
5,q00159,procurement,16,0.232134,0.289221,0.0,0.0,0.0,0.0
5,q00160,procurement,20,0.272702,0.380506,0.220092,0.637152,0.05,0.25
5,q00161,research,26,0.22501,0.465916,0.147829,0.46319,0.076923,0.153846
5,q00162,logistics,18,0.352208,0.564146,0.0,0.580148,0.0,0.277778
5,q00163,personnel,13,0.325207,0.529949,0.151762,0.570404,0.153846,0.384615
5,q00164,legal,13,0.368912,0.517431,0.522496,0.779171,0.307692,0.538462
5,q00165,finance,21,0.225715,0.512328,0.283515,0.658181,0.142857,0.285714
5,q00166,logistics,18,0.394825,0.543374,0.229796,0.488829,0.166667,0.222222
5,q00167,marketing,16,0.261928,0.320786,0.063621,0.16422,0.0625,0.125
5,q00168,facilities,13,0.311295,0.558798,0.577149,0.239441,0.384615,0.230769
5,q00169,logistics,16,0.372917,0.551561,0.069431,0.665193,0.0625,0.375
5,q00170,legal,15,0.335004,0.482095,0.224006,0.831848,0.133333,0.533333
5,q00171,finance,21,0.190738,0.468146,0.218016,0.77216,0.142857,0.333333
5,q00172,security,17,0.277832,0.53678,0.29849,0.356232,0.117647,0.235294
5,q00173,engineering,14,0.355725,0.533853,0.459533,0.760079,0.285714,0.5
5,q00174,legal,10,0.482582,0.686455,0.202483,0.586795,0.2,0.5
5,q00175,engineering,15,0.329476,0.412972,0.642187,0.779171,0.333333,0.466667
5,q00176,finance,11,0.299717,0.600298,0.217261,0.698796,0.181818,0.545455
5,q00177,logistics,16,0.384972,0.45019,0.0,0.470556,0.0,0.3125
5,q00178,engineering,13,0.443289,0.485278,0.577425,0.517363,0.538462,0.307692
5,q00179,procurement,16,0.196704,0.401785,0.151397,0.50536,0.125,0.375
5,q00180,engineering,15,0.392324,0.467855,0.343697,0.498572,0.2,0.266667
5,q00181,engineering,17,0.33272,0.444592,0.681206,0.606722,0.411765,0.411765
5,q00182,finance,14,0.394939,0.512494,0.358954,0.658181,0.142857,0.428571
5,q00183,legal,9,0.415491,0.553698,0.235046,0.484571,0.111111,0.333333
5,q00184,facilities,21,0.431785,0.57725,0.313285,0.542364,0.190476,0.190476
5,q00185,engineering,23,0.400534,0.403527,0.545521,0.60514,0.217391,0.217391
5,q00186,personnel,9,0.322575,0.580335,0.249526,0.680443,0.222222,0.555556
5,q00187,finance,20,0.211834,0.472946,0.403502,0.831848,0.15,0.4
5,q00188,legal,16,0.418286,0.552624,0.138862,0.422575,0.0625,0.1875
5,q00189,finance,18,0.313651,0.556583,0.388244,0.683538,0.166667,0.333333
5,q00190,security,19,0.378865,0.529816,0.407317,0.61683,0.210526,0.263158
5,q00191,logistics,19,0.25431,0.397989,0.199306,0.620397,0.157895,0.263158
5,q00192,engineering,16,0.342109,0.556715,0.671759,0.772838,0.375,0.4375
5,q00193,engineering,14,0.315252,0.394948,0.589428,0.804811,0.357143,0.571429
5,q00194,research,15,0.277568,0.718741,0.073364,0.791727,0.066667,0.466667
5,q00195,procurement,18,0.149378,0.321285,0.073364,0.539987,0.055556,0.333333
5,q00196,engineering,14,0.358535,0.388817,0.762416,0.281637,0.5,0.285714
5,q00197,legal,27,0.428181,0.62016,0.158507,0.933746,0.074074,0.333333
5,q00198,procurement,13,0.354927,0.583848,0.358954,0.416382,0.153846,0.384615
5,q00199,research,13,0.327523,0.534941,0.133052,0.623574,0.153846,0.384615
7,q00000,finance,24,0.243967,0.439992,0.248908,1.0,0.083333,0.416667
7,q00001,marketing,31,0.373932,0.372365,0.350313,0.349487,0.129032,0.129032
7,q00002,finance,28,0.290128,0.476063,0.297369,0.848238,0.107143,0.285714
7,q00003,logistics,27,0.15915,0.27031,0.220092,0.463446,0.037037,0.185185
7,q00004,finance,24,0.322917,0.54422,0.234407,0.936379,0.125,0.375
7,q00005,security,20,0.145611,0.581207,0.0,0.220829,0.0,0.15
7,q00006,security,19,0.139549,0.475831,0.18341,0.554143,0.105263,0.210526
7,q00007,finance,24,0.244324,0.500336,0.327307,0.933746,0.125,0.375
7,q00008,engineering,23,0.238103,0.464609,0.564525,0.715551,0.26087,0.26087
7,q00009,research,21,0.23533,0.298603,0.208294,0.424926,0.095238,0.142857
7,q00010,engineering,24,0.359906,0.568806,0.397192,0.866948,0.166667,0.333333
7,q00011,finance,26,0.347603,0.496394,0.510352,0.921602,0.153846,0.346154
7,q00012,facilities,21,0.410837,0.546435,0.163541,0.930569,0.095238,0.428571
7,q00013,personnel,27,0.153685,0.526888,0.138862,0.763193,0.037037,0.259259
7,q00014,research,21,0.166583,0.456542,0.305235,0.523174,0.095238,0.190476
7,q00015,procurement,18,0.302207,0.391886,0.0,0.519997,0.0,0.222222
7,q00016,legal,27,0.318438,0.512418,0.46271,0.747159,0.148148,0.259259
7,q00017,logistics,25,0.427334,0.647514,0.073364,0.596517,0.04,0.24
7,q00018,research,31,0.205866,0.367765,0.0,0.70974,0.0,0.225806
7,q00019,logistics,25,0.367035,0.610552,0.0,0.495094,0.0,0.2
7,q00020,finance,27,0.169156,0.489269,0.388526,0.848603,0.148148,0.296296
7,q00021,personnel,22,0.231056,0.527178,0.519319,0.687017,0.227273,0.272727
7,q00022,facilities,25,0.335298,0.611069,0.217261,0.684018,0.08,0.24
7,q00023,engineering,17,0.238707,0.528728,0.632541,0.784982,0.294118,0.411765
7,q00024,marketing,20,0.397043,0.478467,0.202483,0.647054,0.1,0.3
7,q00025,procurement,27,0.361795,0.604808,0.18341,0.921602,0.074074,0.333333
7,q00026,procurement,20,0.161888,0.364847,0.450566,0.136985,0.2,0.1
7,q00027,research,22,0.211854,0.717193,0.728086,0.400023,0.318182,0.136364
7,q00028,security,23,0.114142,0.471307,0.0,0.229796,0.0,0.130435
7,q00029,procurement,20,0.113324,0.304299,0.0,0.61683,0.0,0.25
7,q00030,personnel,24,0.219309,0.564835,0.321496,0.561911,0.166667,0.208333
7,q00031,logistics,25,0.307016,0.43567,0.094788,0.715551,0.04,0.24
7,q00032,finance,27,0.204278,0.518934,0.359691,1.0,0.148148,0.37037
7,q00033,facilities,14,0.231252,0.54135,0.0,0.454498,0.0,0.285714
7,q00034,procurement,30,0.246173,0.44194,0.330138,0.841591,0.066667,0.266667
7,q00035,finance,28,0.315493,0.552355,0.274265,0.767027,0.107143,0.25
7,q00036,logistics,21,0.416035,0.59006,0.0,0.648932,0.0,0.238095
7,q00037,marketing,21,0.128938,0.25909,0.357076,0.158409,0.142857,0.095238
7,q00038,finance,22,0.247997,0.478398,0.25881,0.684837,0.136364,0.318182
7,q00039,logistics,26,0.3362,0.513385,0.296593,0.687951,0.153846,0.269231
7,q00040,finance,26,0.347603,0.496394,0.510352,0.921602,0.153846,0.346154
7,q00041,procurement,26,0.359434,0.569972,0.0,0.726413,0.0,0.269231
7,q00042,procurement,26,0.391326,0.621706,0.0,0.645755,0.0,0.230769
7,q00043,finance,24,0.322917,0.54422,0.234407,0.936379,0.125,0.375
7,q00044,procurement,20,0.225021,0.367955,0.31488,0.423331,0.1,0.2
7,q00045,procurement,16,0.335215,0.599558,0.224006,0.708441,0.125,0.375
7,q00046,facilities,14,0.231252,0.54135,0.0,0.454498,0.0,0.285714
7,q00047,facilities,13,0.361209,0.597967,0.179931,0.765593,0.153846,0.538462
7,q00048,personnel,20,0.237017,0.584263,0.330874,0.784617,0.2,0.35
7,q00049,engineering,17,0.238707,0.528728,0.632541,0.784982,0.294118,0.411765
7,q00050,security,26,0.21884,0.483911,0.110046,0.643768,0.038462,0.230769
7,q00051,legal,15,0.296244,0.440648,0.220092,0.675416,0.066667,0.4
7,q00052,marketing,18,0.213659,0.381016,0.472933,0.654722,0.222222,0.333333
7,q00053,legal,30,0.409992,0.611087,0.202483,0.930569,0.066667,0.3
7,q00054,engineering,27,0.381352,0.497695,0.692985,0.852171,0.259259,0.296296
7,q00055,engineering,30,0.36561,0.535208,0.639944,0.658181,0.2,0.2
7,q00056,engineering,24,0.359906,0.568806,0.397192,0.866948,0.166667,0.333333
7,q00057,finance,28,0.315493,0.552355,0.274265,0.767027,0.107143,0.25
7,q00058,personnel,29,0.241624,0.489692,0.085143,0.261808,0.034483,0.103448
7,q00059,security,22,0.051111,0.449204,0.0,0.596538,0.0,0.227273
7,q00060,research,21,0.166897,0.65563,0.0,0.613653,0.0,0.238095
7,q00061,security,27,0.177116,0.534937,0.110046,0.547853,0.037037,0.185185
7,q00062,facilities,14,0.333929,0.592799,0.085143,0.790951,0.071429,0.5
7,q00063,facilities,24,0.276751,0.626637,0.46271,0.63322,0.166667,0.208333
7,q00064,legal,30,0.409992,0.611087,0.202483,0.930569,0.066667,0.3
7,q00065,security,20,0.141125,0.488668,0.0,0.168152,0.0,0.1
7,q00066,finance,27,0.371352,0.571215,0.731447,0.921602,0.259259,0.333333
7,q00067,marketing,19,0.187373,0.301795,0.063621,0.617284,0.052632,0.263158
7,q00068,legal,30,0.461926,0.661591,0.31955,0.860382,0.133333,0.266667
7,q00069,personnel,28,0.328689,0.581639,0.403502,0.926636,0.107143,0.321429
7,q00070,personnel,22,0.231056,0.527178,0.519319,0.687017,0.227273,0.272727
7,q00071,legal,30,0.461926,0.661591,0.31955,0.860382,0.133333,0.266667
7,q00072,logistics,26,0.393359,0.561304,0.179931,0.715551,0.076923,0.230769
7,q00073,engineering,15,0.27793,0.511614,0.523174,0.768227,0.266667,0.466667
7,q00074,logistics,29,0.318157,0.464055,0.312983,0.745302,0.137931,0.241379
7,q00075,marketing,20,0.226993,0.346083,0.312805,0.373269,0.2,0.2
7,q00076,procurement,20,0.283012,0.421178,0.16422,0.608297,0.1,0.3
7,q00077,security,26,0.247489,0.570985,0.085143,0.607842,0.038462,0.230769
7,q00078,engineering,23,0.238103,0.464609,0.564525,0.715551,0.26087,0.26087
7,q00079,personnel,29,0.183151,0.518764,0.0,0.337984,0.0,0.137931
7,q00080,engineering,24,0.384739,0.467932,0.573972,0.762416,0.208333,0.291667
7,q00081,legal,25,0.461644,0.714789,0.334051,0.312049,0.12,0.12
7,q00082,research,21,0.226594,0.522292,0.220092,0.283515,0.047619,0.142857
7,q00083,finance,22,0.256567,0.45411,0.217261,0.731545,0.090909,0.318182
7,q00084,engineering,23,0.238103,0.464609,0.564525,0.715551,0.26087,0.26087
7,q00085,research,20,0.2077,0.557078,0.199306,0.463926,0.15,0.25
7,q00086,legal,26,0.255629,0.49453,0.286692,0.83578,0.115385,0.307692
7,q00087,personnel,21,0.3691,0.639141,0.462992,0.796761,0.238095,0.333333
7,q00088,procurement,27,0.342227,0.601747,0.158409,0.936379,0.074074,0.333333
7,q00089,facilities,23,0.424282,0.585352,0.138862,0.611019,0.043478,0.217391
7,q00090,procurement,25,0.307241,0.466869,0.469,0.44222,0.12,0.16
7,q00091,personnel,12,0.328703,0.548838,0.0,0.366025,0.0,0.333333
7,q00092,personnel,22,0.231056,0.527178,0.519319,0.687017,0.227273,0.272727
7,q00093,personnel,32,0.292481,0.587754,0.286692,0.914857,0.09375,0.28125
7,q00094,legal,25,0.379616,0.583696,0.0,0.930569,0.0,0.36
7,q00095,personnel,15,0.155267,0.500752,0.163541,0.303082,0.133333,0.2
7,q00096,procurement,20,0.312156,0.379407,0.094788,0.838957,0.05,0.4
7,q00097,personnel,27,0.285717,0.668064,0.355777,0.936379,0.111111,0.333333
7,q00098,finance,20,0.287268,0.52761,0.388244,0.687471,0.15,0.35
7,q00099,finance,24,0.244324,0.500336,0.327307,0.933746,0.125,0.375
7,q00100,engineering,15,0.221247,0.450637,0.138862,0.550113,0.066667,0.4
7,q00101,legal,21,0.392138,0.596908,0.293456,0.863015,0.095238,0.380952
7,q00102,personnel,20,0.236551,0.496246,0.538886,0.775239,0.2,0.35
7,q00103,legal,26,0.308345,0.589348,0.253295,0.794883,0.115385,0.307692
7,q00104,security,19,0.054799,0.456934,0.063621,0.684018,0.052632,0.315789
7,q00105,marketing,29,0.339041,0.433105,0.220092,0.567043,0.034483,0.172414
7,q00106,finance,24,0.346035,0.605305,0.161043,0.754269,0.083333,0.291667
7,q00107,finance,25,0.32925,0.5946,0.179931,0.687195,0.08,0.24
7,q00108,legal,27,0.371025,0.629721,0.567721,0.826333,0.185185,0.296296
7,q00109,marketing,19,0.155308,0.30719,0.432318,0.453743,0.157895,0.157895
7,q00110,finance,23,0.34083,0.523259,0.347912,0.870125,0.173913,0.347826
7,q00111,marketing,24,0.209352,0.327001,0.085143,0.605505,0.041667,0.208333
7,q00112,procurement,27,0.361795,0.604808,0.18341,0.921602,0.074074,0.333333
7,q00113,engineering,27,0.421582,0.408149,0.804811,0.629364,0.296296,0.222222
7,q00114,finance,24,0.338667,0.561646,0.173187,0.936379,0.083333,0.375
7,q00115,marketing,21,0.128938,0.25909,0.357076,0.158409,0.142857,0.095238
7,q00116,security,22,0.015807,0.499233,0.094788,0.683538,0.045455,0.272727
7,q00117,research,21,0.166897,0.65563,0.0,0.613653,0.0,0.238095
7,q00118,facilities,26,0.266804,0.601622,0.347629,0.933746,0.153846,0.346154
7,q00119,procurement,20,0.324827,0.449681,0.151762,0.620762,0.1,0.25
7,q00120,marketing,26,0.086943,0.30527,0.374666,0.78855,0.115385,0.269231
7,q00121,facilities,13,0.309923,0.604965,0.281658,0.633199,0.230769,0.461538
7,q00122,marketing,18,0.210648,0.392648,0.391703,0.680905,0.222222,0.333333
7,q00123,legal,26,0.308345,0.589348,0.253295,0.794883,0.115385,0.307692
7,q00124,personnel,29,0.183151,0.518764,0.0,0.337984,0.0,0.137931
7,q00125,marketing,29,0.339041,0.433105,0.220092,0.567043,0.034483,0.172414
7,q00126,engineering,17,0.326642,0.484665,0.595762,0.653147,0.294118,0.352941
7,q00127,security,16,0.126097,0.537294,0.0,0.563788,0.0,0.25
7,q00128,personnel,22,0.279798,0.567922,0.359691,0.689829,0.181818,0.272727
7,q00129,security,27,0.199127,0.502441,0.110046,0.452147,0.037037,0.185185
7,q00130,security,20,0.112673,0.579929,0.0,0.214084,0.0,0.15
7,q00131,marketing,20,0.365743,0.400419,0.063621,0.478704,0.05,0.25
7,q00132,facilities,23,0.424282,0.585352,0.138862,0.611019,0.043478,0.217391
7,q00133,personnel,32,0.292481,0.587754,0.286692,0.914857,0.09375,0.28125
7,q00134,research,26,0.131708,0.605153,0.31834,0.530244,0.115385,0.230769
7,q00135,personnel,23,0.274666,0.558488,0.173187,0.68512,0.086957,0.347826
7,q00136,logistics,16,0.340632,0.493456,0.168152,0.288382,0.125,0.25
7,q00137,legal,21,0.337067,0.598727,0.073364,0.61225,0.047619,0.238095
7,q00138,personnel,27,0.153685,0.526888,0.138862,0.763193,0.037037,0.259259
7,q00139,legal,21,0.337067,0.598727,0.073364,0.61225,0.047619,0.238095
7,q00140,legal,30,0.461926,0.661591,0.31955,0.860382,0.133333,0.266667
7,q00141,procurement,30,0.199749,0.393484,0.16422,0.841493,0.066667,0.266667
7,q00142,legal,30,0.409992,0.611087,0.202483,0.930569,0.066667,0.3
7,q00143,logistics,26,0.433316,0.480737,0.277705,0.731263,0.153846,0.269231
7,q00144,legal,25,0.417184,0.562732,0.133052,0.914857,0.08,0.36
7,q00145,logistics,23,0.405412,0.531569,0.233651,0.461114,0.086957,0.26087
7,q00146,facilities,25,0.335298,0.611069,0.217261,0.684018,0.08,0.24
7,q00147,engineering,24,0.316287,0.349461,0.554143,0.794883,0.166667,0.333333
7,q00148,marketing,19,0.176382,0.319465,0.222128,0.642187,0.157895,0.263158
7,q00149,marketing,19,0.186992,0.293414,0.063621,0.110046,0.052632,0.052632
7,q00150,personnel,23,0.274666,0.558488,0.173187,0.68512,0.086957,0.347826
7,q00151,logistics,29,0.333762,0.38054,0.368856,0.665193,0.103448,0.206897
7,q00152,personnel,27,0.284295,0.613147,0.38196,0.936379,0.148148,0.333333
7,q00153,research,21,0.287948,0.536937,0.286346,0.271914,0.095238,0.142857
7,q00154,engineering,30,0.376347,0.597182,0.724153,0.668306,0.233333,0.2
7,q00155,research,21,0.171023,0.328137,0.0,0.293456,0.0,0.095238
7,q00156,engineering,30,0.306651,0.428056,0.561713,0.687951,0.2,0.233333
7,q00157,engineering,30,0.376347,0.597182,0.724153,0.668306,0.233333,0.2
7,q00158,research,24,0.229985,0.699157,0.230474,0.693663,0.125,0.25
7,q00159,facilities,30,0.351428,0.429638,0.577149,0.855348,0.166667,0.266667
7,q00160,finance,23,0.28785,0.530398,0.397192,0.861138,0.173913,0.391304
7,q00161,engineering,15,0.302198,0.449365,0.212226,0.444853,0.133333,0.266667
7,q00162,procurement,20,0.161888,0.364847,0.450566,0.136985,0.2,0.1
7,q00163,facilities,31,0.403819,0.682306,0.930569,0.933746,0.290323,0.290323
7,q00164,logistics,23,0.405412,0.531569,0.233651,0.461114,0.086957,0.26087
7,q00165,procurement,20,0.113324,0.304299,0.0,0.61683,0.0,0.25
7,q00166,facilities,26,0.242498,0.606982,0.445857,0.848603,0.230769,0.307692
7,q00167,marketing,29,0.339041,0.433105,0.220092,0.567043,0.034483,0.172414
7,q00168,finance,23,0.326075,0.569114,0.362887,0.767027,0.130435,0.304348
7,q00169,facilities,14,0.386315,0.550126,0.0,0.576971,0.0,0.357143
7,q00170,facilities,25,0.285665,0.514787,0.532621,0.493216,0.16,0.24
7,q00171,facilities,31,0.380706,0.676355,0.930569,0.921602,0.290323,0.290323
7,q00172,engineering,22,0.334055,0.489555,0.684018,0.596538,0.272727,0.227273
7,q00173,procurement,25,0.331352,0.618337,0.523174,0.790951,0.16,0.28
7,q00174,research,21,0.142291,0.253337,0.0,0.437352,0.0,0.142857
7,q00175,finance,27,0.181883,0.482248,0.542364,0.852171,0.148148,0.296296
7,q00176,personnel,24,0.259539,0.606289,0.209049,0.639944,0.125,0.25
7,q00177,personnel,24,0.293078,0.54529,0.495459,0.363624,0.208333,0.166667
7,q00178,logistics,25,0.29556,0.502008,0.073364,0.870125,0.04,0.32
7,q00179,finance,27,0.371352,0.571215,0.731447,0.921602,0.259259,0.333333
7,q00180,engineering,20,0.393825,0.556448,0.583618,0.61804,0.25,0.3
7,q00181,engineering,21,0.281693,0.561896,0.347136,0.791727,0.190476,0.333333
7,q00182,procurement,18,0.302207,0.391886,0.0,0.519997,0.0,0.222222
7,q00183,research,20,0.2077,0.557078,0.199306,0.463926,0.15,0.25
7,q00184,logistics,22,0.306473,0.51153,0.220092,0.438108,0.045455,0.181818
7,q00185,security,20,0.145611,0.581207,0.0,0.220829,0.0,0.15
7,q00186,security,23,0.111901,0.56534,0.195189,0.687195,0.086957,0.26087
7,q00187,procurement,18,0.277064,0.364864,0.0,0.637152,0.0,0.277778
7,q00188,security,23,0.22091,0.613529,0.358954,0.712552,0.086957,0.26087
7,q00189,logistics,27,0.15915,0.27031,0.220092,0.463446,0.037037,0.185185
7,q00190,logistics,29,0.318157,0.464055,0.312983,0.745302,0.137931,0.241379
7,q00191,engineering,27,0.409337,0.462596,0.855348,0.716485,0.296296,0.259259
7,q00192,procurement,18,0.302207,0.391886,0.0,0.519997,0.0,0.222222
7,q00193,procurement,20,0.195103,0.394568,0.444097,0.551331,0.15,0.25
7,q00194,procurement,30,0.199749,0.393484,0.16422,0.841493,0.066667,0.266667
7,q00195,facilities,27,0.241756,0.585254,0.367921,0.68166,0.111111,0.259259
7,q00196,marketing,20,0.397043,0.478467,0.202483,0.647054,0.1,0.3
7,q00197,security,24,0.081097,0.564925,0.0,0.371854,0.0,0.125
7,q00198,engineering,23,0.37341,0.600811,0.857205,0.77216,0.347826,0.304348
7,q00199,logistics,25,0.255809,0.402981,0.278481,0.43689,0.12,0.2
10,q00000,procurement,39,0.280181,0.605596,0.066254,0.926636,0.025641,0.230769
10,q00001,legal,32,0.274963,0.579372,0.422575,0.820523,0.09375,0.25
10,q00002,logistics,32,0.342636,0.499437,0.236807,0.319095,0.09375,0.125
10,q00003,finance,32,0.229869,0.468162,0.416567,0.841493,0.15625,0.25
10,q00004,personnel,29,0.200764,0.567761,0.069431,0.595762,0.034483,0.172414
10,q00005,procurement,24,0.070758,0.347732,0.305235,0.407415,0.083333,0.166667
10,q00006,research,26,0.160098,0.628714,0.069431,0.49829,0.038462,0.153846
10,q00007,security,28,0.095582,0.310094,0.0,0.233651,0.0,0.071429
10,q00008,marketing,30,0.060405,0.280681,0.220092,0.820069,0.033333,0.266667
10,q00009,marketing,36,0.150783,0.401015,0.063621,0.787774,0.027778,0.222222
10,q00010,facilities,21,0.160784,0.437014,0.220092,0.286346,0.047619,0.095238
10,q00011,engineering,31,0.369426,0.422559,0.921602,0.648932,0.290323,0.16129
10,q00012,research,31,0.132171,0.497786,0.0,0.769526,0.0,0.225806
10,q00013,finance,32,0.233855,0.493028,0.309352,0.636376,0.125,0.1875
10,q00014,research,26,0.160098,0.628714,0.069431,0.49829,0.038462,0.153846
10,q00015,procurement,35,0.136822,0.427436,0.0,0.794883,0.0,0.228571
10,q00016,finance,32,0.265146,0.598414,0.085143,0.716485,0.03125,0.21875
10,q00017,engineering,41,0.297092,0.592317,1.0,0.866948,0.243902,0.195122
10,q00018,legal,29,0.353746,0.622421,0.358954,0.596498,0.068966,0.241379
10,q00019,security,36,0.212319,0.415808,0.094788,0.385048,0.027778,0.111111
10,q00020,facilities,21,0.298951,0.498526,0.220092,0.767027,0.047619,0.333333
10,q00021,facilities,24,0.092092,0.47376,0.0,0.81659,0.0,0.333333
10,q00022,marketing,32,0.281441,0.436539,0.158507,0.690194,0.0625,0.1875
10,q00023,engineering,31,0.289151,0.408324,0.848603,0.936379,0.258065,0.290323
10,q00024,logistics,37,0.45529,0.550015,0.541588,0.747935,0.135135,0.189189
10,q00025,personnel,27,0.069611,0.57698,0.0,0.573038,0.0,0.185185
10,q00026,research,33,0.142823,0.645781,0.0,0.721519,0.0,0.212121
10,q00027,research,32,0.288969,0.398681,0.0,0.603262,0.0,0.1875
10,q00028,engineering,34,0.287869,0.45773,0.889954,0.596538,0.264706,0.147059
10,q00029,personnel,48,0.155102,0.630445,0.0,0.921602,0.0,0.1875
10,q00030,procurement,33,0.148535,0.315671,0.220092,0.791706,0.030303,0.242424
10,q00031,procurement,22,0.19479,0.3348,0.0,0.554899,0.0,0.227273
10,q00032,finance,26,0.349437,0.469497,0.428385,0.632079,0.115385,0.269231
10,q00033,engineering,32,0.398924,0.444335,0.826333,0.703407,0.25,0.1875
10,q00034,personnel,36,0.133258,0.56515,0.063621,0.554143,0.027778,0.111111
10,q00035,research,33,0.192512,0.495682,0.0,0.568458,0.0,0.181818
10,q00036,finance,32,0.324547,0.501315,0.29849,0.675416,0.0625,0.1875
10,q00037,security,41,0.222106,0.42234,0.0,0.671938,0.0,0.146341
10,q00038,facilities,30,0.315471,0.567947,0.233651,0.390927,0.066667,0.133333
10,q00039,finance,32,0.233855,0.493028,0.309352,0.636376,0.125,0.1875
10,q00040,marketing,36,0.121613,0.381793,0.510716,0.768227,0.111111,0.194444
10,q00041,logistics,37,0.387951,0.51521,0.510716,0.456899,0.108108,0.108108
10,q00042,marketing,36,0.121613,0.381793,0.510716,0.768227,0.111111,0.194444
10,q00043,legal,32,0.274963,0.579372,0.422575,0.820523,0.09375,0.25
10,q00044,facilities,31,0.237278,0.614229,0.368856,0.716287,0.096774,0.258065
10,q00045,personnel,48,0.189725,0.584473,0.220092,0.936379,0.020833,0.1875
10,q00046,engineering,36,0.350134,0.400534,0.364744,0.608317,0.083333,0.138889
10,q00047,facilities,38,0.214165,0.530017,0.063621,0.750336,0.026316,0.184211
10,q00048,marketing,23,0.146824,0.319832,0.158507,0.851236,0.086957,0.347826
10,q00049,security,36,0.212319,0.415808,0.094788,0.385048,0.027778,0.111111
10,q00050,security,38,0.112556,0.524706,0.0,0.599329,0.0,0.157895
10,q00051,engineering,27,0.369313,0.623037,0.926636,0.857205,0.333333,0.296296
10,q00052,finance,19,0.159851,0.493551,0.208294,0.555903,0.105263,0.368421
10,q00053,logistics,32,0.355582,0.511708,0.393278,0.69684,0.09375,0.1875
10,q00054,facilities,28,0.343511,0.580745,0.239921,0.598395,0.107143,0.178571
10,q00055,security,26,0.132789,0.581779,0.069431,0.385413,0.038462,0.153846
10,q00056,security,26,0.132789,0.581779,0.069431,0.385413,0.038462,0.153846
10,q00057,security,37,0.054188,0.560076,0.0,0.696162,0.0,0.162162
10,q00058,security,34,0.003845,0.429514,0.148764,0.135685,0.058824,0.058824
10,q00059,research,31,0.132171,0.497786,0.0,0.769526,0.0,0.225806
10,q00060,engineering,35,0.24059,0.547549,0.646856,0.78855,0.2,0.2
10,q00061,facilities,38,0.271957,0.6313,0.648932,0.860382,0.131579,0.210526
10,q00062,finance,33,0.326722,0.511289,0.307015,0.784982,0.090909,0.212121
10,q00063,logistics,32,0.237218,0.391457,0.0,0.253295,0.0,0.09375
10,q00064,marketing,32,0.266255,0.379817,0.287448,0.591927,0.125,0.15625
10,q00065,legal,34,0.42083,0.600799,0.648932,0.769526,0.147059,0.205882
10,q00066,logistics,37,0.429876,0.568641,0.400023,0.72733,0.081081,0.162162
10,q00067,engineering,27,0.285332,0.36154,0.652088,0.870125,0.222222,0.296296
10,q00068,engineering,31,0.369426,0.422559,0.921602,0.648932,0.290323,0.16129
10,q00069,procurement,39,0.232919,0.625773,0.151397,0.933746,0.051282,0.230769
10,q00070,legal,33,0.466368,0.667897,0.665193,0.905212,0.181818,0.272727
10,q00071,procurement,34,0.149189,0.431006,0.208273,0.390927,0.088235,0.117647
10,q00072,marketing,31,0.252021,0.398578,0.343018,0.357076,0.129032,0.096774
10,q00073,logistics,30,0.270899,0.41893,0.289523,0.564525,0.066667,0.2
10,q00074,personnel,33,0.067759,0.55161,0.073364,0.397672,0.030303,0.121212
10,q00075,logistics,40,0.301963,0.558627,0.647054,0.77216,0.15,0.175
10,q00076,marketing,36,0.121613,0.381793,0.510716,0.768227,0.111111,0.194444
10,q00077,procurement,39,0.280181,0.605596,0.066254,0.926636,0.025641,0.230769
10,q00078,research,33,0.192512,0.495682,0.0,0.568458,0.0,0.181818
10,q00079,procurement,39,0.280181,0.605596,0.066254,0.926636,0.025641,0.230769
10,q00080,legal,29,0.412071,0.658173,0.60514,0.700773,0.172414,0.206897
10,q00081,security,26,0.132789,0.581779,0.069431,0.385413,0.038462,0.153846
10,q00082,logistics,37,0.429876,0.568641,0.400023,0.72733,0.081081,0.162162
10,q00083,legal,37,0.422548,0.622769,0.305235,0.702728,0.054054,0.189189
10,q00084,facilities,41,0.316543,0.679393,0.273587,0.680905,0.073171,0.146341
10,q00085,logistics,34,0.296216,0.391358,0.0,0.542364,0.0,0.117647
10,q00086,facilities,31,0.244442,0.660362,0.34052,0.926636,0.129032,0.290323
10,q00087,legal,25,0.279101,0.463212,0.434175,0.790951,0.16,0.28
10,q00088,personnel,36,0.067478,0.519846,0.085143,0.547398,0.027778,0.111111
10,q00089,security,34,0.162285,0.376039,0.0,0.691128,0.0,0.176471
10,q00090,logistics,32,0.342636,0.499437,0.236807,0.319095,0.09375,0.125
10,q00091,procurement,35,0.396635,0.674662,0.069431,0.936379,0.028571,0.257143
10,q00092,research,33,0.15338,0.6205,0.0,0.8237,0.0,0.242424
10,q00093,marketing,32,0.247861,0.430744,0.220092,0.61225,0.03125,0.15625
10,q00094,marketing,36,0.150783,0.401015,0.063621,0.787774,0.027778,0.222222
10,q00095,security,35,0.08511,0.413612,0.063621,0.463446,0.028571,0.142857
10,q00096,marketing,23,0.086087,0.310027,0.289523,0.411533,0.086957,0.217391
10,q00097,legal,25,0.318636,0.51522,0.469,0.78855,0.12,0.28
10,q00098,security,41,0.107808,0.415796,0.0,0.760559,0.0,0.170732
10,q00099,logistics,30,0.232945,0.432923,0.358954,0.83578,0.066667,0.266667
10,q00100,marketing,38,0.2783,0.479686,0.29849,0.425208,0.052632,0.078947
10,q00101,security,28,-0.025383,0.282806,0.066254,0.283713,0.035714,0.071429
10,q00102,procurement,34,0.258712,0.608615,0.110046,0.864315,0.029412,0.235294
10,q00103,finance,41,0.345913,0.606941,0.494357,0.793584,0.097561,0.170732
10,q00104,procurement,33,0.120069,0.317669,0.220092,0.787774,0.030303,0.242424
10,q00105,facilities,37,0.297885,0.550605,0.0,0.8237,0.0,0.216216
10,q00106,legal,29,0.264607,0.511326,0.094788,0.769526,0.034483,0.241379
10,q00107,procurement,31,0.249316,0.383658,0.110046,0.552746,0.032258,0.193548
10,q00108,finance,26,0.330113,0.514624,0.49464,0.719118,0.153846,0.269231
10,q00109,marketing,23,0.073257,0.443061,0.144652,0.800694,0.086957,0.304348
10,q00110,marketing,30,0.137116,0.223313,0.144652,0.538411,0.066667,0.166667
10,q00111,marketing,23,0.033075,0.292664,0.248908,0.179931,0.086957,0.086957
10,q00112,security,36,0.118641,0.369229,0.0,0.870125,0.0,0.222222
10,q00113,marketing,38,0.030228,0.284769,0.063621,0.623574,0.026316,0.131579
10,q00114,marketing,30,0.137116,0.223313,0.144652,0.538411,0.066667,0.166667
10,q00115,legal,29,0.406959,0.594881,0.428365,0.700773,0.137931,0.206897
10,q00116,procurement,29,0.307122,0.426075,0.078398,0.273587,0.034483,0.103448
10,q00117,security,29,0.10587,0.567305,0.138862,0.281658,0.034483,0.103448
10,q00118,procurement,39,0.2873,0.660737,0.0,0.857981,0.0,0.205128
10,q00119,procurement,33,0.232509,0.323109,0.0,0.905212,0.0,0.272727
10,q00120,engineering,35,0.253411,0.40331,0.625334,0.797517,0.2,0.228571
10,q00121,personnel,48,0.128992,0.596587,0.110046,0.933746,0.020833,0.1875
10,q00122,security,27,0.034384,0.605131,0.0,0.353598,0.0,0.148148
10,q00123,finance,38,0.291016,0.489053,0.469,1.0,0.078947,0.263158
10,q00124,marketing,37,0.09045,0.344392,0.349967,0.422851,0.081081,0.135135
10,q00125,engineering,39,0.344473,0.454581,0.680905,0.705808,0.153846,0.153846
10,q00126,marketing,36,0.186349,0.271665,0.0,0.689829,0.0,0.166667
10,q00127,logistics,40,0.234894,0.385185,0.347629,0.914857,0.1,0.225
10,q00128,security,28,0.095582,0.310094,0.0,0.233651,0.0,0.071429
10,q00129,procurement,34,0.248262,0.627045,0.0,0.914857,0.0,0.264706
10,q00130,procurement,33,0.148535,0.315671,0.220092,0.791706,0.030303,0.242424
10,q00131,engineering,32,0.417788,0.383342,0.779171,0.583433,0.21875,0.15625
10,q00132,research,34,0.154084,0.66274,0.0,0.921602,0.0,0.264706
10,q00133,finance,44,0.301569,0.592107,0.617764,0.866948,0.113636,0.181818
10,q00134,security,28,-0.025383,0.282806,0.066254,0.283713,0.035714,0.071429
10,q00135,marketing,35,0.1938,0.340966,0.078398,0.366801,0.028571,0.114286
10,q00136,marketing,33,0.290488,0.407444,0.220092,0.678049,0.030303,0.181818
10,q00137,research,34,0.154084,0.66274,0.0,0.921602,0.0,0.264706
10,q00138,marketing,44,-0.0059,0.301293,0.224006,0.791727,0.045455,0.159091
10,q00139,personnel,28,0.155577,0.665567,0.138862,0.416567,0.035714,0.178571
10,q00140,engineering,39,0.28867,0.511645,0.681681,0.857205,0.153846,0.205128
10,q00141,engineering,35,0.29044,0.54921,0.713654,0.861138,0.228571,0.257143
10,q00142,marketing,37,-0.042773,0.266586,0.220092,0.463446,0.027027,0.135135
10,q00143,marketing,33,0.275638,0.484156,0.286346,0.857981,0.060606,0.242424
10,q00144,logistics,38,0.450307,0.630117,0.696938,0.921602,0.157895,0.236842
10,q00145,security,29,0.10587,0.567305,0.138862,0.281658,0.034483,0.103448
10,q00146,logistics,38,0.450307,0.630117,0.696938,0.921602,0.157895,0.236842
10,q00147,procurement,22,0.280921,0.395611,0.0,0.691128,0.0,0.272727
10,q00148,marketing,32,0.034526,0.362001,0.246551,0.425208,0.09375,0.09375
10,q00149,facilities,39,0.270184,0.55263,0.419398,0.532141,0.102564,0.102564
10,q00150,finance,28,0.325687,0.550637,0.383633,1.0,0.107143,0.357143
10,q00151,logistics,30,0.301008,0.531178,0.173667,0.870125,0.066667,0.266667
10,q00152,facilities,28,0.247079,0.568669,0.129875,0.565825,0.071429,0.214286
10,q00153,personnel,36,0.207506,0.532309,0.0,0.507238,0.0,0.138889
10,q00154,engineering,34,0.321867,0.471289,0.665949,0.547853,0.205882,0.147059
10,q00155,facilities,39,0.330219,0.600767,0.261808,0.779908,0.076923,0.230769
10,q00156,research,33,0.192512,0.495682,0.0,0.568458,0.0,0.181818
10,q00157,personnel,36,0.067478,0.519846,0.085143,0.547398,0.027778,0.111111
10,q00158,procurement,34,0.149743,0.403023,0.066254,0.760079,0.029412,0.205882
10,q00159,facilities,38,0.372389,0.606346,0.668761,0.848603,0.157895,0.210526
10,q00160,facilities,38,0.214165,0.530017,0.063621,0.750336,0.026316,0.184211
10,q00161,finance,32,0.233855,0.493028,0.309352,0.636376,0.125,0.1875
10,q00162,finance,24,0.309225,0.530969,0.0,0.687017,0.0,0.25
10,q00163,engineering,36,0.345234,0.515283,0.778807,0.78855,0.194444,0.194444
10,q00164,legal,32,0.245519,0.526683,0.378599,0.864315,0.09375,0.25
10,q00165,logistics,25,0.424836,0.485239,0.453743,0.415281,0.12,0.12
10,q00166,security,34,0.115156,0.462554,0.078398,0.248908,0.029412,0.058824
10,q00167,engineering,36,0.261954,0.412406,0.558715,0.611795,0.166667,0.138889
10,q00168,personnel,36,0.205993,0.51427,0.220092,0.767027,0.027778,0.194444
10,q00169,facilities,39,0.330219,0.600767,0.261808,0.779908,0.076923,0.230769
10,q00170,legal,34,0.42083,0.600799,0.648932,0.769526,0.147059,0.205882
10,q00171,procurement,35,0.224849,0.394681,0.0,0.870125,0.0,0.228571
10,q00172,finance,44,0.253687,0.524782,0.451865,1.0,0.090909,0.227273
10,q00173,legal,34,0.418238,0.625997,0.675416,0.794883,0.176471,0.235294
10,q00174,marketing,36,0.098707,0.314213,0.0,0.628146,0.0,0.194444
10,q00175,facilities,38,0.271957,0.6313,0.648932,0.860382,0.131579,0.210526
10,q00176,procurement,40,0.24255,0.418589,0.066254,0.698796,0.025,0.15
10,q00177,marketing,44,0.14161,0.316332,0.532141,0.779171,0.090909,0.159091
10,q00178,facilities,38,0.31149,0.622528,0.617764,0.863015,0.131579,0.210526
10,q00179,legal,27,0.395974,0.551398,0.16422,0.337984,0.074074,0.148148
10,q00180,engineering,28,0.387214,0.554053,0.58875,0.334051,0.178571,0.107143
10,q00181,facilities,38,0.271957,0.6313,0.648932,0.860382,0.131579,0.210526
10,q00182,personnel,33,0.191632,0.60797,0.078398,0.831848,0.030303,0.242424
10,q00183,logistics,25,0.215133,0.368719,0.138862,0.630043,0.04,0.2
10,q00184,logistics,35,0.362098,0.593556,0.138862,0.857981,0.028571,0.228571
10,q00185,security,36,0.142336,0.474214,0.094788,0.905212,0.027778,0.25
10,q00186,finance,41,0.345913,0.606941,0.494357,0.793584,0.097561,0.170732
10,q00187,facilities,38,0.31149,0.622528,0.617764,0.863015,0.131579,0.210526
10,q00188,logistics,33,0.397818,0.545764,0.063621,0.647336,0.030303,0.181818
10,q00189,logistics,34,0.296216,0.391358,0.0,0.542364,0.0,0.117647
10,q00190,facilities,38,0.214165,0.530017,0.063621,0.750336,0.026316,0.184211
10,q00191,personnel,36,0.212863,0.607988,0.078398,0.857205,0.027778,0.222222
10,q00192,procurement,29,0.377296,0.504413,0.0,0.328241,0.0,0.137931
10,q00193,facilities,37,0.297885,0.550605,0.0,0.8237,0.0,0.216216
10,q00194,procurement,24,0.070758,0.347732,0.305235,0.407415,0.083333,0.166667
10,q00195,research,42,0.175636,0.366671,0.151397,0.561713,0.047619,0.142857
10,q00196,logistics,30,0.408641,0.546846,0.371854,0.921602,0.1,0.3
10,q00197,research,31,0.206839,0.590559,0.18341,0.416285,0.064516,0.16129
10,q00198,engineering,41,0.294148,0.56228,1.0,1.0,0.243902,0.243902
10,q00199,engineering,34,0.242923,0.498119,0.800694,0.926636,0.205882,0.264706
