k,query_id,aspect,n_relevant,sim_pooled,sim_maxcard,ndcg10_pooled,ndcg10_oraclecard,ndcg10_inferredcard,ndcg10_chunk,recall10_pooled,recall10_maxcard
1,q00000,engineering,3,0.407379,0.407379,0.967468,0.967468,0.967468,0.946902,1.0,1.0
1,q00001,logistics,6,0.376791,0.376791,0.628322,0.628322,0.685095,0.641557,0.666667,0.666667
1,q00002,legal,4,0.459244,0.459244,0.61989,0.61989,0.627182,0.649223,1.0,1.0
1,q00003,marketing,5,0.42008,0.42008,0.868795,0.868795,0.446153,0.974743,0.8,0.8
1,q00004,research,3,0.376436,0.376436,0.967468,0.967468,0.932521,0.921787,1.0,1.0
1,q00005,legal,4,0.439235,0.439235,0.944718,0.944718,0.705357,0.970929,1.0,1.0
1,q00006,engineering,5,0.44522,0.44522,0.975788,0.975788,0.989606,1.0,1.0,1.0
1,q00007,facilities,1,0.5812,0.5812,1.0,1.0,1.0,1.0,1.0,1.0
1,q00008,engineering,2,0.651428,0.651428,1.0,1.0,1.0,1.0,1.0,1.0
1,q00009,research,3,0.324842,0.324842,0.0,0.0,1.0,0.0,0.0,0.0
1,q00010,personnel,4,0.469345,0.469345,0.766809,0.766809,0.944718,0.961999,0.75,0.75
1,q00011,research,4,0.574784,0.574784,0.56679,0.56679,0.6506,0.820715,1.0,1.0
1,q00012,marketing,3,0.231527,0.231527,0.469279,0.469279,0.469279,0.296082,0.333333,0.333333
1,q00013,logistics,3,0.643181,0.643181,0.88546,0.88546,0.732829,0.819427,1.0,1.0
1,q00014,finance,1,0.526299,0.526299,1.0,1.0,0.5,1.0,1.0,1.0
1,q00015,legal,5,0.527444,0.527444,0.495424,0.495424,0.495424,0.548951,0.8,0.8
1,q00016,logistics,6,0.374033,0.374033,0.812186,0.812186,0.63835,0.963487,0.833333,0.833333
1,q00017,personnel,5,0.64279,0.64279,0.981848,0.981848,0.960925,1.0,1.0,1.0
1,q00018,personnel,6,0.570466,0.570466,0.965137,0.965137,1.0,1.0,1.0,1.0
1,q00019,research,3,0.538059,0.538059,1.0,1.0,1.0,0.967468,1.0,1.0
1,q00020,research,4,0.556804,0.556804,0.587524,0.587524,0.803607,0.883824,1.0,1.0
1,q00021,facilities,5,0.543192,0.543192,0.608477,0.608477,0.966834,0.729922,1.0,1.0
1,q00022,personnel,4,0.525404,0.525404,0.922326,0.922326,0.759834,0.95583,1.0,1.0
1,q00023,procurement,3,0.473142,0.473142,0.932521,0.932521,1.0,1.0,1.0,1.0
1,q00024,security,6,0.557695,0.557695,0.957148,0.957148,0.944574,0.983805,1.0,1.0
1,q00025,finance,4,0.443355,0.443355,1.0,1.0,0.76064,0.982892,1.0,1.0
1,q00026,logistics,3,0.332981,0.332981,0.765361,0.765361,0.498189,1.0,0.666667,0.666667
1,q00027,marketing,2,0.264996,0.264996,0.264068,0.264068,0.0,0.0,0.5,0.5
1,q00028,engineering,2,0.427084,0.427084,1.0,1.0,1.0,1.0,1.0,1.0
1,q00029,personnel,5,0.491807,0.491807,0.447289,0.447289,0.413688,0.843538,0.6,0.6
1,q00030,procurement,2,0.530006,0.530006,0.797723,0.797723,0.797723,0.919721,1.0,1.0
1,q00031,facilities,2,0.628675,0.628675,1.0,1.0,0.877215,1.0,1.0,1.0
1,q00032,procurement,2,0.233821,0.233821,0.0,0.0,0.0,0.0,0.0,0.0
1,q00033,marketing,5,0.509363,0.509363,1.0,1.0,0.539297,1.0,1.0,1.0
1,q00034,personnel,1,0.654094,0.654094,1.0,1.0,1.0,1.0,1.0,1.0
1,q00035,engineering,3,0.484187,0.484187,1.0,1.0,1.0,1.0,1.0,1.0
1,q00036,facilities,6,0.587483,0.587483,0.993078,0.993078,0.892211,1.0,1.0,1.0
1,q00037,engineering,5,0.482088,0.482088,0.951231,0.951231,0.906825,0.906825,1.0,1.0
1,q00038,personnel,5,0.479884,0.479884,0.252016,0.252016,0.477972,0.843538,0.4,0.4
1,q00039,marketing,2,0.394374,0.394374,1.0,1.0,1.0,1.0,1.0,1.0
1,q00040,personnel,4,0.503913,0.503913,0.799175,0.799175,0.888584,0.970929,1.0,1.0
1,q00041,facilities,7,0.564502,0.564502,1.0,1.0,0.988801,1.0,1.0,1.0
1,q00042,marketing,4,0.243267,0.243267,1.0,1.0,0.949389,0.944718,1.0,1.0
1,q00043,personnel,4,0.492375,0.492375,0.95583,0.95583,0.884325,0.982892,1.0,1.0
1,q00044,personnel,4,0.503913,0.503913,0.799175,0.799175,0.888584,0.970929,1.0,1.0
1,q00045,marketing,3,0.326669,0.326669,0.625705,0.625705,0.765361,0.463242,0.666667,0.666667
1,q00046,research,3,0.490275,0.490275,1.0,1.0,0.906025,0.817981,1.0,1.0
1,q00047,security,6,0.478002,0.478002,0.792382,0.792382,0.822729,0.936171,0.833333,0.833333
1,q00048,personnel,1,0.638336,0.638336,1.0,1.0,1.0,1.0,1.0,1.0
1,q00049,facilities,6,0.58789,0.58789,0.993078,0.993078,0.86262,1.0,1.0,1.0
1,q00050,marketing,3,0.268542,0.268542,0.671386,0.671386,0.765361,0.604931,0.666667,0.666667
1,q00051,engineering,4,0.463086,0.463086,0.95583,0.95583,1.0,1.0,1.0,1.0
1,q00052,facilities,2,0.565647,0.565647,1.0,1.0,0.919721,1.0,1.0,1.0
1,q00053,personnel,4,0.492375,0.492375,0.95583,0.95583,0.884325,0.982892,1.0,1.0
1,q00054,personnel,1,0.589227,0.589227,1.0,1.0,1.0,1.0,1.0,1.0
1,q00055,procurement,1,0.363258,0.363258,0.386853,0.386853,1.0,0.0,1.0,1.0
1,q00056,finance,5,0.578435,0.578435,0.966834,0.966834,0.868795,1.0,1.0,1.0
1,q00057,facilities,5,0.53735,0.53735,0.981848,0.981848,0.970892,0.989606,1.0,1.0
1,q00058,personnel,4,0.567124,0.567124,0.80481,0.80481,0.904717,0.766809,0.75,0.75
1,q00059,marketing,4,0.370791,0.370791,0.787702,0.787702,0.636682,0.787702,0.75,0.75
1,q00060,personnel,1,0.654094,0.654094,1.0,1.0,1.0,1.0,1.0,1.0
1,q00061,logistics,5,0.474645,0.474645,0.974743,0.974743,0.950531,0.989606,1.0,1.0
1,q00062,security,3,0.503845,0.503845,0.852928,0.852928,0.852928,0.932521,1.0,1.0
1,q00063,finance,6,0.456166,0.456166,0.965137,0.965137,0.86262,0.935546,1.0,1.0
1,q00064,marketing,5,0.42008,0.42008,0.868795,0.868795,0.446153,0.974743,0.8,0.8
1,q00065,research,3,0.293668,0.293668,0.202107,0.202107,0.732829,0.0,0.333333,0.333333
1,q00066,marketing,4,0.287457,0.287457,0.982892,0.982892,0.849435,0.944718,1.0,1.0
1,q00067,procurement,6,0.574391,0.574391,0.892211,0.892211,0.983303,1.0,0.833333,0.833333
1,q00068,marketing,3,0.268779,0.268779,0.0,0.0,0.469279,0.469279,0.0,0.0
1,q00069,procurement,4,0.35311,0.35311,0.724626,0.724626,1.0,1.0,0.75,0.75
1,q00070,engineering,5,0.414355,0.414355,0.974743,0.974743,0.956591,1.0,1.0,1.0
1,q00071,engineering,5,0.563488,0.563488,1.0,1.0,1.0,1.0,1.0,1.0
1,q00072,engineering,2,0.435733,0.435733,1.0,1.0,1.0,0.850345,1.0,1.0
1,q00073,security,4,0.42138,0.42138,0.982892,0.982892,0.982892,1.0,1.0,1.0
1,q00074,personnel,4,0.492375,0.492375,0.95583,0.95583,0.884325,0.982892,1.0,1.0
1,q00075,personnel,4,0.525404,0.525404,0.922326,0.922326,0.759834,0.95583,1.0,1.0
1,q00076,finance,5,0.372873,0.372873,0.671064,0.671064,0.874855,0.77562,0.8,0.8
1,q00077,finance,2,0.509351,0.509351,0.60526,0.60526,1.0,1.0,1.0,1.0
1,q00078,legal,2,0.638453,0.638453,1.0,1.0,1.0,0.919721,1.0,1.0
1,q00079,procurement,3,0.372227,0.372227,0.88546,0.88546,0.921787,0.88546,1.0,1.0
1,q00080,marketing,4,0.311359,0.311359,0.636682,0.636682,0.558508,0.636682,0.5,0.5
1,q00081,finance,6,0.54295,0.54295,0.882937,0.882937,0.766888,1.0,0.833333,0.833333
1,q00082,security,4,0.410312,0.410312,0.982892,0.982892,0.949389,0.58557,1.0,1.0
1,q00083,facilities,3,0.555247,0.555247,0.845185,0.845185,1.0,0.697882,1.0,1.0
1,q00084,procurement,4,0.461825,0.461825,0.892754,0.892754,0.642281,0.871214,1.0,1.0
1,q00085,personnel,4,0.493468,0.493468,0.658916,0.658916,0.970929,0.833213,0.75,0.75
1,q00086,research,3,0.534898,0.534898,1.0,1.0,0.773746,0.967468,1.0,1.0
1,q00087,research,2,0.353652,0.353652,0.184576,0.184576,0.0,0.0,0.5,0.5
1,q00088,legal,3,0.616766,0.616766,1.0,1.0,1.0,0.913402,1.0,1.0
1,q00089,finance,1,0.448615,0.448615,1.0,1.0,0.430677,1.0,1.0,1.0
1,q00090,procurement,5,0.388616,0.388616,0.937413,0.937413,0.82972,0.106993,1.0,1.0
1,q00091,marketing,4,0.311359,0.311359,0.636682,0.636682,0.558508,0.636682,0.5,0.5
1,q00092,research,5,0.656574,0.656574,0.981848,0.981848,1.0,0.989606,1.0,1.0
1,q00093,logistics,1,0.548299,0.548299,1.0,1.0,0.63093,1.0,1.0,1.0
1,q00094,finance,5,0.51943,0.51943,0.868795,0.868795,0.868795,1.0,0.8,0.8
1,q00095,security,3,0.519753,0.519753,0.469279,0.469279,0.296082,0.469279,0.333333,0.333333
1,q00096,engineering,2,0.397052,0.397052,1.0,1.0,0.650921,1.0,1.0,1.0
1,q00097,personnel,3,0.609651,0.609651,0.946902,0.946902,0.967468,0.967468,1.0,1.0
1,q00098,legal,4,0.459244,0.459244,0.61989,0.61989,0.627182,0.649223,1.0,1.0
1,q00099,facilities,5,0.559246,0.559246,0.631732,0.631732,0.981848,0.82972,0.8,0.8
1,q00100,procurement,4,0.336449,0.336449,0.943866,0.943866,1.0,1.0,1.0,1.0
1,q00101,marketing,4,0.287457,0.287457,0.982892,0.982892,0.849435,0.944718,1.0,1.0
1,q00102,engineering,3,0.535521,0.535521,1.0,1.0,1.0,1.0,1.0,1.0
1,q00103,personnel,3,0.489622,0.489622,0.598894,0.598894,0.308427,0.654615,1.0,1.0
1,q00104,marketing,3,0.31441,0.31441,0.671386,0.671386,0.765361,0.746198,0.666667,0.666667
1,q00105,personnel,5,0.470153,0.470153,0.592222,0.592222,0.403445,0.970892,0.6,0.6
1,q00106,marketing,3,0.302965,0.302965,0.296082,0.296082,0.765361,0.0,0.333333,0.333333
1,q00107,facilities,4,0.432871,0.432871,0.910853,0.910853,0.943866,0.922326,1.0,1.0
1,q00108,research,4,0.583752,0.583752,0.7037,0.7037,0.803607,0.961999,1.0,1.0
1,q00109,marketing,3,0.325478,0.325478,0.296082,0.296082,0.765361,0.416181,0.333333,0.333333
1,q00110,engineering,3,0.629735,0.629735,1.0,1.0,1.0,1.0,1.0,1.0
1,q00111,logistics,6,0.50162,0.50162,1.0,1.0,0.90454,0.983303,1.0,1.0
1,q00112,research,4,0.521058,0.521058,0.970929,0.970929,1.0,1.0,1.0,1.0
1,q00113,engineering,2,0.511354,0.511354,1.0,1.0,0.693426,1.0,1.0,1.0
1,q00114,facilities,4,0.578911,0.578911,0.961999,0.961999,1.0,0.982892,1.0,1.0
1,q00115,research,3,0.376436,0.376436,0.967468,0.967468,0.932521,0.921787,1.0,1.0
1,q00116,facilities,2,0.535511,0.535511,0.919721,0.919721,1.0,0.919721,1.0,1.0
1,q00117,security,7,0.42464,0.42464,0.535585,0.535585,0.535585,0.632931,0.571429,0.571429
1,q00118,personnel,1,0.576336,0.576336,1.0,1.0,0.430677,0.5,1.0,1.0
1,q00119,engineering,5,0.512418,0.512418,1.0,1.0,0.906825,0.974743,1.0,1.0
1,q00120,logistics,6,0.50162,0.50162,1.0,1.0,0.90454,0.983303,1.0,1.0
1,q00121,security,7,0.464241,0.464241,0.700157,0.700157,0.779614,0.564318,0.714286,0.714286
1,q00122,research,3,0.377224,0.377224,0.471628,0.471628,0.765361,0.703918,1.0,1.0
1,q00123,personnel,3,0.649484,0.649484,0.967468,0.967468,0.967468,1.0,1.0,1.0
1,q00124,logistics,1,0.478435,0.478435,1.0,1.0,0.386853,1.0,1.0,1.0
1,q00125,engineering,2,0.651428,0.651428,1.0,1.0,1.0,1.0,1.0,1.0
1,q00126,personnel,1,0.608616,0.608616,1.0,1.0,0.63093,0.63093,1.0,1.0
1,q00127,finance,6,0.456166,0.456166,0.965137,0.965137,0.86262,0.935546,1.0,1.0
1,q00128,finance,6,0.473034,0.473034,0.869676,0.869676,0.740285,0.644824,0.833333,0.833333
1,q00129,procurement,3,0.417603,0.417603,0.932521,0.932521,1.0,0.469279,1.0,1.0
1,q00130,finance,6,0.436331,0.436331,0.789652,0.789652,0.718375,0.987671,0.833333,0.833333
1,q00131,security,5,0.45525,0.45525,0.748636,0.748636,0.748636,0.888111,1.0,1.0
1,q00132,logistics,1,0.548299,0.548299,1.0,1.0,0.63093,1.0,1.0,1.0
1,q00133,research,3,0.550002,0.550002,1.0,1.0,0.772091,1.0,1.0,1.0
1,q00134,marketing,3,0.326669,0.326669,0.625705,0.625705,0.765361,0.463242,0.666667,0.666667
1,q00135,engineering,5,0.44522,0.44522,0.975788,0.975788,0.989606,1.0,1.0,1.0
1,q00136,procurement,5,0.384757,0.384757,0.83042,0.83042,0.722727,0.927019,0.8,0.8
1,q00137,facilities,7,0.564502,0.564502,1.0,1.0,0.988801,1.0,1.0,1.0
1,q00138,security,3,0.422904,0.422904,0.61732,0.61732,0.61732,0.604931,0.666667,0.666667
1,q00139,procurement,4,0.336449,0.336449,0.943866,0.943866,1.0,1.0,1.0,1.0
1,q00140,finance,5,0.483923,0.483923,0.941577,0.941577,0.974743,0.974743,1.0,1.0
1,q00141,research,3,0.577604,0.577604,1.0,1.0,1.0,0.967468,1.0,1.0
1,q00142,personnel,4,0.555475,0.555475,0.831872,0.831872,1.0,0.944718,0.75,0.75
1,q00143,personnel,4,0.493468,0.493468,0.658916,0.658916,0.970929,0.833213,0.75,0.75
1,q00144,security,1,0.489222,0.489222,1.0,1.0,1.0,1.0,1.0,1.0
1,q00145,security,6,0.571331,0.571331,0.937238,0.937238,0.948942,0.983303,1.0,1.0
1,q00146,legal,3,0.504503,0.504503,1.0,1.0,1.0,1.0,1.0,1.0
1,q00147,engineering,1,0.513396,0.513396,1.0,1.0,1.0,1.0,1.0,1.0
1,q00148,procurement,3,0.365967,0.365967,0.871079,0.871079,1.0,0.317194,1.0,1.0
1,q00149,security,3,0.464821,0.464821,0.78448,0.78448,0.78448,0.88546,1.0,1.0
1,q00150,legal,2,0.638453,0.638453,1.0,1.0,1.0,0.919721,1.0,1.0
1,q00151,legal,4,0.459244,0.459244,0.61989,0.61989,0.627182,0.649223,1.0,1.0
1,q00152,finance,5,0.414718,0.414718,0.820026,0.820026,0.824824,0.895444,0.8,0.8
1,q00153,finance,4,0.443355,0.443355,1.0,1.0,0.76064,0.982892,1.0,1.0
1,q00154,legal,3,0.502812,0.502812,0.593173,0.593173,0.584788,0.932521,1.0,1.0
1,q00155,finance,3,0.485487,0.485487,1.0,1.0,1.0,0.932521,1.0,1.0
1,q00156,research,2,0.539274,0.539274,0.42279,0.42279,0.397809,0.448644,1.0,1.0
1,q00157,personnel,4,0.554728,0.554728,0.926758,0.926758,0.922326,1.0,1.0,1.0
1,q00158,facilities,4,0.432871,0.432871,0.910853,0.910853,0.943866,0.922326,1.0,1.0
1,q00159,marketing,3,0.236558,0.236558,0.148041,0.148041,0.469279,0.469279,0.333333,0.333333
1,q00160,facilities,7,0.463061,0.463061,0.913639,0.913639,0.804013,0.995088,1.0,1.0
1,q00161,procurement,3,0.501484,0.501484,0.851959,0.851959,0.712263,0.491415,1.0,1.0
1,q00162,engineering,2,0.396479,0.396479,0.81753,0.81753,0.613147,0.850345,1.0,1.0
1,q00163,marketing,2,0.232127,0.232127,0.218407,0.218407,0.264068,0.613147,0.5,0.5
1,q00164,logistics,5,0.474645,0.474645,0.974743,0.974743,0.950531,0.989606,1.0,1.0
1,q00165,facilities,1,0.414596,0.414596,0.386853,0.386853,0.0,1.0,1.0,1.0
1,q00166,security,4,0.410312,0.410312,0.982892,0.982892,0.949389,0.58557,1.0,1.0
1,q00167,personnel,4,0.509343,0.509343,0.831872,0.831872,1.0,0.753698,0.75,0.75
1,q00168,personnel,6,0.570466,0.570466,0.965137,0.965137,1.0,1.0,1.0,1.0
1,q00169,procurement,1,0.569826,0.569826,1.0,1.0,1.0,1.0,1.0,1.0
1,q00170,legal,4,0.459244,0.459244,0.61989,0.61989,0.627182,0.649223,1.0,1.0
1,q00171,security,4,0.347083,0.347083,0.247643,0.247643,0.0,0.448468,0.5,0.5
1,q00172,procurement,4,0.35311,0.35311,0.724626,0.724626,1.0,1.0,0.75,0.75
1,q00173,logistics,5,0.408324,0.408324,0.974743,0.974743,0.919261,0.974743,1.0,1.0
1,q00174,facilities,2,0.602965,0.602965,1.0,1.0,1.0,1.0,1.0,1.0
1,q00175,personnel,3,0.614332,0.614332,1.0,1.0,1.0,1.0,1.0,1.0
1,q00176,logistics,3,0.445617,0.445617,1.0,1.0,0.852928,1.0,1.0,1.0
1,q00177,research,4,0.583752,0.583752,0.7037,0.7037,0.803607,0.961999,1.0,1.0
1,q00178,personnel,3,0.482499,0.482499,0.618891,0.618891,0.329583,0.679731,1.0,1.0
1,q00179,legal,3,0.575856,0.575856,0.967468,0.967468,1.0,1.0,1.0,1.0
1,q00180,engineering,3,0.514883,0.514883,1.0,1.0,1.0,1.0,1.0,1.0
1,q00181,marketing,4,0.287457,0.287457,0.982892,0.982892,0.849435,0.944718,1.0,1.0
1,q00182,legal,3,0.575856,0.575856,0.967468,0.967468,1.0,1.0,1.0,1.0
1,q00183,logistics,6,0.489941,0.489941,0.772955,0.772955,0.642217,0.882937,0.833333,0.833333
1,q00184,facilities,1,0.619485,0.619485,1.0,1.0,1.0,0.63093,1.0,1.0
1,q00185,facilities,1,0.650652,0.650652,1.0,1.0,1.0,1.0,1.0,1.0
1,q00186,research,4,0.556804,0.556804,0.587524,0.587524,0.803607,0.883824,1.0,1.0
1,q00187,facilities,4,0.432871,0.432871,0.910853,0.910853,0.943866,0.922326,1.0,1.0
1,q00188,logistics,1,0.226446,0.226446,0.356207,0.356207,0.0,0.0,1.0,1.0
1,q00189,procurement,6,0.574391,0.574391,0.892211,0.892211,0.983303,1.0,0.833333,0.833333
1,q00190,finance,6,0.531556,0.531556,0.752614,0.752614,0.775148,0.644824,0.666667,0.666667
1,q00191,personnel,3,0.606764,0.606764,0.967468,0.967468,0.967468,1.0,1.0,1.0
1,q00192,security,4,0.274567,0.274567,0.0,0.0,0.0,0.0,0.0,0.0
1,q00193,marketing,3,0.268779,0.268779,0.0,0.0,0.469279,0.469279,0.0,0.0
1,q00194,facilities,6,0.568871,0.568871,0.979683,0.979683,0.761887,1.0,1.0,1.0
1,q00195,logistics,6,0.50162,0.50162,1.0,1.0,0.90454,0.983303,1.0,1.0
1,q00196,engineering,2,0.51214,0.51214,0.919721,0.919721,0.919721,0.919721,1.0,1.0
1,q00197,finance,5,0.578435,0.578435,0.966834,0.966834,0.868795,1.0,1.0,1.0
1,q00198,facilities,4,0.552827,0.552827,1.0,1.0,0.944718,1.0,1.0,1.0
1,q00199,research,3,0.341944,0.341944,0.436747,0.436747,0.61732,0.234639,0.666667,0.666667
2,q00000,procurement,8,0.378913,0.49963,0.325832,0.643509,0.818703,0.443492,0.375,0.625
2,q00001,engineering,7,0.390188,0.496493,0.995088,1.0,0.908375,1.0,1.0,1.0
2,q00002,security,7,0.282458,0.406562,0.079457,0.393612,0.476437,0.322632,0.142857,0.428571
2,q00003,facilities,5,0.409948,0.515564,0.773193,1.0,0.960925,0.989606,0.8,1.0
2,q00004,procurement,8,0.261046,0.359938,0.343043,0.732254,0.835891,0.662743,0.25,0.625
2,q00005,security,8,0.388072,0.449029,0.790083,0.920205,0.811156,0.786534,0.875,0.875
2,q00006,procurement,8,0.381739,0.540344,0.56158,0.678899,0.812048,0.713417,0.5,0.625
2,q00007,marketing,4,0.248089,0.347337,0.652587,0.724626,0.39038,0.58557,0.75,0.75
2,q00008,finance,10,0.264982,0.450765,0.330138,0.785916,0.69684,0.648932,0.2,0.7
2,q00009,personnel,8,0.469824,0.648524,0.56847,0.993322,0.825586,0.996349,0.5,1.0
2,q00010,procurement,8,0.232987,0.321861,0.732254,0.983017,0.920205,1.0,0.625,1.0
2,q00011,research,2,0.412868,0.564445,0.264068,0.919721,1.0,0.877215,0.5,1.0
2,q00012,personnel,9,0.45144,0.591658,0.474271,0.993795,0.925851,0.847503,0.333333,1.0
2,q00013,security,5,0.407832,0.564527,0.673958,0.966985,0.966985,0.868795,0.6,1.0
2,q00014,logistics,5,0.158857,0.198147,0.0,0.360055,0.553146,0.33916,0.0,0.4
2,q00015,security,7,0.300254,0.48465,0.326521,0.991121,0.858027,0.902087,0.428571,1.0
2,q00016,facilities,6,0.389808,0.440745,0.503244,0.836784,1.0,0.949566,0.666667,0.833333
2,q00017,research,8,0.224122,0.423775,0.0,0.912035,0.786115,0.873529,0.0,0.875
2,q00018,marketing,6,0.287708,0.374433,0.493523,0.892211,0.882937,0.882937,0.333333,0.833333
2,q00019,personnel,9,0.466477,0.621483,0.451286,1.0,0.929244,0.855096,0.333333,1.0
2,q00020,finance,11,0.358943,0.443996,0.432318,1.0,1.0,1.0,0.272727,0.909091
2,q00021,personnel,9,0.385331,0.585995,0.500866,0.845519,0.855096,0.751198,0.333333,0.777778
2,q00022,security,3,0.394088,0.476651,0.625705,0.860344,0.416181,0.827812,0.666667,1.0
2,q00023,finance,4,0.223356,0.372845,0.112845,0.73659,0.642281,0.770104,0.25,0.75
2,q00024,research,7,0.309359,0.513106,0.673023,0.893663,0.861994,0.637387,0.571429,0.857143
2,q00025,engineering,3,0.543992,0.568198,0.967468,0.967468,0.946902,0.838547,1.0,1.0
2,q00026,security,2,0.376707,0.435418,0.831555,0.919721,0.850345,0.806574,1.0,1.0
2,q00027,research,4,0.244296,0.337903,0.0,0.39038,0.558508,0.0,0.0,0.25
2,q00028,research,10,0.24471,0.28715,0.0,0.0,0.656303,0.0,0.0,0.0
2,q00029,procurement,7,0.280356,0.329598,0.274876,0.72889,0.393259,0.441047,0.142857,0.714286
2,q00030,finance,7,0.320789,0.444614,0.6646,0.79575,0.815726,0.96521,0.571429,0.714286
2,q00031,marketing,10,0.273963,0.305076,0.220092,0.517363,0.554143,0.501749,0.1,0.4
2,q00032,procurement,10,0.345767,0.55341,0.293456,0.722295,0.648932,0.791727,0.2,0.6
2,q00033,procurement,5,0.20171,0.244061,0.0,0.0,0.0,0.0,0.0,0.0
2,q00034,research,2,0.348346,0.540627,0.204382,0.877215,1.0,0.81753,0.5,1.0
2,q00035,security,7,0.419674,0.537436,0.869449,0.893663,0.810462,0.893208,0.857143,0.857143
2,q00036,marketing,6,0.2792,0.363154,0.281625,0.752614,0.302602,0.623847,0.333333,0.666667
2,q00037,facilities,6,0.54625,0.58422,1.0,1.0,0.993078,1.0,1.0,1.0
2,q00038,finance,5,0.393945,0.486376,0.621794,0.820026,0.868795,0.82972,0.6,0.8
2,q00039,facilities,8,0.423438,0.549875,0.902148,0.920205,0.835891,0.993322,0.875,0.875
2,q00040,facilities,6,0.389808,0.440745,0.503244,0.836784,1.0,0.949566,0.666667,0.833333
2,q00041,logistics,6,0.43852,0.516237,0.706046,0.971476,0.840085,0.94844,0.666667,1.0
2,q00042,personnel,3,0.430778,0.570252,0.323587,0.946902,0.921787,0.967468,0.666667,1.0
2,q00043,procurement,3,0.280413,0.403475,0.16716,0.913402,1.0,0.765361,0.333333,1.0
2,q00044,facilities,6,0.396997,0.490329,0.435726,0.601312,0.892211,0.970409,0.666667,0.5
2,q00045,personnel,9,0.353424,0.532766,0.410423,0.643443,0.565901,0.743462,0.333333,0.555556
2,q00046,procurement,5,0.20171,0.244061,0.0,0.0,0.0,0.0,0.0,0.0
2,q00047,security,8,0.388072,0.449029,0.790083,0.920205,0.811156,0.786534,0.875,0.875
2,q00048,facilities,3,0.456205,0.582947,0.765361,1.0,0.906628,1.0,0.666667,1.0
2,q00049,legal,10,0.498598,0.616346,0.481881,0.855348,0.77216,0.718363,0.5,0.8
2,q00050,security,8,0.369717,0.506193,0.727711,0.912035,0.64794,0.615146,0.75,0.875
2,q00051,procurement,7,0.213601,0.299403,0.357622,0.79575,0.789992,0.69931,0.285714,0.714286
2,q00052,engineering,10,0.39901,0.405683,0.936379,0.936379,0.936379,0.930569,0.9,0.9
2,q00053,engineering,7,0.523644,0.618179,0.85765,1.0,0.873585,0.991121,0.857143,1.0
2,q00054,personnel,4,0.416113,0.52664,0.168128,0.654245,0.558508,0.363318,0.25,0.75
2,q00055,facilities,8,0.398121,0.528711,0.912035,0.915686,0.818908,0.991829,0.875,0.875
2,q00056,procurement,7,0.280356,0.329598,0.274876,0.72889,0.393259,0.441047,0.142857,0.714286
2,q00057,security,8,0.369717,0.506193,0.727711,0.912035,0.64794,0.615146,0.75,0.875
2,q00058,facilities,5,0.505483,0.528334,0.729487,0.764239,0.806208,0.773893,0.8,0.8
2,q00059,legal,12,0.436886,0.490936,0.63322,0.852171,0.795166,0.548135,0.416667,0.666667
2,q00060,personnel,10,0.351112,0.541272,0.533377,0.914857,0.790951,0.78855,0.5,0.9
2,q00061,legal,7,0.504523,0.639321,0.17737,0.477604,0.581774,0.558583,0.285714,0.571429
2,q00062,personnel,10,0.351112,0.541272,0.533377,0.914857,0.790951,0.78855,0.5,0.9
2,q00063,facilities,5,0.509785,0.540378,0.843538,0.853932,0.797405,0.989606,0.8,0.8
2,q00064,finance,3,0.383334,0.494559,0.383649,1.0,1.0,1.0,0.666667,1.0
2,q00065,engineering,7,0.45154,0.49497,0.775281,0.988801,0.757392,0.821661,0.714286,1.0
2,q00066,finance,2,0.458658,0.567599,0.613147,1.0,1.0,0.831555,0.5,1.0
2,q00067,legal,9,0.593623,0.65133,0.850896,0.929244,0.925851,0.892566,0.777778,0.888889
2,q00068,personnel,3,0.45766,0.557192,0.452508,0.967468,0.765361,0.913402,0.666667,1.0
2,q00069,security,7,0.228703,0.444639,0.372789,0.908375,0.876706,0.893663,0.285714,0.857143
2,q00070,research,4,0.283924,0.404694,0.636682,0.671353,0.95583,0.60962,0.5,0.75
2,q00071,marketing,7,0.211628,0.221277,0.310866,0.220184,0.137438,0.173428,0.285714,0.285714
2,q00072,legal,6,0.53117,0.577079,0.40347,0.302602,0.393695,0.511259,0.333333,0.166667
2,q00073,facilities,5,0.417589,0.580106,0.562069,0.989606,0.820766,0.981848,0.6,1.0
2,q00074,legal,6,0.504457,0.606005,0.369231,0.832002,0.714939,0.745692,0.5,0.833333
2,q00075,procurement,5,0.26609,0.313069,0.33916,0.699215,0.933819,0.553146,0.2,0.6
2,q00076,logistics,6,0.426779,0.520995,0.541375,0.993078,0.714939,0.94844,0.5,1.0
2,q00077,procurement,10,0.388668,0.62921,0.220092,0.866948,0.857981,0.864315,0.1,0.8
2,q00078,security,9,0.386406,0.475382,0.700088,0.929244,0.847503,0.929244,0.666667,0.888889
2,q00079,research,8,0.376372,0.594034,0.626923,0.652459,0.694941,0.76172,0.75,0.625
2,q00080,personnel,6,0.304963,0.503194,0.511259,0.74091,0.644824,0.731636,0.5,0.666667
2,q00081,legal,7,0.523295,0.580081,0.770369,0.995088,1.0,1.0,0.714286,1.0
2,q00082,facilities,11,0.397908,0.529883,0.800694,1.0,0.790951,1.0,0.636364,0.909091
2,q00083,personnel,9,0.364263,0.553008,0.453797,0.824518,0.500866,0.670142,0.333333,0.777778
2,q00084,facilities,7,0.38867,0.420957,0.267373,0.751913,0.790839,0.744057,0.428571,0.714286
2,q00085,security,3,0.308167,0.386199,0.469279,0.530721,0.234639,0.654615,0.333333,0.666667
2,q00086,facilities,5,0.41537,0.485356,0.797254,1.0,0.945635,0.970892,0.8,1.0
2,q00087,procurement,5,0.20171,0.244061,0.0,0.0,0.0,0.0,0.0,0.0
2,q00088,personnel,3,0.457601,0.542787,0.636439,0.765361,1.0,0.671386,0.666667,0.666667
2,q00089,security,9,0.358842,0.543806,0.201248,0.492951,0.510927,0.730493,0.222222,0.555556
2,q00090,engineering,7,0.412694,0.465079,0.908375,1.0,1.0,1.0,0.857143,1.0
2,q00091,marketing,3,0.250617,0.266848,0.0,0.234639,0.0,0.202107,0.0,0.333333
2,q00092,legal,6,0.41153,0.473466,0.493523,0.601312,0.584616,0.698058,0.333333,0.5
2,q00093,legal,6,0.537263,0.602376,0.410392,0.601312,0.493523,0.685483,0.333333,0.5
2,q00094,research,10,0.24471,0.28715,0.0,0.0,0.656303,0.0,0.0,0.0
2,q00095,engineering,3,0.507081,0.505825,0.913402,0.967468,0.838547,0.654615,1.0,1.0
2,q00096,procurement,10,0.223435,0.31615,0.085143,0.623574,0.648932,0.220092,0.1,0.5
2,q00097,research,9,0.275751,0.433037,0.179577,0.666749,0.72998,0.643443,0.222222,0.666667
2,q00098,facilities,9,0.517927,0.597476,0.929244,1.0,1.0,1.0,0.888889,1.0
2,q00099,logistics,6,0.342501,0.430789,0.515125,1.0,0.892211,0.979683,0.5,1.0
2,q00100,finance,3,0.383334,0.494559,0.383649,1.0,1.0,1.0,0.666667,1.0
2,q00101,finance,10,0.382108,0.536635,0.554143,0.930569,0.684383,0.863015,0.4,0.9
2,q00102,personnel,5,0.27621,0.504985,0.0,0.83578,0.33916,0.951231,0.0,0.8
2,q00103,personnel,3,0.470736,0.608389,0.391066,0.967468,0.921787,1.0,0.666667,1.0
2,q00104,engineering,6,0.464639,0.568324,0.857348,0.983805,0.870609,1.0,0.833333,1.0
2,q00105,engineering,10,0.438006,0.508496,0.930569,1.0,1.0,1.0,0.9,1.0
2,q00106,research,4,0.251576,0.470138,0.0,0.787702,0.831872,0.80481,0.0,0.75
2,q00107,procurement,6,0.358368,0.478518,0.190921,0.849359,0.752614,0.86262,0.166667,0.833333
2,q00108,facilities,5,0.41537,0.485356,0.797254,1.0,0.945635,0.970892,0.8,1.0
2,q00109,finance,5,0.242449,0.3816,0.113053,0.960925,0.722727,0.627825,0.2,1.0
2,q00110,marketing,6,0.236941,0.308712,0.091092,0.515125,0.618547,0.107789,0.166667,0.5
2,q00111,facilities,11,0.397908,0.529883,0.800694,1.0,0.790951,1.0,0.636364,0.909091
2,q00112,facilities,7,0.38867,0.420957,0.267373,0.751913,0.790839,0.744057,0.428571,0.714286
2,q00113,personnel,9,0.331858,0.508579,0.500866,0.844691,0.828016,0.753867,0.333333,0.777778
2,q00114,research,8,0.201605,0.333919,0.157431,0.629103,0.724797,0.626945,0.25,0.5
2,q00115,legal,12,0.497008,0.556844,0.632541,0.718363,0.621697,0.245731,0.416667,0.5
2,q00116,security,9,0.407228,0.532184,0.760966,1.0,0.925851,0.929244,0.666667,1.0
2,q00117,facilities,6,0.53674,0.636598,0.987671,0.993078,0.882937,0.993078,1.0,1.0
2,q00118,security,5,0.407832,0.564527,0.673958,0.966985,0.966985,0.868795,0.6,1.0
2,q00119,personnel,3,0.485508,0.593659,0.636439,0.967468,1.0,0.967468,0.666667,1.0
2,q00120,marketing,9,0.138675,0.208584,0.352568,0.330371,0.568809,0.222446,0.222222,0.444444
2,q00121,security,7,0.413412,0.467553,0.585742,0.884784,0.810462,0.902087,0.428571,0.857143
2,q00122,legal,6,0.534849,0.637748,0.620994,0.983805,0.862755,1.0,0.833333,1.0
2,q00123,procurement,7,0.264873,0.328831,0.307465,0.515962,0.543872,0.815373,0.428571,0.571429
2,q00124,legal,7,0.525642,0.654546,0.366502,0.902087,0.814404,0.902087,0.285714,0.857143
2,q00125,legal,6,0.53117,0.577079,0.40347,0.302602,0.393695,0.511259,0.333333,0.166667
2,q00126,finance,5,0.361823,0.436446,0.820766,0.906825,0.951231,0.877717,0.8,1.0
2,q00127,procurement,5,0.20171,0.244061,0.0,0.0,0.0,0.0,0.0,0.0
2,q00128,research,5,0.365697,0.651229,0.398085,0.93308,0.956591,0.888673,0.6,1.0
2,q00129,logistics,6,0.35901,0.478551,0.342222,0.450011,0.355836,0.618547,0.333333,0.5
2,q00130,procurement,5,0.186804,0.298558,0.529635,0.937413,0.820766,0.906825,0.6,1.0
2,q00131,personnel,4,0.416113,0.52664,0.168128,0.654245,0.558508,0.363318,0.25,0.75
2,q00132,finance,6,0.305824,0.429273,0.752614,0.841777,0.870609,0.960769,0.666667,0.833333
2,q00133,personnel,4,0.392816,0.568835,0.558508,0.831872,0.831872,0.636682,0.5,0.75
2,q00134,facilities,5,0.509785,0.540378,0.843538,0.853932,0.797405,0.989606,0.8,0.8
2,q00135,logistics,6,0.276878,0.358297,0.432926,0.953712,0.644824,0.978398,0.333333,1.0
2,q00136,research,4,0.329393,0.402486,0.112845,0.529436,0.636682,0.318341,0.25,0.5
2,q00137,engineering,2,0.528823,0.521967,1.0,1.0,1.0,1.0,1.0,1.0
2,q00138,research,6,0.273967,0.478187,0.117063,0.740285,0.792382,0.876016,0.166667,0.666667
2,q00139,finance,2,0.458658,0.567599,0.613147,1.0,1.0,0.831555,0.5,1.0
2,q00140,procurement,10,0.170547,0.295704,0.069431,0.56311,0.711618,0.551785,0.1,0.5
2,q00141,finance,7,0.320789,0.444614,0.6646,0.79575,0.815726,0.96521,0.571429,0.714286
2,q00142,research,6,0.273967,0.478187,0.117063,0.740285,0.792382,0.876016,0.166667,0.666667
2,q00143,finance,8,0.317312,0.465256,0.452531,0.623317,0.636855,0.988803,0.375,0.5
2,q00144,procurement,5,0.20171,0.244061,0.0,0.0,0.0,0.0,0.0,0.0
2,q00145,security,7,0.300254,0.48465,0.326521,0.991121,0.858027,0.902087,0.428571,1.0
2,q00146,facilities,6,0.470549,0.541147,0.31339,0.610586,0.831377,0.793518,0.5,0.5
2,q00147,procurement,6,0.342239,0.422035,0.246762,0.870609,0.584616,0.698058,0.333333,0.833333
2,q00148,procurement,10,0.345767,0.55341,0.293456,0.722295,0.648932,0.791727,0.2,0.6
2,q00149,engineering,2,0.420636,0.454452,1.0,1.0,1.0,1.0,1.0,1.0
2,q00150,security,7,0.228703,0.444639,0.372789,0.908375,0.876706,0.893663,0.285714,0.857143
2,q00151,marketing,6,0.196448,0.339077,0.302602,0.681862,0.580995,0.44309,0.166667,0.666667
2,q00152,personnel,8,0.439533,0.561904,0.383912,0.822354,0.705769,0.811269,0.375,0.75
2,q00153,logistics,8,0.311118,0.370541,0.684798,0.47114,0.406376,0.308849,0.625,0.5
2,q00154,legal,6,0.497335,0.587073,0.684416,0.863659,0.806779,0.892211,0.833333,1.0
2,q00155,engineering,6,0.472494,0.52587,0.961701,1.0,1.0,1.0,1.0,1.0
2,q00156,procurement,5,0.393959,0.563321,0.722727,0.893442,0.612811,0.562069,0.6,1.0
2,q00157,security,7,0.282458,0.406562,0.079457,0.393612,0.476437,0.322632,0.142857,0.428571
2,q00158,logistics,5,0.359206,0.395556,0.312026,0.654809,0.441258,0.636747,0.4,0.6
2,q00159,personnel,8,0.439533,0.561904,0.383912,0.822354,0.705769,0.811269,0.375,0.75
2,q00160,facilities,7,0.387272,0.482752,0.617764,0.646266,0.846827,0.783582,0.571429,0.571429
2,q00161,finance,10,0.311683,0.439639,0.523174,0.784617,0.642187,0.852171,0.4,0.7
2,q00162,research,10,0.24471,0.28715,0.0,0.0,0.656303,0.0,0.0,0.0
2,q00163,security,9,0.325001,0.509539,0.117523,0.492951,0.510927,0.639052,0.111111,0.555556
2,q00164,legal,6,0.504457,0.606005,0.369231,0.832002,0.714939,0.745692,0.5,0.833333
2,q00165,finance,10,0.305099,0.44766,0.522496,0.772062,0.520618,0.756902,0.4,0.7
2,q00166,security,9,0.410186,0.569325,0.835921,0.997188,0.925851,0.918839,0.888889,1.0
2,q00167,personnel,9,0.385331,0.585995,0.500866,0.845519,0.855096,0.751198,0.333333,0.777778
2,q00168,security,3,0.308167,0.386199,0.469279,0.530721,0.234639,0.654615,0.333333,0.666667
2,q00169,marketing,3,0.250617,0.266848,0.0,0.234639,0.0,0.202107,0.0,0.333333
2,q00170,security,9,0.358842,0.543806,0.201248,0.492951,0.510927,0.730493,0.222222,0.555556
2,q00171,legal,6,0.53117,0.577079,0.40347,0.302602,0.393695,0.511259,0.333333,0.166667
2,q00172,engineering,3,0.543992,0.568198,0.967468,0.967468,0.946902,0.838547,1.0,1.0
2,q00173,marketing,5,0.400248,0.459997,0.684352,0.83042,0.83578,0.974743,0.6,0.8
2,q00174,research,4,0.283258,0.355256,0.0,0.39038,0.58557,0.168128,0.0,0.25
2,q00175,facilities,7,0.453722,0.538269,0.70842,0.657343,0.908375,0.858027,0.714286,0.714286
2,q00176,engineering,12,0.440665,0.471868,0.784982,0.936379,1.0,0.845426,0.583333,0.75
2,q00177,finance,2,0.458658,0.567599,0.613147,1.0,1.0,0.831555,0.5,1.0
2,q00178,procurement,10,0.401318,0.580596,0.305235,0.690648,0.642187,0.700773,0.2,0.6
2,q00179,security,10,0.318411,0.503831,0.327307,0.523251,0.4819,0.542818,0.3,0.5
2,q00180,security,7,0.448121,0.537775,0.85765,0.79575,0.802038,0.889919,0.857143,0.714286
2,q00181,procurement,10,0.4599,0.628323,0.281658,0.785916,0.770204,0.790951,0.3,0.7
2,q00182,procurement,5,0.305724,0.577865,0.0,0.956591,0.919261,0.981848,0.0,1.0
2,q00183,engineering,3,0.543992,0.568198,0.967468,0.967468,0.946902,0.838547,1.0,1.0
2,q00184,facilities,5,0.409948,0.515564,0.773193,1.0,0.960925,0.989606,0.8,1.0
2,q00185,security,7,0.419674,0.537436,0.869449,0.893663,0.810462,0.893208,0.857143,0.857143
2,q00186,finance,5,0.421272,0.499388,0.868795,0.906825,0.781651,1.0,0.8,1.0
2,q00187,facilities,8,0.423438,0.549875,0.902148,0.920205,0.835891,0.993322,0.875,0.875
2,q00188,facilities,6,0.54625,0.58422,1.0,1.0,0.993078,1.0,1.0,1.0
2,q00189,procurement,7,0.248204,0.307375,0.448304,0.669056,0.546784,0.610277,0.285714,0.714286
2,q00190,facilities,10,0.465917,0.578415,0.647336,0.683084,0.866948,0.936379,0.6,0.6
2,q00191,research,8,0.201605,0.333919,0.157431,0.629103,0.724797,0.626945,0.25,0.5
2,q00192,personnel,7,0.424985,0.51978,0.610154,0.709957,0.893208,0.79575,0.571429,0.857143
2,q00193,engineering,12,0.541236,0.626008,0.889954,1.0,1.0,1.0,0.75,0.833333
2,q00194,logistics,6,0.189184,0.263924,0.395455,0.650856,0.644824,0.960769,0.5,0.666667
2,q00195,marketing,8,0.200863,0.297782,0.108936,0.508225,0.745791,0.373031,0.125,0.5
2,q00196,facilities,8,0.319613,0.432228,0.643509,0.676302,0.64794,0.474012,0.625,0.625
2,q00197,marketing,8,0.352712,0.423663,0.564494,0.721169,0.745791,0.73804,0.5,0.625
2,q00198,marketing,6,0.13207,0.284866,0.398063,0.805847,0.432926,0.740285,0.333333,0.833333
2,q00199,procurement,3,0.146552,0.304741,0.0,0.650821,0.712263,0.838547,0.0,0.666667
3,q00000,procurement,6,0.43755,0.606723,0.453904,0.777323,0.732296,0.866241,0.333333,0.833333
3,q00001,finance,15,0.395564,0.435632,0.589428,1.0,0.936379,1.0,0.333333,0.666667
3,q00002,procurement,12,0.23912,0.30193,0.138862,0.582939,0.627409,0.678504,0.083333,0.5
3,q00003,personnel,14,0.410793,0.568556,0.432318,0.933746,0.930569,0.61683,0.214286,0.642857
3,q00004,logistics,9,0.386352,0.421947,0.457491,0.618874,0.451286,0.573009,0.333333,0.555556
3,q00005,legal,7,0.491956,0.621753,0.459503,0.696621,0.530697,0.690334,0.428571,0.857143
3,q00006,legal,9,0.430341,0.621536,0.174653,0.814218,0.591794,0.775043,0.222222,0.777778
3,q00007,legal,13,0.356423,0.492066,0.493679,0.728086,0.838957,0.870125,0.307692,0.538462
3,q00008,personnel,10,0.327668,0.461626,0.362887,0.416285,0.637152,0.611795,0.3,0.5
3,q00009,legal,7,0.483276,0.660987,0.539929,0.884784,0.802038,0.810462,0.428571,0.857143
3,q00010,legal,7,0.448693,0.597314,0.610277,0.893208,0.783704,0.810462,0.571429,0.857143
3,q00011,legal,12,0.503211,0.681344,0.637152,0.933746,0.933746,0.936379,0.416667,0.75
3,q00012,engineering,7,0.429268,0.566148,0.810462,0.908375,0.908375,0.908375,0.714286,0.857143
3,q00013,security,5,0.290058,0.56477,0.553146,1.0,0.722727,0.752848,0.4,1.0
3,q00014,marketing,6,0.282361,0.354429,0.281625,0.608004,0.493523,0.549989,0.333333,0.666667
3,q00015,procurement,4,0.285483,0.420739,0.0,0.820715,0.636682,0.76064,0.0,1.0
3,q00016,procurement,12,0.263827,0.407985,0.243552,0.784982,0.563788,0.852171,0.25,0.583333
3,q00017,engineering,13,0.391439,0.470625,0.870125,1.0,0.936379,1.0,0.615385,0.769231
3,q00018,marketing,13,0.268084,0.25353,0.138862,0.0,0.069431,0.135685,0.076923,0.0
3,q00019,security,4,0.364035,0.559336,0.871214,1.0,0.76064,0.847777,1.0,1.0
3,q00020,legal,11,0.422145,0.646589,0.422575,0.548154,0.701973,0.471036,0.272727,0.454545
3,q00021,engineering,11,0.419195,0.577454,0.671759,1.0,0.848238,1.0,0.545455,0.909091
3,q00022,procurement,9,0.23773,0.327831,0.0,0.63624,0.383343,0.524553,0.0,0.555556
3,q00023,facilities,16,0.330369,0.533329,0.866948,1.0,0.864315,1.0,0.5,0.625
3,q00024,logistics,8,0.386391,0.481838,0.543523,0.705246,0.590178,0.789561,0.5,0.625
3,q00025,procurement,9,0.311469,0.396002,0.0,0.713713,0.400122,0.314181,0.0,0.666667
3,q00026,finance,9,0.338738,0.490719,0.383343,0.842126,0.693022,0.855096,0.222222,0.777778
3,q00027,research,11,0.342023,0.648688,0.38317,0.914857,0.926636,0.852171,0.454545,0.818182
3,q00028,personnel,7,0.349437,0.538153,0.448304,0.844106,0.673023,0.561872,0.285714,0.857143
3,q00029,logistics,9,0.349246,0.447443,0.626768,0.693022,0.40703,0.776747,0.555556,0.555556
3,q00030,logistics,6,0.415666,0.57826,0.432926,0.517545,0.295627,0.610586,0.333333,0.833333
3,q00031,security,7,0.229463,0.438217,0.082746,0.724556,0.463959,0.759737,0.142857,0.714286
3,q00032,facilities,6,0.38676,0.561992,0.393695,0.63746,0.892211,0.848074,0.333333,0.666667
3,q00033,personnel,10,0.347124,0.585136,0.139618,0.745302,0.848238,0.58875,0.2,0.7
3,q00034,personnel,7,0.349437,0.538153,0.448304,0.844106,0.673023,0.561872,0.285714,0.857143
3,q00035,finance,9,0.373866,0.553508,0.309194,0.693022,0.776747,0.748386,0.222222,0.555556
3,q00036,marketing,8,0.240132,0.299467,0.412532,0.568145,0.485649,0.629103,0.25,0.5
3,q00037,engineering,10,0.422246,0.489072,0.933746,1.0,1.0,1.0,0.9,1.0
3,q00038,research,7,0.306157,0.622275,0.417203,0.770936,0.704125,0.546217,0.428571,0.714286
3,q00039,procurement,8,0.299082,0.354582,0.0,0.383912,0.618798,0.333584,0.0,0.375
3,q00040,marketing,6,0.242245,0.31282,0.268364,0.584227,0.775148,0.25909,0.333333,0.5
3,q00041,legal,11,0.422145,0.646589,0.422575,0.548154,0.701973,0.471036,0.272727,0.454545
3,q00042,finance,9,0.373866,0.553508,0.309194,0.693022,0.776747,0.748386,0.222222,0.555556
3,q00043,marketing,10,0.357241,0.438287,0.29849,0.680905,0.424926,0.469,0.2,0.6
3,q00044,security,8,0.379943,0.508511,0.785563,0.895051,0.720277,0.776229,0.75,0.875
3,q00045,facilities,11,0.44384,0.622215,0.69684,1.0,1.0,1.0,0.545455,0.909091
3,q00046,finance,10,0.235338,0.395206,0.359409,0.747159,0.56537,0.602808,0.4,0.7
3,q00047,personnel,6,0.3226,0.568116,0.246762,0.882937,0.745692,0.459285,0.333333,0.833333
3,q00048,personnel,10,0.272233,0.429462,0.158507,0.173667,0.444097,0.293456,0.2,0.2
3,q00049,research,10,0.220891,0.31881,0.0,0.383633,0.204834,0.305235,0.0,0.3
3,q00050,marketing,17,0.214659,0.292277,0.0,0.538431,0.422575,0.254698,0.0,0.235294
3,q00051,procurement,11,0.187209,0.35282,0.31488,0.793584,0.648932,0.56311,0.181818,0.636364
3,q00052,engineering,10,0.422246,0.489072,0.933746,1.0,1.0,1.0,0.9,1.0
3,q00053,security,6,0.277955,0.395744,0.307983,0.453904,0.302602,0.408851,0.333333,0.333333
3,q00054,finance,5,0.255875,0.387302,0.131205,0.205032,0.120811,0.824824,0.2,0.4
3,q00055,engineering,10,0.342032,0.486262,0.851236,1.0,1.0,1.0,0.8,1.0
3,q00056,procurement,11,0.176183,0.343383,0.195189,0.768227,0.690194,0.656982,0.181818,0.636364
3,q00057,finance,8,0.320982,0.453531,0.32606,0.745791,0.412532,0.721169,0.25,0.625
3,q00058,marketing,9,0.131399,0.284184,0.222446,0.461691,0.548419,0.249526,0.222222,0.333333
3,q00059,legal,12,0.56139,0.679113,0.418918,0.29026,0.466642,0.227938,0.416667,0.25
3,q00060,finance,10,0.235338,0.395206,0.359409,0.747159,0.56537,0.602808,0.4,0.7
3,q00061,security,11,0.311668,0.551305,0.286346,0.583618,0.544676,0.351068,0.181818,0.454545
3,q00062,engineering,10,0.471489,0.58413,0.933746,1.0,1.0,1.0,0.9,1.0
3,q00063,logistics,7,0.234006,0.404306,0.082746,0.763112,0.783704,0.326521,0.142857,0.714286
3,q00064,security,15,0.219245,0.510739,0.444097,0.851236,0.777872,0.8237,0.2,0.533333
3,q00065,marketing,10,0.292765,0.272108,0.315163,0.220092,0.722295,0.0,0.3,0.1
3,q00066,marketing,6,0.22088,0.310835,0.21793,0.623847,0.493523,0.584616,0.333333,0.5
3,q00067,personnel,10,0.256253,0.451661,0.158409,0.110046,0.358954,0.358954,0.2,0.1
3,q00068,finance,15,0.404001,0.490585,0.59586,0.926636,0.933746,0.836459,0.333333,0.6
3,q00069,research,10,0.237745,0.372166,0.0,0.598875,0.538886,0.598395,0.0,0.5
3,q00070,logistics,10,0.333012,0.449523,0.522496,0.936379,0.866948,0.921602,0.4,0.9
3,q00071,engineering,17,0.421099,0.498367,0.800694,1.0,0.936379,1.0,0.411765,0.588235
3,q00072,logistics,8,0.386391,0.481838,0.543523,0.705246,0.590178,0.789561,0.5,0.625
3,q00073,logistics,12,0.400393,0.547819,0.632541,0.693761,0.579783,0.623574,0.416667,0.5
3,q00074,legal,7,0.422596,0.520961,0.459503,0.893663,0.882464,1.0,0.428571,0.857143
3,q00075,procurement,10,0.328461,0.55409,0.353598,0.532141,0.242618,0.500973,0.4,0.4
3,q00076,legal,7,0.483276,0.660987,0.539929,0.884784,0.802038,0.810462,0.428571,0.857143
3,q00077,research,7,0.293015,0.459825,0.479126,0.669056,0.889919,0.518651,0.428571,0.714286
3,q00078,finance,9,0.168913,0.410541,0.083725,0.555327,0.579172,0.427202,0.111111,0.444444
3,q00079,finance,7,0.399492,0.485797,0.566687,0.810462,0.527761,0.810462,0.428571,0.714286
3,q00080,research,11,0.342023,0.648688,0.38317,0.914857,0.926636,0.852171,0.454545,0.818182
3,q00081,facilities,9,0.36823,0.570896,0.838316,0.997188,0.929244,0.997188,0.777778,1.0
3,q00082,legal,9,0.389684,0.475252,0.239225,0.834923,0.746274,0.776747,0.222222,0.777778
3,q00083,finance,7,0.399492,0.485797,0.566687,0.810462,0.527761,0.810462,0.428571,0.714286
3,q00084,engineering,9,0.374267,0.529695,0.759968,1.0,0.929244,1.0,0.666667,1.0
3,q00085,security,7,0.229463,0.438217,0.082746,0.724556,0.463959,0.759737,0.142857,0.714286
3,q00086,procurement,16,0.262009,0.555396,0.0,0.936379,0.848238,0.855348,0.0,0.5625
3,q00087,marketing,10,0.261929,0.296056,0.517363,0.444097,0.800694,0.220092,0.4,0.3
3,q00088,personnel,10,0.272233,0.429462,0.158507,0.173667,0.444097,0.293456,0.2,0.2
3,q00089,research,7,0.311719,0.623496,0.412314,0.570751,0.589685,0.381213,0.285714,0.571429
3,q00090,facilities,12,0.3921,0.528149,0.367459,0.445199,0.58875,0.642187,0.416667,0.416667
3,q00091,logistics,7,0.488161,0.549276,0.310866,0.444336,0.46067,0.417203,0.285714,0.428571
3,q00092,finance,7,0.237038,0.429577,0.261085,0.683655,0.354333,0.668488,0.428571,0.571429
3,q00093,finance,15,0.235594,0.367467,0.151762,1.0,0.857981,0.728086,0.133333,0.666667
3,q00094,facilities,11,0.387828,0.556236,0.791727,0.933746,0.781805,1.0,0.636364,0.818182
3,q00095,research,6,0.160114,0.305277,0.302602,0.79764,0.876016,0.696773,0.166667,0.833333
3,q00096,security,15,0.274358,0.395767,0.652088,0.431542,0.350313,0.513529,0.4,0.266667
3,q00097,logistics,12,0.400393,0.547819,0.632541,0.693761,0.579783,0.623574,0.416667,0.5
3,q00098,research,8,0.254395,0.492086,0.169895,0.906249,0.803098,0.578775,0.25,0.875
3,q00099,finance,9,0.325876,0.480887,0.352568,0.845519,0.670038,0.850896,0.222222,0.777778
3,q00100,engineering,19,0.459947,0.514139,1.0,1.0,0.921602,1.0,0.526316,0.526316
3,q00101,logistics,12,0.471807,0.606509,0.617764,0.936379,0.936379,0.936379,0.416667,0.75
3,q00102,legal,12,0.56139,0.679113,0.418918,0.29026,0.466642,0.227938,0.416667,0.25
3,q00103,procurement,4,0.256345,0.341006,0.130127,0.759834,0.636682,0.73659,0.25,0.75
3,q00104,legal,11,0.41016,0.595426,0.31488,0.346853,0.513508,0.261808,0.181818,0.363636
3,q00105,legal,7,0.422596,0.520961,0.459503,0.893663,0.882464,1.0,0.428571,0.857143
3,q00106,facilities,13,0.413534,0.516705,0.796761,1.0,0.936379,1.0,0.538462,0.769231
3,q00107,security,7,0.229463,0.438217,0.082746,0.724556,0.463959,0.759737,0.142857,0.714286
3,q00108,legal,9,0.348467,0.423201,0.352568,0.746999,0.685819,0.818418,0.222222,0.666667
3,q00109,procurement,8,0.324512,0.354406,0.0,0.0,0.343043,0.0,0.0,0.0
3,q00110,finance,15,0.235594,0.367467,0.151762,1.0,0.857981,0.728086,0.133333,0.666667
3,q00111,security,5,0.295287,0.580538,0.50874,1.0,0.722727,0.77562,0.4,1.0
3,q00112,research,6,0.160114,0.305277,0.302602,0.79764,0.876016,0.696773,0.166667,0.833333
3,q00113,security,10,0.314328,0.425365,0.147829,0.561713,0.286692,0.435456,0.2,0.6
3,q00114,logistics,10,0.252564,0.350353,0.383633,0.627507,0.705808,0.703407,0.3,0.5
3,q00115,security,8,0.299486,0.432865,0.323698,0.859572,0.812048,0.63447,0.375,0.875
3,q00116,engineering,12,0.471348,0.56476,0.769526,1.0,0.930569,0.864315,0.583333,0.833333
3,q00117,security,8,0.274409,0.480439,0.508225,0.714491,0.915686,0.822354,0.5,0.75
3,q00118,legal,9,0.473161,0.590121,0.484571,0.532447,0.537823,0.344169,0.333333,0.444444
3,q00119,engineering,10,0.342032,0.486262,0.851236,1.0,1.0,1.0,0.8,1.0
3,q00120,legal,7,0.361255,0.449664,0.180659,0.36251,0.310866,0.496436,0.285714,0.428571
3,q00121,research,10,0.234729,0.43527,0.305235,0.227162,0.220829,0.18341,0.2,0.3
3,q00122,engineering,13,0.467464,0.625776,0.933746,1.0,1.0,1.0,0.692308,0.769231
3,q00123,procurement,10,0.316957,0.523165,0.261443,0.586795,0.274265,0.538431,0.3,0.5
3,q00124,research,12,0.216384,0.488871,0.290625,0.78855,0.866948,0.81659,0.25,0.583333
3,q00125,research,6,0.219193,0.349357,0.151301,0.540715,0.862755,0.528387,0.166667,0.5
3,q00126,security,7,0.297377,0.467864,0.448304,0.882464,0.764081,0.688567,0.285714,0.857143
3,q00127,logistics,6,0.415666,0.57826,0.432926,0.517545,0.295627,0.610586,0.333333,0.833333
3,q00128,finance,7,0.289087,0.474475,0.304177,0.981544,0.79575,0.881495,0.428571,1.0
3,q00129,finance,7,0.298378,0.502848,0.137438,0.683655,0.445959,0.774825,0.142857,0.571429
3,q00130,logistics,8,0.229341,0.396063,0.0,0.882893,0.539003,0.858158,0.0,0.875
3,q00131,engineering,19,0.492984,0.632505,1.0,1.0,1.0,1.0,0.526316,0.526316
3,q00132,marketing,17,0.128104,0.266591,0.374666,0.770204,0.562193,0.327307,0.176471,0.411765
3,q00133,logistics,7,0.234006,0.404306,0.082746,0.763112,0.783704,0.326521,0.142857,0.714286
3,q00134,engineering,9,0.404953,0.476823,0.56292,0.929244,0.90587,0.977015,0.444444,0.888889
3,q00135,logistics,9,0.386352,0.421947,0.457491,0.618874,0.451286,0.573009,0.333333,0.555556
3,q00136,research,11,0.322855,0.636615,0.431996,0.77216,0.72733,0.72733,0.454545,0.636364
3,q00137,procurement,9,0.191832,0.335779,0.067943,0.568809,0.500866,0.746999,0.111111,0.444444
3,q00138,research,6,0.266368,0.426561,0.130324,0.706046,0.870609,0.644824,0.166667,0.666667
3,q00139,legal,12,0.485255,0.625153,0.617284,0.870125,0.864315,0.936379,0.416667,0.666667
3,q00140,marketing,10,0.253467,0.279856,0.358954,0.397192,0.712552,0.066254,0.2,0.4
3,q00141,personnel,14,0.425707,0.646344,0.527106,1.0,0.870125,0.718363,0.285714,0.714286
3,q00142,security,11,0.162072,0.401683,0.073364,0.347629,0.359409,0.237584,0.090909,0.363636
3,q00143,research,12,0.271798,0.580932,0.567227,0.756448,0.848238,0.648932,0.416667,0.583333
3,q00144,procurement,16,0.262922,0.552638,0.094788,1.0,0.936379,1.0,0.0625,0.625
3,q00145,personnel,6,0.402973,0.582262,0.342222,1.0,0.965137,0.95808,0.333333,1.0
3,q00146,logistics,8,0.13854,0.261318,0.169895,0.745791,0.539003,0.608469,0.25,0.625
3,q00147,research,10,0.220891,0.31881,0.0,0.383633,0.204834,0.305235,0.0,0.3
3,q00148,facilities,6,0.258207,0.527347,0.501484,0.983303,0.961701,0.937238,0.5,1.0
3,q00149,legal,12,0.56139,0.679113,0.418918,0.29026,0.466642,0.227938,0.416667,0.25
3,q00150,marketing,6,0.276946,0.360894,0.195261,0.528387,0.493523,0.493523,0.333333,0.5
3,q00151,logistics,13,0.372564,0.526051,0.554143,0.674936,0.451865,0.864315,0.307692,0.461538
3,q00152,security,16,0.347107,0.502314,0.469454,0.933746,0.921602,0.702631,0.25,0.5625
3,q00153,logistics,10,0.252564,0.350353,0.383633,0.627507,0.705808,0.703407,0.3,0.5
3,q00154,legal,13,0.387954,0.586176,0.248908,0.751092,0.820069,0.796761,0.153846,0.615385
3,q00155,legal,13,0.356423,0.492066,0.493679,0.728086,0.838957,0.870125,0.307692,0.538462
3,q00156,procurement,12,0.263827,0.407985,0.243552,0.784982,0.563788,0.852171,0.25,0.583333
3,q00157,research,7,0.306157,0.622275,0.417203,0.770936,0.704125,0.546217,0.428571,0.714286
3,q00158,marketing,9,0.247421,0.295707,0.117523,0.148297,0.675518,0.0,0.111111,0.111111
3,q00159,logistics,13,0.372564,0.526051,0.554143,0.674936,0.451865,0.864315,0.307692,0.461538
3,q00160,logistics,12,0.420671,0.590685,0.58875,0.933746,0.866948,0.72733,0.416667,0.75
3,q00161,marketing,10,0.228654,0.244043,0.510352,0.609073,0.563788,0.129875,0.4,0.6
3,q00162,personnel,13,0.313875,0.51922,0.463644,0.643121,0.703407,0.633297,0.307692,0.461538
3,q00163,security,16,0.355439,0.429781,0.248908,0.690648,0.639944,0.69684,0.125,0.375
3,q00164,marketing,10,0.37151,0.455796,0.305235,0.72733,0.604686,0.532621,0.2,0.6
3,q00165,legal,7,0.483276,0.660987,0.539929,0.884784,0.802038,0.810462,0.428571,0.857143
3,q00166,engineering,19,0.459947,0.514139,1.0,1.0,0.921602,1.0,0.526316,0.526316
3,q00167,personnel,7,0.349437,0.538153,0.448304,0.844106,0.673023,0.561872,0.285714,0.857143
3,q00168,procurement,8,0.179947,0.322612,0.126471,0.821935,0.9099,0.906249,0.125,0.75
3,q00169,procurement,8,0.347723,0.40491,0.0,0.254209,0.601263,0.65857,0.0,0.375
3,q00170,research,12,0.235299,0.497891,0.220092,0.722295,0.777872,0.620762,0.083333,0.5
3,q00171,marketing,10,0.13002,0.354435,0.073364,0.708441,0.684383,0.617764,0.1,0.6
3,q00172,engineering,8,0.389694,0.526665,0.825586,1.0,0.996349,1.0,0.75,1.0
3,q00173,personnel,6,0.435086,0.622913,0.525779,1.0,0.979683,0.882937,0.666667,1.0
3,q00174,security,4,0.3777,0.611658,0.811785,1.0,0.892754,0.883824,1.0,1.0
3,q00175,logistics,14,0.387895,0.52291,0.453743,0.930569,0.926636,0.936379,0.214286,0.642857
3,q00176,legal,8,0.342745,0.582507,0.159589,0.991829,0.996349,0.996349,0.125,1.0
3,q00177,logistics,14,0.305603,0.420561,0.532621,0.547398,0.506784,0.637152,0.285714,0.285714
3,q00178,security,9,0.364724,0.508812,0.759968,1.0,0.929244,1.0,0.666667,1.0
3,q00179,research,10,0.220891,0.31881,0.0,0.383633,0.204834,0.305235,0.0,0.3
3,q00180,research,6,0.304279,0.431087,0.242394,0.610586,0.775148,0.644824,0.333333,0.5
3,q00181,research,8,0.279917,0.468019,0.159589,0.649757,0.539003,0.412532,0.125,0.625
3,q00182,security,7,0.390183,0.552343,0.6646,0.875207,0.712388,0.897175,0.571429,0.857143
3,q00183,personnel,13,0.313875,0.51922,0.463644,0.643121,0.703407,0.633297,0.307692,0.461538
3,q00184,security,4,0.339594,0.591338,0.688601,1.0,0.883824,0.961999,1.0,1.0
3,q00185,legal,13,0.387954,0.586176,0.248908,0.751092,0.820069,0.796761,0.153846,0.615385
3,q00186,logistics,10,0.330075,0.459511,0.085143,0.936379,0.936379,0.863015,0.1,0.9
3,q00187,facilities,6,0.397914,0.563388,0.100867,0.225784,0.393695,0.688784,0.166667,0.333333
3,q00188,logistics,12,0.420671,0.590685,0.58875,0.933746,0.866948,0.72733,0.416667,0.75
3,q00189,engineering,10,0.471489,0.58413,0.933746,1.0,1.0,1.0,0.9,1.0
3,q00190,marketing,6,0.276946,0.360894,0.195261,0.528387,0.493523,0.493523,0.333333,0.5
3,q00191,procurement,10,0.328535,0.507086,0.142795,0.573972,0.297369,0.550966,0.2,0.5
3,q00192,security,7,0.390183,0.552343,0.6646,0.875207,0.712388,0.897175,0.571429,0.857143
3,q00193,personnel,10,0.222676,0.424757,0.18341,0.138862,0.358954,0.330138,0.2,0.1
3,q00194,personnel,6,0.402973,0.582262,0.342222,1.0,0.965137,0.95808,0.333333,1.0
3,q00195,legal,13,0.387954,0.586176,0.248908,0.751092,0.820069,0.796761,0.153846,0.615385
3,q00196,legal,8,0.267075,0.482273,0.0901,0.988803,0.996349,0.9099,0.125,1.0
3,q00197,finance,10,0.267906,0.425984,0.353144,0.631342,0.586116,0.567721,0.3,0.6
3,q00198,finance,10,0.229354,0.400471,0.388244,0.796761,0.841493,0.653147,0.3,0.7
3,q00199,personnel,11,0.385265,0.531113,0.362111,0.517461,0.693663,0.652864,0.272727,0.363636
4,q00000,facilities,12,0.285336,0.524955,0.728912,0.930569,0.69684,0.936379,0.583333,0.75
4,q00001,facilities,12,0.438223,0.575909,0.775337,0.864315,0.933746,0.936379,0.583333,0.666667
4,q00002,personnel,9,0.20355,0.480573,0.222446,0.61336,0.474271,0.383828,0.222222,0.555556
4,q00003,logistics,12,0.355662,0.46687,0.617764,0.718363,0.617284,0.779171,0.416667,0.5
4,q00004,marketing,9,0.151916,0.3154,0.404007,0.571621,0.383343,0.410423,0.444444,0.444444
4,q00005,legal,12,0.367475,0.452162,0.283713,0.779171,0.779171,0.841591,0.166667,0.583333
4,q00006,procurement,10,0.32101,0.528199,0.138862,0.567721,0.337208,0.620397,0.1,0.5
4,q00007,security,9,0.213208,0.431195,0.148297,0.756575,0.514622,0.697419,0.111111,0.666667
4,q00008,procurement,16,0.332766,0.383091,0.283713,0.860382,0.921602,0.772062,0.125,0.5
4,q00009,personnel,11,0.257546,0.492008,0.330138,0.775337,0.72733,0.738192,0.181818,0.636364
4,q00010,research,9,0.259675,0.556642,0.461691,0.391618,0.484571,0.450774,0.333333,0.444444
4,q00011,personnel,16,0.251142,0.455492,0.620762,0.642942,0.72733,0.696162,0.3125,0.375
4,q00012,logistics,10,0.261236,0.429454,0.202483,0.715551,0.648932,0.857205,0.2,0.6
4,q00013,marketing,6,0.252792,0.364358,0.393695,0.775148,0.208155,0.775148,0.333333,0.666667
4,q00014,procurement,6,0.373868,0.400871,0.0,0.505852,0.644824,0.190921,0.0,0.5
4,q00015,security,16,0.281625,0.460629,0.248908,0.073364,0.147829,0.063621,0.125,0.0625
4,q00016,marketing,12,0.343475,0.392705,0.220092,0.330874,0.469,0.247031,0.083333,0.333333
4,q00017,personnel,9,0.181149,0.443039,0.0,0.552515,0.474271,0.313394,0.0,0.444444
4,q00018,engineering,13,0.441194,0.651795,0.715551,1.0,1.0,1.0,0.461538,0.769231
4,q00019,marketing,6,0.262295,0.282301,0.087472,0.0,0.09546,0.0,0.166667,0.0
4,q00020,marketing,13,0.395487,0.40511,0.236905,0.605505,0.870125,0.510069,0.230769,0.384615
4,q00021,marketing,14,0.197041,0.237985,0.493679,0.637152,0.469,0.469,0.285714,0.357143
4,q00022,logistics,11,0.471461,0.547625,0.507718,0.72733,0.648932,0.379603,0.363636,0.545455
4,q00023,security,13,0.205886,0.522379,0.078398,0.72733,0.397192,0.554801,0.076923,0.461538
4,q00024,research,14,0.31369,0.549954,0.586892,0.790951,0.705808,0.678504,0.357143,0.5
4,q00025,finance,12,0.384102,0.53786,0.358954,0.936379,0.627409,0.870125,0.166667,0.75
4,q00026,procurement,18,0.191998,0.296431,0.224663,0.870125,0.930569,0.507238,0.166667,0.444444
4,q00027,finance,18,0.195208,0.448431,0.138862,0.564544,1.0,0.857981,0.055556,0.277778
4,q00028,engineering,12,0.405785,0.512459,0.800694,1.0,0.926636,1.0,0.583333,0.833333
4,q00029,marketing,6,0.262295,0.282301,0.087472,0.0,0.09546,0.0,0.166667,0.0
4,q00030,logistics,11,0.471461,0.547625,0.507718,0.72733,0.648932,0.379603,0.363636,0.545455
4,q00031,procurement,6,0.284517,0.486585,0.09546,0.334858,0.453904,0.087472,0.166667,0.5
4,q00032,finance,17,0.22242,0.463065,0.277705,0.857981,0.870125,0.936379,0.235294,0.470588
4,q00033,logistics,15,0.350002,0.489721,0.343697,0.72733,0.49464,0.831848,0.2,0.4
4,q00034,facilities,20,0.34098,0.624123,0.930569,1.0,1.0,1.0,0.45,0.5
4,q00035,security,14,0.359572,0.527497,0.538886,0.705905,0.501749,0.547398,0.285714,0.428571
4,q00036,personnel,16,0.342706,0.479079,0.38148,0.0,0.142019,0.236905,0.25,0.0
4,q00037,personnel,11,0.376651,0.542456,0.538886,0.796761,0.648932,0.701973,0.363636,0.636364
4,q00038,finance,13,0.215429,0.507558,0.204834,0.620397,0.642924,0.790951,0.153846,0.384615
4,q00039,legal,18,0.438272,0.586319,0.452147,1.0,1.0,0.870125,0.277778,0.555556
4,q00040,legal,9,0.329115,0.448717,0.235046,0.839314,0.825347,0.519546,0.111111,0.777778
4,q00041,legal,9,0.353838,0.52229,0.313394,0.855096,0.925851,0.599878,0.222222,0.777778
4,q00042,research,14,0.224258,0.490289,0.517363,0.930569,0.800694,0.791727,0.285714,0.642857
4,q00043,personnel,12,0.385947,0.52341,0.274548,0.469,0.538431,0.620397,0.25,0.25
4,q00044,security,10,0.200123,0.459818,0.110046,0.791727,0.510716,0.630043,0.1,0.7
4,q00045,legal,12,0.367391,0.454469,0.188444,0.435475,0.31834,0.661831,0.166667,0.333333
4,q00046,logistics,11,0.368117,0.449125,0.507238,0.779171,0.598875,0.800694,0.454545,0.636364
4,q00047,personnel,9,0.294029,0.522846,0.2929,0.771371,0.58459,0.56292,0.333333,0.666667
4,q00048,marketing,9,0.26937,0.30375,0.090928,0.0,0.317574,0.0,0.111111,0.0
4,q00049,legal,14,0.407798,0.567947,0.173187,0.648932,0.570404,0.404238,0.142857,0.357143
4,q00050,security,9,0.276335,0.455133,0.067943,0.685819,0.505065,0.628751,0.111111,0.555556
4,q00051,finance,13,0.215429,0.507558,0.204834,0.620397,0.642924,0.790951,0.153846,0.384615
4,q00052,finance,12,0.231743,0.416653,0.47479,0.753814,0.696938,0.747935,0.333333,0.583333
4,q00053,marketing,15,0.142981,0.306105,0.358954,0.648932,0.870125,0.554143,0.133333,0.333333
4,q00054,procurement,6,0.373868,0.400871,0.0,0.505852,0.644824,0.190921,0.0,0.5
4,q00055,personnel,14,0.249061,0.510814,0.449887,0.933746,0.800694,0.785916,0.285714,0.642857
4,q00056,engineering,15,0.470836,0.533686,0.863015,1.0,0.930569,1.0,0.533333,0.666667
4,q00057,procurement,16,0.278713,0.321208,0.283713,0.604686,0.648932,0.608618,0.125,0.3125
4,q00058,legal,19,0.480013,0.683514,0.424926,0.195189,0.539187,0.283233,0.157895,0.105263
4,q00059,engineering,21,0.346954,0.393562,0.921602,1.0,1.0,1.0,0.428571,0.47619
4,q00060,facilities,12,0.313135,0.543358,0.586872,1.0,1.0,1.0,0.5,0.833333
4,q00061,procurement,4,0.251108,0.330957,0.0,0.41443,0.139056,0.0,0.0,0.5
4,q00062,marketing,15,0.142981,0.306105,0.358954,0.648932,0.870125,0.554143,0.133333,0.333333
4,q00063,research,14,0.31369,0.549954,0.586892,0.790951,0.705808,0.678504,0.357143,0.5
4,q00064,research,9,0.256569,0.452383,0.38415,0.61297,0.525435,0.737573,0.333333,0.555556
4,q00065,facilities,14,0.290106,0.532154,0.724153,1.0,0.870125,1.0,0.5,0.714286
4,q00066,logistics,13,0.481413,0.634599,0.507718,0.790951,0.753814,0.568004,0.307692,0.538462
4,q00067,legal,19,0.390184,0.577567,0.312529,0.700773,0.627409,0.8237,0.157895,0.315789
4,q00068,marketing,15,0.12283,0.264758,0.330138,0.601572,0.870125,0.532621,0.133333,0.333333
4,q00069,research,14,0.256287,0.428397,0.0,0.675416,0.784617,0.469,0.0,0.428571
4,q00070,personnel,14,0.289177,0.508253,0.283713,0.866948,0.793584,0.706584,0.142857,0.571429
4,q00071,procurement,9,0.397901,0.549052,0.151668,0.340454,0.500866,0.477642,0.222222,0.333333
4,q00072,finance,13,0.279864,0.553462,0.245731,0.784617,0.796761,0.857205,0.230769,0.538462
4,q00073,logistics,9,0.239235,0.413587,0.232022,0.838316,0.685819,0.838316,0.222222,0.777778
4,q00074,marketing,15,0.12283,0.264758,0.330138,0.601572,0.870125,0.532621,0.133333,0.333333
4,q00075,research,14,0.268992,0.510916,0.353144,0.77216,0.870125,0.715186,0.214286,0.5
4,q00076,engineering,15,0.260833,0.406091,0.532621,0.855348,0.693663,0.933746,0.266667,0.533333
4,q00077,security,17,0.328683,0.542162,0.47479,0.870125,0.763095,0.863015,0.235294,0.470588
4,q00078,marketing,9,0.168876,0.326999,0.208451,0.568809,0.529635,0.585398,0.222222,0.444444
4,q00079,marketing,16,0.241035,0.388563,0.350313,0.936379,0.800694,0.863015,0.25,0.5625
4,q00080,personnel,16,0.303328,0.497559,0.742125,0.687951,0.800694,0.775337,0.4375,0.4375
4,q00081,engineering,20,0.320652,0.381272,0.930569,1.0,1.0,1.0,0.45,0.5
4,q00082,finance,11,0.390606,0.562279,0.396392,0.750637,0.718363,0.860382,0.272727,0.636364
4,q00083,research,16,0.260118,0.597572,0.322272,0.775239,1.0,0.921602,0.1875,0.4375
4,q00084,engineering,16,0.348092,0.522038,0.428385,1.0,1.0,1.0,0.1875,0.625
4,q00085,security,15,0.335605,0.567823,0.787774,1.0,0.841591,0.870125,0.533333,0.666667
4,q00086,marketing,13,0.371558,0.464195,0.368376,0.870125,0.870125,0.746705,0.307692,0.615385
4,q00087,marketing,10,0.169112,0.216787,0.0,0.063621,0.286346,0.1763,0.0,0.1
4,q00088,facilities,12,0.226694,0.485195,0.199306,0.933746,0.800694,0.866948,0.25,0.75
4,q00089,security,16,0.281625,0.460629,0.248908,0.073364,0.147829,0.063621,0.125,0.0625
4,q00090,logistics,17,0.35393,0.558841,0.366703,1.0,0.637113,1.0,0.235294,0.588235
4,q00091,research,9,0.270956,0.480424,0.225817,0.568809,0.58459,0.730882,0.333333,0.444444
4,q00092,finance,18,0.346401,0.442631,0.396738,1.0,1.0,1.0,0.222222,0.555556
4,q00093,security,13,0.315147,0.584185,0.094788,0.72733,0.591927,0.469,0.076923,0.461538
4,q00094,procurement,16,0.337626,0.371129,0.368376,0.630043,0.772062,0.129875,0.25,0.3125
4,q00095,marketing,10,0.278183,0.314578,0.0,0.0,0.498271,0.0,0.0,0.0
4,q00096,facilities,18,0.400585,0.513708,0.286346,0.212226,0.598875,0.602506,0.111111,0.111111
4,q00097,research,14,0.224258,0.490289,0.517363,0.930569,0.800694,0.791727,0.285714,0.642857
4,q00098,marketing,17,0.292382,0.339311,0.537008,0.698796,0.469,0.705905,0.294118,0.352941
4,q00099,security,9,0.313294,0.416531,0.101229,0.744993,0.461691,0.2929,0.111111,0.777778
4,q00100,engineering,12,0.375177,0.584528,0.864315,1.0,1.0,1.0,0.666667,0.833333
4,q00101,finance,18,0.195208,0.448431,0.138862,0.564544,1.0,0.857981,0.055556,0.277778
4,q00102,finance,10,0.33065,0.505846,0.305235,0.857205,0.627409,0.800694,0.2,0.8
4,q00103,finance,18,0.195208,0.448431,0.138862,0.564544,1.0,0.857981,0.055556,0.277778
4,q00104,marketing,12,0.06624,0.256145,0.138862,0.703407,0.718363,0.68045,0.083333,0.5
4,q00105,personnel,16,0.229201,0.457692,0.321951,0.209049,0.437807,0.434175,0.25,0.1875
4,q00106,personnel,14,0.249061,0.510814,0.449887,0.933746,0.800694,0.785916,0.285714,0.642857
4,q00107,logistics,11,0.312598,0.42782,0.293456,0.501729,0.305235,0.338169,0.181818,0.454545
4,q00108,logistics,10,0.222833,0.327403,0.085143,0.233651,0.217261,0.687195,0.1,0.2
4,q00109,engineering,12,0.354019,0.465616,0.507238,0.933746,1.0,1.0,0.416667,0.75
4,q00110,security,15,0.25318,0.543562,0.205117,0.632541,0.750336,0.691128,0.133333,0.333333
4,q00111,research,12,0.285909,0.426155,0.215383,0.632541,0.718363,0.936379,0.25,0.416667
4,q00112,research,15,0.347941,0.571565,0.188444,0.800694,0.866948,0.864315,0.133333,0.466667
4,q00113,logistics,15,0.228552,0.358768,0.220092,0.661831,0.383633,0.621217,0.066667,0.4
4,q00114,engineering,21,0.38938,0.523763,1.0,1.0,1.0,1.0,0.47619,0.47619
4,q00115,research,16,0.277515,0.595931,0.280882,0.444853,0.785916,0.635256,0.1875,0.25
4,q00116,facilities,12,0.313135,0.543358,0.586872,1.0,1.0,1.0,0.5,0.833333
4,q00117,engineering,20,0.429103,0.498252,1.0,1.0,0.914857,1.0,0.5,0.5
4,q00118,procurement,14,0.189428,0.348355,0.0,0.69684,0.72733,0.711618,0.0,0.428571
4,q00119,procurement,7,0.262963,0.285502,0.0,0.0,0.0,0.086714,0.0,0.0
4,q00120,engineering,16,0.354637,0.413963,0.444097,0.933746,0.926636,0.905212,0.1875,0.5625
4,q00121,procurement,4,0.225448,0.288271,0.318341,0.269183,0.251901,0.318341,0.5,0.5
4,q00122,procurement,14,0.275558,0.290115,0.094788,0.0,0.0,0.0,0.071429,0.0
4,q00123,legal,17,0.457565,0.594282,0.358954,0.535254,0.535254,0.713308,0.117647,0.235294
4,q00124,research,16,0.207245,0.406665,0.378501,0.633975,0.784617,0.602808,0.1875,0.375
4,q00125,security,14,0.30417,0.579751,0.331694,1.0,0.78855,0.857981,0.285714,0.714286
4,q00126,legal,14,0.47776,0.639871,0.683538,1.0,1.0,1.0,0.428571,0.714286
4,q00127,security,15,0.363614,0.516563,0.778807,1.0,0.836459,0.632079,0.466667,0.666667
4,q00128,procurement,7,0.1703,0.324786,0.255821,0.850393,0.653401,0.778793,0.285714,0.857143
4,q00129,facilities,14,0.298486,0.58679,0.662114,1.0,1.0,1.0,0.428571,0.714286
4,q00130,logistics,10,0.171929,0.328841,0.094788,0.605505,0.613653,0.793584,0.1,0.5
4,q00131,procurement,4,0.251108,0.330957,0.0,0.41443,0.139056,0.0,0.0,0.5
4,q00132,legal,5,0.359533,0.502464,0.146068,0.60604,0.485229,0.481606,0.2,0.6
4,q00133,procurement,10,0.32101,0.528199,0.138862,0.567721,0.337208,0.620397,0.1,0.5
4,q00134,engineering,5,0.454378,0.613139,0.966985,1.0,1.0,1.0,1.0,1.0
4,q00135,procurement,14,0.309798,0.49275,0.094788,0.517363,0.454479,0.555245,0.071429,0.285714
4,q00136,marketing,15,0.26156,0.299805,0.220092,0.248908,0.611795,0.085143,0.066667,0.133333
4,q00137,marketing,10,0.236685,0.290023,0.073364,0.232973,0.283713,0.408536,0.1,0.3
4,q00138,logistics,18,0.387857,0.544143,0.459533,0.855348,0.611019,0.921602,0.222222,0.444444
4,q00139,engineering,12,0.364768,0.486795,0.529444,1.0,0.870125,1.0,0.416667,0.833333
4,q00140,legal,17,0.452155,0.637336,0.358954,1.0,0.933746,1.0,0.117647,0.588235
4,q00141,personnel,12,0.385947,0.52341,0.274548,0.469,0.538431,0.620397,0.25,0.25
4,q00142,personnel,9,0.20355,0.480573,0.222446,0.61336,0.474271,0.383828,0.222222,0.555556
4,q00143,marketing,13,0.395487,0.40511,0.236905,0.605505,0.870125,0.510069,0.230769,0.384615
4,q00144,facilities,11,0.376804,0.575238,0.163541,0.302404,0.693663,0.614587,0.181818,0.272727
4,q00145,procurement,14,0.189428,0.348355,0.0,0.69684,0.72733,0.711618,0.0,0.428571
4,q00146,security,14,0.345664,0.607303,0.455779,1.0,0.800694,0.930569,0.357143,0.714286
4,q00147,personnel,9,0.308433,0.537625,0.158871,0.579214,0.67285,0.549226,0.222222,0.444444
4,q00148,engineering,16,0.370607,0.531672,0.538886,1.0,1.0,1.0,0.25,0.625
4,q00149,personnel,11,0.257546,0.492008,0.330138,0.775337,0.72733,0.738192,0.181818,0.636364
4,q00150,security,12,0.106866,0.270941,0.0,0.289523,0.220092,0.283713,0.0,0.166667
4,q00151,engineering,12,0.364768,0.486795,0.529444,1.0,0.870125,1.0,0.416667,0.833333
4,q00152,engineering,20,0.409446,0.61237,1.0,1.0,1.0,1.0,0.5,0.5
4,q00153,research,15,0.336966,0.645785,0.593361,1.0,0.870125,0.848238,0.333333,0.666667
4,q00154,logistics,18,0.326587,0.459859,0.305235,0.725452,0.630043,0.747935,0.111111,0.388889
4,q00155,personnel,14,0.352101,0.589464,0.400306,0.796761,0.796761,0.701973,0.285714,0.5
4,q00156,marketing,12,0.343475,0.392705,0.220092,0.330874,0.469,0.247031,0.083333,0.333333
4,q00157,finance,18,0.277033,0.47381,0.772062,1.0,0.866948,1.0,0.388889,0.555556
4,q00158,logistics,11,0.471461,0.547625,0.507718,0.72733,0.648932,0.379603,0.363636,0.545455
4,q00159,marketing,12,0.239527,0.310431,0.18341,0.4819,0.800694,0.43511,0.166667,0.333333
4,q00160,personnel,9,0.263997,0.520181,0.336576,0.726682,0.807843,0.569616,0.333333,0.666667
4,q00161,legal,18,0.469726,0.650192,0.246551,1.0,1.0,0.77216,0.166667,0.555556
4,q00162,finance,15,0.250255,0.541604,0.0,0.785916,0.866948,0.678049,0.0,0.466667
4,q00163,research,15,0.336966,0.645785,0.593361,1.0,0.870125,0.848238,0.333333,0.666667
4,q00164,marketing,14,0.226802,0.280129,0.297272,0.343018,0.527106,0.161043,0.214286,0.285714
4,q00165,personnel,15,0.397099,0.551113,0.31834,0.793584,0.864315,0.627507,0.2,0.466667
4,q00166,procurement,14,0.225598,0.307958,0.094788,0.689829,0.617764,0.49829,0.071429,0.428571
4,q00167,facilities,12,0.285336,0.524955,0.728912,0.930569,0.69684,0.936379,0.583333,0.75
4,q00168,engineering,14,0.394453,0.575795,0.687017,1.0,1.0,1.0,0.428571,0.714286
4,q00169,procurement,16,0.332766,0.383091,0.283713,0.860382,0.921602,0.772062,0.125,0.5
4,q00170,finance,17,0.172411,0.375289,0.063621,0.860382,0.857981,1.0,0.058824,0.470588
4,q00171,finance,11,0.35868,0.497493,0.358954,0.790951,0.453743,0.870125,0.181818,0.636364
4,q00172,security,12,0.106866,0.270941,0.0,0.289523,0.220092,0.283713,0.0,0.166667
4,q00173,procurement,17,0.268776,0.324743,0.327307,0.620397,0.800694,0.371489,0.176471,0.294118
4,q00174,engineering,5,0.454378,0.613139,0.966985,1.0,1.0,1.0,1.0,1.0
4,q00175,security,17,0.363468,0.456841,0.135685,0.866948,0.620762,0.614107,0.117647,0.470588
4,q00176,legal,14,0.491977,0.644951,0.476071,0.926636,0.860382,0.863015,0.357143,0.642857
4,q00177,procurement,16,0.278713,0.321208,0.283713,0.604686,0.648932,0.608618,0.125,0.3125
4,q00178,legal,19,0.390184,0.577567,0.312529,0.700773,0.627409,0.8237,0.157895,0.315789
4,q00179,legal,10,0.397228,0.578162,0.31488,0.574337,0.68045,0.647054,0.2,0.5
4,q00180,legal,10,0.408334,0.540915,0.283713,0.494357,0.527106,0.252841,0.2,0.4
4,q00181,facilities,17,0.253367,0.537269,0.763095,1.0,1.0,1.0,0.411765,0.588235
4,q00182,logistics,14,0.471108,0.571654,0.298027,0.753814,0.784617,0.933746,0.285714,0.5
4,q00183,research,14,0.224258,0.490289,0.517363,0.930569,0.800694,0.791727,0.285714,0.642857
4,q00184,marketing,15,0.26156,0.299805,0.220092,0.248908,0.611795,0.085143,0.066667,0.133333
4,q00185,marketing,16,0.275805,0.302905,0.085143,0.0,0.577425,0.073364,0.0625,0.0
4,q00186,marketing,13,0.238715,0.230198,0.0,0.0,0.0,0.069431,0.0,0.0
4,q00187,engineering,20,0.409446,0.61237,1.0,1.0,1.0,1.0,0.5,0.5
4,q00188,research,14,0.29455,0.530535,0.465823,0.870125,0.700773,0.687195,0.285714,0.571429
4,q00189,finance,19,0.195018,0.440069,0.573492,0.936379,0.648932,0.860382,0.315789,0.473684
4,q00190,security,16,0.281625,0.460629,0.248908,0.073364,0.147829,0.063621,0.125,0.0625
4,q00191,legal,18,0.438272,0.586319,0.452147,1.0,1.0,0.870125,0.277778,0.555556
4,q00192,research,14,0.274368,0.476995,0.085143,0.775337,0.712552,0.598875,0.071429,0.5
4,q00193,marketing,12,0.351785,0.459101,0.283713,0.777872,0.542364,0.60514,0.166667,0.583333
4,q00194,security,22,0.275492,0.443204,0.248908,0.576323,0.49464,0.855348,0.090909,0.227273
4,q00195,research,18,0.312755,0.481505,0.358954,0.848603,0.866948,0.926636,0.111111,0.444444
4,q00196,logistics,6,0.361739,0.454202,0.0,0.97403,0.731636,0.840085,0.0,1.0
4,q00197,research,15,0.347941,0.571565,0.188444,0.800694,0.866948,0.864315,0.133333,0.466667
4,q00198,legal,14,0.436536,0.640785,0.417061,0.936379,0.933746,0.933746,0.285714,0.642857
4,q00199,engineering,12,0.304028,0.513823,0.701973,1.0,0.784982,1.0,0.5,0.833333
5,q00000,finance,11,0.239256,0.535926,0.327307,0.857205,0.785916,0.691128,0.272727,0.727273
5,q00001,marketing,18,0.087696,0.260466,0.094788,0.784617,0.627409,0.642187,0.055556,0.388889
5,q00002,logistics,25,0.453185,0.627813,0.631624,0.866948,0.905212,0.760079,0.24,0.32
5,q00003,facilities,14,0.343847,0.525625,0.151762,0.373269,0.800694,0.588467,0.142857,0.285714
5,q00004,legal,14,0.367707,0.539184,0.0,0.408536,0.283515,0.215018,0.0,0.214286
5,q00005,procurement,14,0.254255,0.425807,0.195189,0.72733,0.800694,0.643121,0.142857,0.428571
5,q00006,facilities,19,0.398381,0.526259,0.325429,0.538886,0.796761,0.668306,0.210526,0.210526
5,q00007,finance,18,0.24781,0.547411,0.293456,0.756902,0.77216,0.588467,0.111111,0.388889
5,q00008,engineering,14,0.243479,0.434534,0.712552,1.0,0.936379,1.0,0.428571,0.714286
5,q00009,security,19,0.339857,0.462816,0.363341,0.784982,0.647054,0.851236,0.210526,0.368421
5,q00010,procurement,11,0.318755,0.53112,0.179931,0.605505,0.353144,0.212226,0.181818,0.454545
5,q00011,logistics,18,0.251807,0.490495,0.220092,1.0,0.926636,0.72733,0.055556,0.555556
5,q00012,facilities,13,0.377122,0.552739,0.633297,0.936379,0.936379,0.889954,0.461538,0.692308
5,q00013,security,17,0.301894,0.573423,0.5573,1.0,1.0,1.0,0.294118,0.588235
5,q00014,procurement,17,0.31638,0.453641,0.078398,0.069431,0.144652,0.330138,0.058824,0.058824
5,q00015,facilities,23,0.349325,0.553531,0.303838,0.930569,1.0,0.848603,0.173913,0.391304
5,q00016,marketing,19,0.275409,0.301615,0.400023,0.273587,0.069431,0.362887,0.157895,0.157895
5,q00017,personnel,20,0.19096,0.438113,0.538431,0.724153,0.444097,0.503324,0.2,0.35
5,q00018,logistics,16,0.367381,0.55313,0.416285,0.866948,0.864315,0.718363,0.3125,0.5
5,q00019,procurement,20,0.19905,0.294342,0.0,0.768227,0.61683,0.796761,0.0,0.35
5,q00020,research,13,0.305612,0.466536,0.0,0.778807,0.72733,0.564544,0.0,0.538462
5,q00021,personnel,13,0.203654,0.480451,0.466925,0.855348,0.563788,0.453743,0.384615,0.615385
5,q00022,legal,27,0.386201,0.54677,0.586892,1.0,0.838957,0.700773,0.185185,0.37037
5,q00023,procurement,16,0.247179,0.31524,0.0,0.604686,0.800694,0.220092,0.0,0.3125
5,q00024,legal,13,0.340816,0.553262,0.453743,0.866948,0.784617,0.614107,0.230769,0.615385
5,q00025,research,15,0.269044,0.642514,0.151397,0.914857,0.936379,0.760079,0.133333,0.6
5,q00026,marketing,13,0.309662,0.406411,0.0,0.775337,0.063621,0.42884,0.0,0.538462
5,q00027,logistics,16,0.423034,0.569373,0.469,0.826813,0.784617,0.702631,0.1875,0.5
5,q00028,research,23,0.19765,0.456323,0.466623,0.905212,1.0,0.479382,0.217391,0.391304
5,q00029,legal,18,0.401651,0.639865,0.293456,0.930569,0.567721,0.286692,0.111111,0.5
5,q00030,security,9,0.312754,0.463254,0.154481,0.532447,0.070756,0.726682,0.222222,0.444444
5,q00031,facilities,12,0.285595,0.615826,0.564544,1.0,0.870125,1.0,0.416667,0.833333
5,q00032,personnel,13,0.308679,0.504479,0.558076,0.665291,0.538886,0.538431,0.384615,0.461538
5,q00033,security,19,0.30454,0.525481,0.586872,0.855348,0.662114,0.870125,0.315789,0.421053
5,q00034,procurement,13,0.302816,0.546649,0.144652,0.547398,0.31488,0.312529,0.153846,0.307692
5,q00035,legal,10,0.41198,0.642826,0.204834,0.715551,0.637152,0.547398,0.2,0.6
5,q00036,facilities,12,0.285595,0.615826,0.564544,1.0,0.870125,1.0,0.416667,0.833333
5,q00037,marketing,15,0.14254,0.227661,0.094788,0.078398,0.271088,0.063621,0.066667,0.066667
5,q00038,research,15,0.222329,0.629145,0.242618,0.861138,0.866948,0.857205,0.2,0.6
5,q00039,personnel,19,0.329763,0.587439,0.532621,1.0,0.72733,0.614107,0.210526,0.526316
5,q00040,procurement,11,0.340697,0.388274,0.069431,0.698796,0.538431,0.330138,0.090909,0.545455
5,q00041,logistics,18,0.251807,0.490495,0.220092,1.0,0.926636,0.72733,0.055556,0.555556
5,q00042,engineering,15,0.244047,0.476692,0.633975,1.0,1.0,1.0,0.4,0.666667
5,q00043,logistics,16,0.254731,0.402112,0.646119,0.857205,0.624232,0.69684,0.375,0.5
5,q00044,logistics,18,0.214731,0.402,0.473387,0.864315,0.696162,0.767027,0.222222,0.444444
5,q00045,security,17,0.259626,0.564571,0.063621,0.407415,0.467103,0.543003,0.058824,0.235294
5,q00046,logistics,14,0.178852,0.304997,0.364744,0.537008,0.305235,0.620762,0.214286,0.357143
5,q00047,research,16,0.364648,0.517105,0.1763,0.796761,0.921602,0.784982,0.125,0.4375
5,q00048,marketing,15,0.14254,0.227661,0.094788,0.078398,0.271088,0.063621,0.066667,0.066667
5,q00049,finance,20,0.212678,0.473766,0.303082,0.860382,0.921602,0.855348,0.15,0.4
5,q00050,personnel,17,0.215091,0.510306,0.307015,1.0,0.648932,0.784617,0.176471,0.588235
5,q00051,procurement,18,0.252434,0.288137,0.0,0.085143,0.0,0.330138,0.0,0.055556
5,q00052,engineering,22,0.34205,0.452468,0.852171,1.0,1.0,1.0,0.363636,0.454545
5,q00053,legal,20,0.376714,0.519974,0.135685,0.838957,0.756902,0.392158,0.1,0.4
5,q00054,procurement,18,0.128936,0.268288,0.220092,0.936379,0.933746,0.307015,0.055556,0.5
5,q00055,security,12,0.214848,0.387981,0.110046,0.208294,0.29849,0.305235,0.083333,0.166667
5,q00056,marketing,19,0.275409,0.301615,0.400023,0.273587,0.069431,0.362887,0.157895,0.157895
5,q00057,finance,18,0.349474,0.4476,0.432318,1.0,0.403502,0.74119,0.166667,0.555556
5,q00058,procurement,16,0.12284,0.290258,0.066254,0.703407,0.790951,0.573492,0.0625,0.375
5,q00059,research,15,0.239896,0.610905,0.227162,0.841493,1.0,0.453743,0.2,0.533333
5,q00060,finance,14,0.185966,0.465624,0.43511,0.722295,0.708441,0.767027,0.285714,0.428571
5,q00061,research,15,0.215909,0.603908,0.569579,0.753814,0.598875,0.593361,0.333333,0.466667
5,q00062,procurement,13,0.314213,0.507074,0.179931,0.648932,0.362111,0.078398,0.153846,0.384615
5,q00063,facilities,21,0.393149,0.540247,0.841591,1.0,1.0,1.0,0.380952,0.47619
5,q00064,legal,15,0.411896,0.651064,0.321951,0.870125,0.81659,0.860382,0.266667,0.533333
5,q00065,facilities,21,0.393149,0.540247,0.841591,1.0,1.0,1.0,0.380952,0.47619
5,q00066,facilities,21,0.220055,0.460828,0.469737,0.701973,0.72733,0.716485,0.238095,0.285714
5,q00067,engineering,20,0.404067,0.577618,1.0,1.0,1.0,1.0,0.5,0.5
5,q00068,research,15,0.224336,0.615471,0.573038,0.860382,1.0,0.538886,0.333333,0.533333
5,q00069,engineering,21,0.311431,0.383728,0.728912,1.0,1.0,0.926636,0.333333,0.47619
5,q00070,procurement,13,0.314213,0.507074,0.179931,0.648932,0.362111,0.078398,0.153846,0.384615
5,q00071,research,19,0.291821,0.549589,0.753449,0.863015,0.870125,0.926636,0.368421,0.421053
5,q00072,facilities,13,0.218217,0.515775,0.775337,1.0,0.848238,0.838957,0.538462,0.769231
5,q00073,procurement,11,0.264814,0.425322,0.147829,0.469,0.576971,0.630043,0.181818,0.272727
5,q00074,personnel,13,0.328209,0.535646,0.110046,0.632541,0.72733,0.521098,0.076923,0.384615
5,q00075,procurement,17,0.15238,0.323029,0.110046,0.936379,0.930569,1.0,0.058824,0.529412
5,q00076,security,22,0.158495,0.436799,0.220092,0.933746,0.510069,0.705808,0.045455,0.409091
5,q00077,legal,20,0.411313,0.574766,0.601572,0.866948,0.866948,0.905212,0.25,0.4
5,q00078,engineering,10,0.335949,0.448697,0.220092,0.793584,0.753814,0.756448,0.1,0.7
5,q00079,legal,14,0.356646,0.575514,0.0,0.632541,0.521578,0.535254,0.0,0.357143
5,q00080,personnel,19,0.329763,0.587439,0.532621,1.0,0.72733,0.614107,0.210526,0.526316
5,q00081,finance,20,0.157328,0.415144,0.305235,0.782739,0.691128,0.838957,0.1,0.4
5,q00082,legal,15,0.440173,0.705656,0.151397,0.40414,0.312805,0.0,0.133333,0.333333
5,q00083,security,19,0.339857,0.462816,0.363341,0.784982,0.647054,0.851236,0.210526,0.368421
5,q00084,finance,21,0.279242,0.471236,0.0,1.0,0.722295,0.866948,0.0,0.47619
5,q00085,personnel,16,0.358082,0.623004,0.438287,1.0,0.870125,0.61683,0.25,0.625
5,q00086,legal,13,0.340816,0.553262,0.453743,0.866948,0.784617,0.614107,0.230769,0.615385
5,q00087,research,16,0.318206,0.493218,0.135685,0.671938,0.698796,0.413128,0.125,0.375
5,q00088,marketing,15,0.132483,0.249281,0.289523,0.252065,0.469,0.220092,0.133333,0.2
5,q00089,research,13,0.249973,0.426196,0.078398,0.683084,0.648932,0.415281,0.076923,0.461538
5,q00090,personnel,23,0.333317,0.60383,0.711618,0.930569,0.933746,0.936379,0.26087,0.391304
5,q00091,engineering,15,0.308091,0.369568,0.848603,0.860382,0.870125,0.933746,0.533333,0.533333
5,q00092,procurement,11,0.312709,0.522566,0.066254,0.589428,0.353144,0.173187,0.090909,0.454545
5,q00093,personnel,20,0.19096,0.438113,0.538431,0.724153,0.444097,0.503324,0.2,0.35
5,q00094,security,19,0.30454,0.525481,0.586872,0.855348,0.662114,0.870125,0.315789,0.421053
5,q00095,marketing,18,0.24846,0.30984,0.444097,0.936379,0.866948,0.498271,0.166667,0.5
5,q00096,facilities,22,0.316921,0.573243,0.787774,1.0,1.0,1.0,0.363636,0.454545
5,q00097,finance,20,0.212678,0.473766,0.303082,0.860382,0.921602,0.855348,0.15,0.4
5,q00098,finance,21,0.169384,0.42284,0.661831,0.930569,0.731545,0.637113,0.285714,0.428571
5,q00099,personnel,13,0.268623,0.512674,0.493679,0.930569,0.648932,0.507718,0.307692,0.692308
5,q00100,facilities,17,0.260854,0.550661,0.563788,1.0,1.0,1.0,0.235294,0.588235
5,q00101,legal,9,0.368313,0.474627,0.239225,0.850896,0.771371,0.579214,0.222222,0.777778
5,q00102,legal,13,0.321295,0.497793,0.517363,0.933746,0.863015,0.538886,0.307692,0.692308
5,q00103,procurement,17,0.192422,0.338034,0.368856,0.933746,0.72733,0.781984,0.176471,0.529412
5,q00104,logistics,13,0.424141,0.600191,0.424926,0.930569,0.852171,0.800694,0.230769,0.692308
5,q00105,facilities,14,0.291377,0.516169,0.31488,0.218016,0.469,0.535254,0.142857,0.214286
5,q00106,research,23,0.220482,0.498909,0.1763,0.889954,1.0,0.632541,0.086957,0.391304
5,q00107,legal,20,0.415803,0.6301,0.434175,0.864315,0.793584,0.770204,0.2,0.4
5,q00108,legal,15,0.31016,0.442943,0.31488,0.756448,0.715551,0.342101,0.133333,0.466667
5,q00109,facilities,12,0.295494,0.622591,0.469454,1.0,0.866948,1.0,0.333333,0.833333
5,q00110,finance,21,0.169384,0.42284,0.661831,0.930569,0.731545,0.637113,0.285714,0.428571
5,q00111,security,17,0.31289,0.468534,0.384594,0.456899,0.357058,0.47367,0.235294,0.235294
5,q00112,engineering,15,0.451782,0.51005,0.74167,0.870125,0.794883,0.767027,0.466667,0.533333
5,q00113,logistics,14,0.178852,0.304997,0.364744,0.537008,0.305235,0.620762,0.214286,0.357143
5,q00114,security,28,0.233586,0.413032,0.602328,0.921602,1.0,0.866948,0.214286,0.321429
5,q00115,facilities,21,0.309354,0.551233,0.81659,1.0,1.0,1.0,0.380952,0.47619
5,q00116,research,26,0.182128,0.379777,0.415281,0.432318,0.933746,0.68045,0.115385,0.115385
5,q00117,research,16,0.15882,0.337813,0.0,0.936379,0.800694,0.378303,0.0,0.5625
5,q00118,facilities,13,0.24718,0.52279,0.617764,1.0,0.936379,1.0,0.384615,0.769231
5,q00119,personnel,18,0.305218,0.453244,0.147829,0.576323,0.791727,0.136985,0.111111,0.277778
5,q00120,legal,18,0.388644,0.675529,0.399569,0.796761,0.650513,0.221193,0.166667,0.388889
5,q00121,security,22,0.158495,0.436799,0.220092,0.933746,0.510069,0.705808,0.045455,0.409091
5,q00122,legal,16,0.27579,0.46864,0.400023,0.921602,0.930569,0.608317,0.1875,0.5625
5,q00123,security,12,0.222614,0.335821,0.138862,0.138862,0.094788,0.205117,0.083333,0.083333
5,q00124,finance,18,0.362229,0.527275,0.330138,1.0,0.576971,0.652371,0.111111,0.555556
5,q00125,finance,17,0.227821,0.386128,0.376446,0.866948,0.848238,0.800694,0.235294,0.470588
5,q00126,personnel,20,0.266009,0.446203,0.483315,0.683538,0.642187,0.586892,0.25,0.3
5,q00127,marketing,20,0.348978,0.359051,0.0,0.601572,0.63322,0.094788,0.0,0.25
5,q00128,facilities,14,0.291377,0.516169,0.31488,0.218016,0.469,0.535254,0.142857,0.214286
5,q00129,engineering,20,0.362382,0.45947,0.930569,1.0,1.0,1.0,0.45,0.5
5,q00130,legal,20,0.469886,0.648055,0.67587,1.0,1.0,0.775994,0.3,0.5
5,q00131,engineering,15,0.451782,0.51005,0.74167,0.870125,0.794883,0.767027,0.466667,0.533333
5,q00132,procurement,17,0.342047,0.636413,0.535254,1.0,0.933746,0.701973,0.235294,0.588235
5,q00133,marketing,18,0.080196,0.214909,0.0,0.400306,0.535254,0.422095,0.0,0.222222
5,q00134,research,15,0.222329,0.629145,0.242618,0.861138,0.866948,0.857205,0.2,0.6
5,q00135,engineering,16,0.41199,0.612813,1.0,1.0,1.0,1.0,0.625,0.625
5,q00136,procurement,11,0.264814,0.425322,0.147829,0.469,0.576971,0.630043,0.181818,0.272727
5,q00137,marketing,16,0.219543,0.332137,0.168152,0.567043,0.444853,0.289977,0.125,0.3125
5,q00138,security,17,0.31289,0.468534,0.384594,0.456899,0.357058,0.47367,0.235294,0.235294
5,q00139,finance,15,0.284355,0.452529,0.500973,1.0,0.72733,0.857205,0.266667,0.666667
5,q00140,engineering,15,0.338609,0.542963,0.648932,1.0,0.933746,1.0,0.333333,0.666667
5,q00141,finance,17,0.35273,0.514953,0.139618,0.687017,0.632541,0.510069,0.117647,0.352941
5,q00142,personnel,16,0.380839,0.555016,0.286346,0.493216,0.715551,0.358954,0.125,0.375
5,q00143,marketing,19,0.275409,0.301615,0.400023,0.273587,0.069431,0.362887,0.157895,0.157895
5,q00144,legal,9,0.368313,0.474627,0.239225,0.850896,0.771371,0.579214,0.222222,0.777778
5,q00145,finance,11,0.170211,0.456913,0.424926,0.933746,0.72733,0.779171,0.272727,0.818182
5,q00146,facilities,19,0.398381,0.526259,0.325429,0.538886,0.796761,0.668306,0.210526,0.210526
5,q00147,facilities,12,0.285595,0.615826,0.564544,1.0,0.870125,1.0,0.416667,0.833333
5,q00148,security,12,0.067568,0.258524,0.0,0.151397,0.066254,0.248908,0.0,0.166667
5,q00149,engineering,17,0.358126,0.599074,0.864315,1.0,1.0,1.0,0.470588,0.588235
5,q00150,personnel,13,0.308679,0.504479,0.558076,0.665291,0.538886,0.538431,0.384615,0.461538
5,q00151,procurement,13,0.302816,0.546649,0.144652,0.547398,0.31488,0.312529,0.153846,0.307692
5,q00152,finance,21,0.28452,0.487322,0.0,1.0,0.648932,0.857981,0.0,0.47619
5,q00153,facilities,22,0.316921,0.573243,0.787774,1.0,1.0,1.0,0.363636,0.454545
5,q00154,facilities,22,0.316921,0.573243,0.787774,1.0,1.0,1.0,0.363636,0.454545
5,q00155,procurement,16,0.248556,0.25635,0.0,0.0,0.0,0.0,0.0,0.0
5,q00156,marketing,21,0.333714,0.465357,0.453743,0.775337,0.800694,0.466277,0.142857,0.333333
5,q00157,finance,12,0.196142,0.453118,0.356596,0.933746,0.602052,0.563788,0.333333,0.75
5,q00158,personnel,23,0.430142,0.612931,0.753814,1.0,0.870125,0.933746,0.304348,0.434783
5,q00159,procurement,16,0.248556,0.25635,0.0,0.0,0.0,0.0,0.0,0.0
5,q00160,procurement,20,0.19905,0.294342,0.0,0.768227,0.61683,0.796761,0.0,0.35
5,q00161,research,26,0.206594,0.371763,0.094788,0.158409,0.689829,0.31955,0.038462,0.076923
5,q00162,logistics,18,0.359174,0.539691,0.0,0.605505,0.532621,0.261808,0.0,0.277778
5,q00163,personnel,13,0.275523,0.481185,0.0,0.650033,0.662792,0.307015,0.0,0.538462
5,q00164,legal,13,0.321295,0.497793,0.517363,0.933746,0.863015,0.538886,0.307692,0.692308
5,q00165,finance,21,0.215227,0.482957,0.58875,0.936379,0.845426,0.857981,0.238095,0.428571
5,q00166,logistics,18,0.425603,0.563334,0.085143,0.568458,0.630043,0.469454,0.055556,0.333333
5,q00167,marketing,16,0.30156,0.312477,0.245731,0.202483,0.705808,0.368856,0.1875,0.125
5,q00168,facilities,13,0.218217,0.515775,0.775337,1.0,0.848238,0.838957,0.538462,0.769231
5,q00169,logistics,16,0.423034,0.569373,0.469,0.826813,0.784617,0.702631,0.1875,0.5
5,q00170,legal,15,0.33154,0.497564,0.29026,0.936379,1.0,0.523251,0.2,0.6
5,q00171,finance,21,0.169384,0.42284,0.661831,0.930569,0.731545,0.637113,0.285714,0.428571
5,q00172,security,17,0.250639,0.518387,0.0,0.363341,0.455324,0.22784,0.0,0.235294
5,q00173,engineering,14,0.330299,0.527653,0.300526,1.0,0.936379,1.0,0.285714,0.714286
5,q00174,legal,10,0.41198,0.642826,0.204834,0.715551,0.637152,0.547398,0.2,0.6
5,q00175,engineering,15,0.328267,0.445943,0.800694,1.0,0.857205,1.0,0.466667,0.666667
5,q00176,finance,11,0.239256,0.535926,0.327307,0.857205,0.785916,0.691128,0.272727,0.727273
5,q00177,logistics,16,0.390216,0.481358,0.202483,0.936379,0.866948,0.72733,0.125,0.5625
5,q00178,engineering,13,0.461173,0.517495,0.851236,0.870125,0.926636,0.921602,0.615385,0.615385
5,q00179,procurement,16,0.143463,0.330506,0.0,0.796761,0.613653,0.476847,0.0,0.4375
5,q00180,engineering,15,0.451782,0.51005,0.74167,0.870125,0.794883,0.767027,0.466667,0.533333
5,q00181,engineering,17,0.340705,0.465908,0.930569,1.0,1.0,1.0,0.529412,0.588235
5,q00182,finance,14,0.397804,0.491974,0.577149,0.866948,1.0,0.795166,0.357143,0.571429
5,q00183,legal,9,0.381098,0.530311,0.31877,0.915446,0.824623,0.602094,0.222222,0.888889
5,q00184,facilities,21,0.393149,0.540247,0.841591,1.0,1.0,1.0,0.380952,0.47619
5,q00185,engineering,23,0.424906,0.468228,0.841591,1.0,1.0,1.0,0.347826,0.434783
5,q00186,personnel,9,0.302793,0.536686,0.148297,0.397119,0.595889,0.418802,0.111111,0.333333
5,q00187,finance,20,0.157328,0.415144,0.305235,0.782739,0.691128,0.838957,0.1,0.4
5,q00188,legal,16,0.369385,0.521984,0.073364,0.358954,0.422575,0.205117,0.0625,0.125
5,q00189,finance,18,0.241325,0.498387,0.085143,0.905212,0.72733,0.598395,0.055556,0.5
5,q00190,security,19,0.30454,0.525481,0.586872,0.855348,0.662114,0.870125,0.315789,0.421053
5,q00191,logistics,19,0.23538,0.35033,0.110046,0.716287,0.469,0.782739,0.052632,0.421053
5,q00192,engineering,16,0.323733,0.582447,0.933746,1.0,1.0,1.0,0.5625,0.625
5,q00193,engineering,14,0.332896,0.422933,0.239441,0.722295,0.936379,0.632541,0.214286,0.428571
5,q00194,research,15,0.222329,0.629145,0.242618,0.861138,0.866948,0.857205,0.2,0.6
5,q00195,procurement,18,0.128936,0.268288,0.220092,0.936379,0.933746,0.307015,0.055556,0.5
5,q00196,engineering,14,0.368948,0.428216,0.74119,0.866948,0.710023,0.870125,0.5,0.571429
5,q00197,legal,27,0.433951,0.613161,0.562193,0.933746,0.502204,0.800694,0.185185,0.333333
5,q00198,procurement,13,0.304488,0.5281,0.212226,0.620762,0.425208,0.327307,0.153846,0.384615
5,q00199,research,13,0.305612,0.466536,0.0,0.778807,0.72733,0.564544,0.0,0.538462
7,q00000,finance,24,0.200879,0.373568,0.362887,0.936379,0.790951,0.4427,0.125,0.375
7,q00001,marketing,31,0.375433,0.384702,0.362887,0.562648,1.0,0.784617,0.096774,0.225806
7,q00002,finance,28,0.202289,0.388317,0.337208,0.648932,0.142795,0.397494,0.142857,0.178571
7,q00003,logistics,27,0.112891,0.206114,0.328062,0.628165,0.432318,0.437807,0.148148,0.222222
7,q00004,finance,24,0.27495,0.47687,0.110046,0.851236,0.637152,0.705905,0.041667,0.333333
7,q00005,security,20,0.113712,0.57233,0.0,1.0,0.715186,1.0,0.0,0.5
7,q00006,security,19,0.112271,0.459935,0.0,0.933746,0.602506,0.784982,0.0,0.473684
7,q00007,finance,24,0.217244,0.442309,0.422575,0.930569,0.700773,0.4427,0.125,0.375
7,q00008,engineering,23,0.233186,0.481862,0.796761,1.0,1.0,1.0,0.304348,0.434783
7,q00009,research,21,0.262534,0.378895,0.138862,0.693761,0.409951,0.358954,0.047619,0.285714
7,q00010,engineering,24,0.349632,0.572259,0.470556,1.0,0.936379,1.0,0.208333,0.416667
7,q00011,finance,26,0.292904,0.451519,0.715551,1.0,1.0,0.936379,0.230769,0.384615
7,q00012,facilities,21,0.384451,0.489109,0.163541,0.936379,0.860382,0.147829,0.095238,0.428571
7,q00013,personnel,27,0.149613,0.481398,0.078398,0.691128,0.085143,0.424926,0.037037,0.222222
7,q00014,research,21,0.191206,0.379974,0.305235,0.133052,0.498572,0.274265,0.095238,0.095238
7,q00015,procurement,18,0.32896,0.380169,0.069431,0.800694,0.870125,0.444097,0.055556,0.388889
7,q00016,legal,27,0.310734,0.496688,0.422575,0.930569,0.926636,1.0,0.111111,0.333333
7,q00017,logistics,25,0.391072,0.614214,0.094788,0.914857,0.44803,0.606722,0.04,0.36
7,q00018,research,31,0.25213,0.328176,0.0,0.547398,0.206416,0.0,0.0,0.129032
7,q00019,logistics,25,0.334309,0.575328,0.094788,0.613653,0.382716,0.58875,0.04,0.2
7,q00020,finance,27,0.125152,0.426804,0.358954,1.0,0.702728,0.394015,0.074074,0.37037
7,q00021,personnel,22,0.185058,0.435829,0.547398,0.790951,0.305235,0.41245,0.181818,0.318182
7,q00022,facilities,25,0.307563,0.576758,0.368658,0.768227,0.863015,0.778807,0.16,0.28
7,q00023,engineering,17,0.234528,0.513294,0.728086,1.0,1.0,1.0,0.411765,0.588235
7,q00024,marketing,20,0.35678,0.437055,0.488547,0.933746,0.642187,0.648932,0.2,0.45
7,q00025,procurement,27,0.272298,0.54059,0.066254,1.0,0.848238,0.544221,0.037037,0.37037
7,q00026,procurement,20,0.137678,0.318456,0.382415,0.933746,1.0,0.841493,0.2,0.45
7,q00027,research,22,0.192293,0.63149,0.31488,1.0,1.0,0.642187,0.090909,0.454545
7,q00028,security,23,0.139968,0.460158,0.0,0.305235,0.063621,0.274548,0.0,0.086957
7,q00029,procurement,20,0.103002,0.26713,0.0,1.0,0.870125,0.633297,0.0,0.5
7,q00030,personnel,24,0.178874,0.511759,0.627507,0.864315,0.416382,0.424926,0.208333,0.333333
7,q00031,logistics,25,0.339847,0.44546,0.642187,1.0,0.870125,0.760079,0.2,0.4
7,q00032,finance,27,0.1832,0.471823,0.224006,0.930569,1.0,0.409273,0.074074,0.333333
7,q00033,facilities,14,0.181142,0.475428,0.168152,0.851236,0.793584,0.376446,0.142857,0.571429
7,q00034,procurement,30,0.236702,0.427905,0.158507,1.0,0.936379,0.643404,0.066667,0.333333
7,q00035,finance,28,0.251007,0.479379,0.148764,0.784982,0.362111,0.40414,0.071429,0.25
7,q00036,logistics,21,0.394872,0.552394,0.138862,1.0,0.782739,0.696938,0.047619,0.47619
7,q00037,marketing,21,0.118682,0.226403,0.257875,0.085143,0.248908,0.110046,0.142857,0.047619
7,q00038,finance,22,0.227251,0.442777,0.318794,0.845426,0.851236,0.179931,0.136364,0.363636
7,q00039,logistics,26,0.328064,0.490333,0.483315,1.0,0.926636,0.930569,0.192308,0.384615
7,q00040,finance,26,0.292904,0.451519,0.715551,1.0,1.0,0.936379,0.230769,0.384615
7,q00041,procurement,26,0.379323,0.559608,0.0,0.781805,0.368856,0.400306,0.0,0.269231
7,q00042,procurement,26,0.358743,0.576338,0.069431,0.933746,0.271914,0.72733,0.038462,0.346154
7,q00043,finance,24,0.27495,0.47687,0.110046,0.851236,0.637152,0.705905,0.041667,0.333333
7,q00044,procurement,20,0.235474,0.350154,0.289523,0.784982,1.0,0.444097,0.1,0.35
7,q00045,procurement,16,0.282604,0.553632,0.432318,0.796761,0.605985,0.617284,0.1875,0.4375
7,q00046,facilities,14,0.181142,0.475428,0.168152,0.851236,0.793584,0.376446,0.142857,0.571429
7,q00047,facilities,13,0.342156,0.565442,0.369336,0.866948,0.870125,0.772838,0.307692,0.615385
7,q00048,personnel,20,0.229261,0.520774,0.221193,0.860382,0.926636,0.31834,0.15,0.4
7,q00049,engineering,17,0.234528,0.513294,0.728086,1.0,1.0,1.0,0.411765,0.588235
7,q00050,security,26,0.181738,0.48797,0.110046,1.0,0.784617,1.0,0.038462,0.384615
7,q00051,legal,15,0.255415,0.445467,0.220092,0.841493,0.684383,0.599977,0.066667,0.533333
7,q00052,marketing,18,0.208743,0.316414,0.465823,0.77216,0.620397,0.538886,0.222222,0.388889
7,q00053,legal,30,0.380874,0.582926,0.596517,1.0,1.0,1.0,0.2,0.333333
7,q00054,engineering,27,0.35552,0.529924,1.0,1.0,1.0,1.0,0.37037,0.37037
7,q00055,engineering,30,0.37227,0.564852,1.0,1.0,1.0,1.0,0.333333,0.333333
7,q00056,engineering,24,0.349632,0.572259,0.470556,1.0,0.936379,1.0,0.208333,0.416667
7,q00057,finance,28,0.251007,0.479379,0.148764,0.784982,0.362111,0.40414,0.071429,0.25
7,q00058,personnel,29,0.255911,0.512997,0.154574,0.760079,0.712552,0.779171,0.068966,0.241379
7,q00059,security,22,0.026242,0.448348,0.0,0.794883,0.57369,0.775994,0.0,0.363636
7,q00060,research,21,0.176837,0.569945,0.0,0.933746,0.800694,0.864315,0.0,0.428571
7,q00061,security,27,0.156263,0.536149,0.0,1.0,0.826813,0.731263,0.0,0.37037
7,q00062,facilities,14,0.299119,0.574235,0.58875,1.0,1.0,0.936379,0.357143,0.714286
7,q00063,facilities,24,0.242418,0.626169,0.437352,1.0,0.781984,1.0,0.125,0.416667
7,q00064,legal,30,0.380874,0.582926,0.596517,1.0,1.0,1.0,0.2,0.333333
7,q00065,security,20,0.142764,0.499986,0.0,1.0,0.718363,0.790951,0.0,0.5
7,q00066,finance,27,0.349701,0.522141,0.289977,1.0,0.690194,0.686715,0.111111,0.37037
7,q00067,marketing,19,0.224356,0.308493,0.138862,0.656982,0.428385,0.138862,0.052632,0.315789
7,q00068,legal,30,0.403458,0.633733,0.441285,1.0,1.0,0.936379,0.133333,0.333333
7,q00069,personnel,28,0.361482,0.60989,0.559933,1.0,1.0,0.861138,0.178571,0.357143
7,q00070,personnel,22,0.185058,0.435829,0.547398,0.790951,0.305235,0.41245,0.181818,0.318182
7,q00071,legal,30,0.403458,0.633733,0.441285,1.0,1.0,0.936379,0.133333,0.333333
7,q00072,logistics,26,0.418986,0.557492,0.310171,0.860382,0.715186,0.602328,0.153846,0.307692
7,q00073,engineering,15,0.279318,0.518688,0.866948,1.0,1.0,1.0,0.533333,0.666667
7,q00074,logistics,29,0.291414,0.422613,0.409951,0.691128,0.642187,0.933746,0.137931,0.206897
7,q00075,marketing,20,0.216293,0.31187,0.334051,0.591927,0.793584,0.393278,0.15,0.25
7,q00076,procurement,20,0.210469,0.298256,0.063621,0.498271,0.74167,0.37567,0.05,0.25
7,q00077,security,26,0.180648,0.538412,0.0,1.0,0.712552,1.0,0.0,0.384615
7,q00078,engineering,23,0.233186,0.481862,0.796761,1.0,1.0,1.0,0.304348,0.434783
7,q00079,personnel,29,0.164868,0.493999,0.293416,0.870125,0.63322,0.800694,0.137931,0.275862
7,q00080,engineering,24,0.43902,0.515312,0.611795,1.0,0.790951,1.0,0.208333,0.416667
7,q00081,legal,25,0.407375,0.686146,0.158409,0.305235,0.357076,0.330138,0.08,0.08
7,q00082,research,21,0.237835,0.447343,0.220092,0.591927,0.921602,0.563788,0.047619,0.238095
7,q00083,finance,22,0.209238,0.40672,0.403502,0.870125,0.653147,0.25881,0.136364,0.363636
7,q00084,engineering,23,0.233186,0.481862,0.796761,1.0,1.0,1.0,0.304348,0.434783
7,q00085,research,20,0.200479,0.531859,0.073364,0.804811,0.790951,0.785916,0.05,0.4
7,q00086,legal,26,0.261531,0.461985,0.785916,0.936379,0.831848,1.0,0.269231,0.346154
7,q00087,personnel,21,0.35843,0.628516,0.820523,1.0,0.936379,0.691128,0.380952,0.47619
7,q00088,procurement,27,0.263482,0.550214,0.066254,1.0,0.800694,0.74119,0.037037,0.37037
7,q00089,facilities,23,0.38787,0.548913,0.642187,1.0,1.0,1.0,0.217391,0.434783
7,q00090,procurement,25,0.294729,0.451179,0.403483,0.362111,0.220092,0.346853,0.16,0.12
7,q00091,personnel,12,0.344537,0.553742,0.0,0.576323,0.547398,0.397494,0.0,0.416667
7,q00092,personnel,22,0.185058,0.435829,0.547398,0.790951,0.305235,0.41245,0.181818,0.318182
7,q00093,personnel,32,0.297439,0.582495,0.465823,1.0,0.914857,0.775337,0.125,0.3125
7,q00094,legal,25,0.382981,0.590006,0.0,0.731447,0.425208,0.372591,0.0,0.28
7,q00095,personnel,15,0.151634,0.492875,0.442022,0.870125,0.41245,0.630043,0.333333,0.533333
7,q00096,procurement,20,0.298952,0.317206,0.0,0.220092,0.358954,0.094788,0.0,0.05
7,q00097,personnel,27,0.275064,0.62402,0.422095,1.0,0.866948,1.0,0.148148,0.37037
7,q00098,finance,20,0.169087,0.435887,0.073364,0.870125,0.554143,0.488645,0.05,0.4
7,q00099,finance,24,0.217244,0.442309,0.422575,0.930569,0.700773,0.4427,0.125,0.375
7,q00100,engineering,15,0.230704,0.451628,0.656982,1.0,0.800694,1.0,0.4,0.666667
7,q00101,legal,21,0.356917,0.55603,0.202483,0.78855,0.686715,0.400306,0.095238,0.333333
7,q00102,personnel,20,0.252561,0.492248,0.283713,0.696918,0.936379,0.289523,0.1,0.35
7,q00103,legal,26,0.324011,0.559897,0.648932,1.0,0.841591,0.936379,0.192308,0.384615
7,q00104,security,19,0.024966,0.429068,0.0,0.870125,0.554143,0.608317,0.0,0.421053
7,q00105,marketing,29,0.303005,0.395145,0.343697,0.718363,0.220092,0.547398,0.103448,0.206897
7,q00106,finance,24,0.328444,0.551065,0.220092,0.777872,0.863015,0.453064,0.041667,0.291667
7,q00107,finance,25,0.312002,0.564974,0.283233,1.0,1.0,0.921602,0.12,0.4
7,q00108,legal,27,0.3608,0.592534,0.444755,0.77216,0.914857,0.933746,0.148148,0.259259
7,q00109,marketing,19,0.109793,0.246182,0.18341,0.586116,0.286346,0.358954,0.105263,0.263158
7,q00110,finance,23,0.305619,0.483457,0.478422,1.0,1.0,0.78855,0.173913,0.434783
7,q00111,marketing,24,0.256847,0.319319,0.220092,0.136985,0.498251,0.577149,0.041667,0.083333
7,q00112,procurement,27,0.272298,0.54059,0.066254,1.0,0.848238,0.544221,0.037037,0.37037
7,q00113,engineering,27,0.435359,0.467013,0.777872,1.0,1.0,1.0,0.259259,0.37037
7,q00114,finance,24,0.280571,0.489813,0.138862,1.0,0.563788,0.713308,0.041667,0.416667
7,q00115,marketing,21,0.118682,0.226403,0.257875,0.085143,0.248908,0.110046,0.142857,0.047619
7,q00116,security,22,-0.032825,0.492924,0.0,0.930569,0.532141,0.77216,0.0,0.409091
7,q00117,research,21,0.176837,0.569945,0.0,0.933746,0.800694,0.864315,0.0,0.428571
7,q00118,facilities,26,0.221443,0.580869,0.848603,1.0,1.0,1.0,0.307692,0.384615
7,q00119,procurement,20,0.3125,0.387471,0.293456,0.753814,0.094788,0.454479,0.1,0.35
7,q00120,marketing,26,0.074011,0.291939,0.321496,0.936379,0.358954,0.613653,0.153846,0.346154
7,q00121,facilities,13,0.269264,0.568547,0.391703,0.936379,1.0,0.936379,0.307692,0.692308
7,q00122,marketing,18,0.216505,0.320834,0.521296,0.756902,0.642187,0.453743,0.277778,0.388889
7,q00123,legal,26,0.324011,0.559897,0.648932,1.0,0.841591,0.936379,0.192308,0.384615
7,q00124,personnel,29,0.164868,0.493999,0.293416,0.870125,0.63322,0.800694,0.137931,0.275862
7,q00125,marketing,29,0.303005,0.395145,0.343697,0.718363,0.220092,0.547398,0.103448,0.206897
7,q00126,engineering,17,0.353295,0.497729,0.403483,1.0,0.710023,1.0,0.235294,0.588235
7,q00127,security,16,0.12701,0.520658,0.0,0.870125,0.777872,0.510069,0.0,0.5
7,q00128,personnel,22,0.258602,0.488386,0.517363,0.860382,0.654722,0.542325,0.181818,0.363636
7,q00129,security,27,0.187948,0.535742,0.0,0.933746,0.760559,0.800694,0.0,0.333333
7,q00130,security,20,0.067313,0.562747,0.0,1.0,0.715186,0.936379,0.0,0.5
7,q00131,marketing,20,0.37912,0.399101,0.188444,0.648932,0.648932,0.627507,0.1,0.25
7,q00132,facilities,23,0.38787,0.548913,0.642187,1.0,1.0,1.0,0.217391,0.434783
7,q00133,personnel,32,0.297439,0.582495,0.465823,1.0,0.914857,0.775337,0.125,0.3125
7,q00134,research,26,0.062195,0.548068,0.0,0.661831,0.790951,0.649687,0.0,0.230769
7,q00135,personnel,23,0.278971,0.572857,0.163541,1.0,0.623574,0.691128,0.086957,0.434783
7,q00136,logistics,16,0.37401,0.495711,0.586892,0.78855,0.563788,0.63322,0.3125,0.4375
7,q00137,legal,21,0.384077,0.601944,0.248908,0.855348,0.870125,0.713654,0.095238,0.380952
7,q00138,personnel,27,0.149613,0.481398,0.078398,0.691128,0.085143,0.424926,0.037037,0.222222
7,q00139,legal,21,0.384077,0.601944,0.248908,0.855348,0.870125,0.713654,0.095238,0.380952
7,q00140,legal,30,0.403458,0.633733,0.441285,1.0,1.0,0.936379,0.133333,0.333333
7,q00141,procurement,30,0.185909,0.351235,0.066254,0.936379,0.930569,0.708441,0.033333,0.3
7,q00142,legal,30,0.380874,0.582926,0.596517,1.0,1.0,1.0,0.2,0.333333
7,q00143,logistics,26,0.452357,0.497747,0.620762,0.936379,1.0,0.706563,0.192308,0.346154
7,q00144,legal,25,0.37599,0.557864,0.513529,0.715186,0.864315,0.454498,0.16,0.24
7,q00145,logistics,23,0.404996,0.52753,0.352664,1.0,1.0,1.0,0.173913,0.434783
7,q00146,facilities,25,0.307563,0.576758,0.368658,0.768227,0.863015,0.778807,0.16,0.28
7,q00147,engineering,24,0.314807,0.376931,1.0,1.0,1.0,0.790951,0.416667,0.416667
7,q00148,marketing,19,0.177586,0.277191,0.29849,0.312049,0.220092,0.220092,0.105263,0.157895
7,q00149,marketing,19,0.224262,0.302392,0.066254,0.248908,0.297272,0.0,0.052632,0.105263
7,q00150,personnel,23,0.278971,0.572857,0.163541,1.0,0.623574,0.691128,0.086957,0.434783
7,q00151,logistics,29,0.364896,0.400456,0.318794,0.617764,0.617764,0.712552,0.103448,0.172414
7,q00152,personnel,27,0.314557,0.596,0.492762,1.0,0.936379,1.0,0.185185,0.37037
7,q00153,research,21,0.293215,0.482892,0.220092,0.416567,0.864315,0.358954,0.047619,0.238095
7,q00154,engineering,30,0.366255,0.592606,1.0,1.0,1.0,1.0,0.333333,0.333333
7,q00155,research,21,0.253323,0.336822,0.0,0.305235,0.0,0.139618,0.0,0.095238
7,q00156,engineering,30,0.332252,0.471207,0.926636,1.0,1.0,1.0,0.3,0.333333
7,q00157,engineering,30,0.366255,0.592606,1.0,1.0,1.0,1.0,0.333333,0.333333
7,q00158,research,24,0.178701,0.604018,0.138862,0.864315,0.866948,0.576323,0.041667,0.333333
7,q00159,facilities,30,0.384892,0.420272,0.476071,1.0,0.936379,0.56311,0.166667,0.333333
7,q00160,finance,23,0.187462,0.468513,0.147829,0.936379,0.933746,0.523174,0.086957,0.391304
7,q00161,engineering,15,0.3506,0.485788,0.312805,1.0,0.800694,1.0,0.266667,0.666667
7,q00162,procurement,20,0.137678,0.318456,0.382415,0.933746,1.0,0.841493,0.2,0.45
7,q00163,facilities,31,0.334461,0.631286,0.860382,1.0,1.0,1.0,0.258065,0.322581
7,q00164,logistics,23,0.404996,0.52753,0.352664,1.0,1.0,1.0,0.173913,0.434783
7,q00165,procurement,20,0.103002,0.26713,0.0,1.0,0.870125,0.633297,0.0,0.5
7,q00166,facilities,26,0.203783,0.587561,0.790951,1.0,1.0,0.753449,0.269231,0.384615
7,q00167,marketing,29,0.303005,0.395145,0.343697,0.718363,0.220092,0.547398,0.103448,0.206897
7,q00168,finance,23,0.336661,0.539961,0.31834,0.936379,1.0,0.596538,0.130435,0.391304
7,q00169,facilities,14,0.366748,0.533497,0.151397,1.0,1.0,0.492461,0.142857,0.714286
7,q00170,facilities,25,0.282317,0.504319,0.712552,1.0,1.0,0.73538,0.24,0.4
7,q00171,facilities,31,0.302167,0.615801,0.921602,1.0,1.0,1.0,0.290323,0.322581
7,q00172,engineering,22,0.399959,0.501621,0.933746,1.0,0.930569,1.0,0.409091,0.454545
7,q00173,procurement,25,0.254122,0.557298,0.636474,1.0,0.785916,0.778807,0.24,0.4
7,q00174,research,21,0.181908,0.329746,0.151762,0.689829,0.489648,0.378599,0.095238,0.285714
7,q00175,finance,27,0.136506,0.417574,0.364744,0.933746,0.716485,0.448669,0.111111,0.333333
7,q00176,personnel,24,0.222893,0.556415,0.708441,1.0,0.791706,0.754269,0.25,0.416667
7,q00177,personnel,24,0.301403,0.536529,0.563788,0.628165,0.388981,0.521296,0.166667,0.25
7,q00178,logistics,25,0.276237,0.463975,0.168152,1.0,0.633199,0.775239,0.08,0.4
7,q00179,finance,27,0.349701,0.522141,0.289977,1.0,0.690194,0.686715,0.111111,0.37037
7,q00180,engineering,20,0.418005,0.572067,0.820069,1.0,0.863015,1.0,0.4,0.5
7,q00181,engineering,21,0.298748,0.577027,1.0,1.0,1.0,1.0,0.47619,0.47619
7,q00182,procurement,18,0.32896,0.380169,0.069431,0.800694,0.870125,0.444097,0.055556,0.388889
7,q00183,research,20,0.200479,0.531859,0.073364,0.804811,0.790951,0.785916,0.05,0.4
7,q00184,logistics,22,0.279121,0.469433,0.357076,0.488547,0.501729,0.519997,0.136364,0.181818
7,q00185,security,20,0.113712,0.57233,0.0,1.0,0.715186,1.0,0.0,0.5
7,q00186,security,23,0.096199,0.500828,0.078398,0.860382,0.46319,0.605985,0.043478,0.347826
7,q00187,procurement,18,0.334555,0.366125,0.0,0.514186,0.72733,0.073364,0.0,0.277778
7,q00188,security,23,0.212715,0.564395,0.094788,0.863015,0.537008,0.696162,0.043478,0.347826
7,q00189,logistics,27,0.112891,0.206114,0.328062,0.628165,0.432318,0.437807,0.148148,0.222222
7,q00190,logistics,29,0.291414,0.422613,0.409951,0.691128,0.642187,0.933746,0.137931,0.206897
7,q00191,engineering,27,0.397737,0.518789,1.0,1.0,1.0,1.0,0.37037,0.37037
7,q00192,procurement,18,0.32896,0.380169,0.069431,0.800694,0.870125,0.444097,0.055556,0.388889
7,q00193,procurement,20,0.178015,0.364286,0.214084,1.0,1.0,0.933746,0.15,0.5
7,q00194,procurement,30,0.185909,0.351235,0.066254,0.936379,0.930569,0.708441,0.033333,0.3
7,q00195,facilities,27,0.168897,0.530086,0.791727,1.0,0.800694,0.860382,0.259259,0.37037
7,q00196,marketing,20,0.35678,0.437055,0.488547,0.933746,0.642187,0.648932,0.2,0.45
7,q00197,security,24,0.120294,0.556013,0.0,0.804811,0.648932,0.624232,0.0,0.333333
7,q00198,engineering,23,0.378087,0.595275,0.933746,1.0,1.0,1.0,0.391304,0.434783
7,q00199,logistics,25,0.207733,0.358561,0.286346,0.870125,0.692985,0.864315,0.08,0.32
10,q00000,procurement,39,0.249969,0.549655,0.0,1.0,1.0,0.936379,0.0,0.25641
10,q00001,legal,32,0.276639,0.563788,0.173187,1.0,1.0,0.430421,0.0625,0.3125
10,q00002,logistics,32,0.34391,0.489952,0.371489,1.0,0.866948,0.863015,0.09375,0.3125
10,q00003,finance,32,0.18386,0.413928,0.579783,0.800694,0.826813,0.705905,0.15625,0.21875
10,q00004,personnel,29,0.248995,0.582319,0.0,0.855348,0.870125,0.135685,0.0,0.275862
10,q00005,procurement,24,0.083814,0.329339,0.220092,0.781984,0.500973,0.769526,0.041667,0.291667
10,q00006,research,26,0.174284,0.559835,0.0,0.142019,0.322272,0.293456,0.0,0.076923
10,q00007,security,28,0.099255,0.372942,0.0,0.334051,0.168152,0.603608,0.0,0.107143
10,q00008,marketing,30,0.060369,0.267069,0.0,0.510352,0.063621,0.388526,0.0,0.133333
10,q00009,marketing,36,0.154155,0.332178,0.078398,0.855348,1.0,0.330138,0.027778,0.222222
10,q00010,facilities,21,0.16895,0.381398,0.168152,0.278198,0.423331,0.513529,0.095238,0.142857
10,q00011,engineering,31,0.325018,0.445436,0.722295,1.0,1.0,1.0,0.193548,0.322581
10,q00012,research,31,0.17484,0.493854,0.0,1.0,1.0,0.779171,0.0,0.322581
10,q00013,finance,32,0.197105,0.443092,0.44092,0.926636,0.936379,0.357076,0.125,0.28125
10,q00014,research,26,0.174284,0.559835,0.0,0.142019,0.322272,0.293456,0.0,0.076923
10,q00015,procurement,35,0.108018,0.311618,0.0,1.0,0.29849,0.456899,0.0,0.285714
10,q00016,finance,32,0.175337,0.509864,0.173667,0.930569,0.606439,0.478704,0.0625,0.28125
10,q00017,engineering,41,0.284585,0.567743,1.0,1.0,1.0,1.0,0.243902,0.243902
10,q00018,legal,29,0.344992,0.586026,0.063621,0.738192,0.921602,0.566945,0.034483,0.241379
10,q00019,security,36,0.209908,0.448594,0.085143,0.542818,0.094788,0.646119,0.027778,0.138889
10,q00020,facilities,21,0.312041,0.482661,0.466642,0.605985,0.72733,0.268455,0.190476,0.238095
10,q00021,facilities,24,0.080684,0.454589,0.205117,0.796761,0.870125,0.503607,0.083333,0.291667
10,q00022,marketing,32,0.238277,0.410932,0.0,0.936379,0.220092,0.42884,0.0,0.28125
10,q00023,engineering,31,0.23476,0.406211,0.712374,1.0,0.905212,1.0,0.225806,0.322581
10,q00024,logistics,37,0.468218,0.543916,0.362887,0.784617,0.608618,0.630664,0.081081,0.189189
10,q00025,personnel,27,0.101013,0.539535,0.0,0.921602,0.502204,0.0,0.0,0.333333
10,q00026,research,33,0.155334,0.53326,0.0,0.870125,1.0,0.863015,0.0,0.242424
10,q00027,research,32,0.321799,0.408124,0.0,0.576688,1.0,0.357076,0.0,0.15625
10,q00028,engineering,34,0.326444,0.4906,1.0,1.0,1.0,1.0,0.294118,0.294118
10,q00029,personnel,48,0.199212,0.60985,0.094788,1.0,0.914857,0.384594,0.020833,0.208333
10,q00030,procurement,33,0.144251,0.294767,0.094788,1.0,0.936379,0.791727,0.030303,0.30303
10,q00031,procurement,22,0.221306,0.317738,0.0,0.760079,0.709375,0.220092,0.0,0.318182
10,q00032,finance,26,0.315489,0.451453,0.671759,1.0,1.0,0.5181,0.230769,0.384615
10,q00033,engineering,32,0.38924,0.494329,0.936379,1.0,1.0,1.0,0.28125,0.3125
10,q00034,personnel,36,0.163329,0.529591,0.0,1.0,1.0,0.609073,0.0,0.277778
10,q00035,research,33,0.197051,0.447851,0.0,0.864315,1.0,0.453743,0.0,0.242424
10,q00036,finance,32,0.28215,0.444861,0.563788,0.860382,0.514186,0.486471,0.125,0.25
10,q00037,security,41,0.211839,0.445394,0.252065,1.0,0.358954,0.933746,0.073171,0.243902
10,q00038,facilities,30,0.303667,0.549056,0.608317,0.463644,1.0,0.528964,0.166667,0.133333
10,q00039,finance,32,0.197105,0.443092,0.44092,0.926636,0.936379,0.357076,0.125,0.28125
10,q00040,marketing,36,0.128626,0.341939,0.0,1.0,0.532621,0.330138,0.0,0.277778
10,q00041,logistics,37,0.361034,0.455181,0.367459,0.701973,0.425208,0.654722,0.135135,0.162162
10,q00042,marketing,36,0.128626,0.341939,0.0,1.0,0.532621,0.330138,0.0,0.277778
10,q00043,legal,32,0.276639,0.563788,0.173187,1.0,1.0,0.430421,0.0625,0.3125
10,q00044,facilities,31,0.18806,0.590695,0.667826,1.0,1.0,1.0,0.193548,0.322581
10,q00045,personnel,48,0.237341,0.600157,0.063621,1.0,0.930569,0.423312,0.020833,0.208333
10,q00046,engineering,36,0.325473,0.430741,0.591927,1.0,1.0,1.0,0.138889,0.277778
10,q00047,facilities,38,0.182722,0.452126,0.069431,0.851236,0.800694,0.684837,0.026316,0.210526
10,q00048,marketing,23,0.173609,0.30552,0.0,0.538431,0.388244,0.063621,0.0,0.173913
10,q00049,security,36,0.209908,0.448594,0.085143,0.542818,0.094788,0.646119,0.027778,0.138889
10,q00050,security,38,0.136275,0.506637,0.388244,0.583433,0.517363,0.564525,0.078947,0.131579
10,q00051,engineering,27,0.340755,0.60404,1.0,1.0,1.0,1.0,0.37037,0.37037
10,q00052,finance,19,0.117058,0.431894,0.202483,0.866948,0.795166,0.31955,0.105263,0.421053
10,q00053,logistics,32,0.375122,0.514389,0.8237,1.0,0.648932,1.0,0.25,0.3125
10,q00054,facilities,28,0.316014,0.563706,0.775337,0.936379,1.0,1.0,0.25,0.321429
10,q00055,security,26,0.096581,0.539753,0.0,0.933746,0.775239,0.921602,0.0,0.346154
10,q00056,security,26,0.096581,0.539753,0.0,0.933746,0.775239,0.921602,0.0,0.346154
10,q00057,security,37,0.050326,0.493532,0.220092,0.933746,0.60514,0.747159,0.027027,0.243243
10,q00058,security,34,0.001665,0.399491,0.0,0.220092,0.136985,0.224006,0.0,0.029412
10,q00059,research,31,0.17484,0.493854,0.0,1.0,1.0,0.779171,0.0,0.322581
10,q00060,engineering,35,0.234741,0.524,0.760559,1.0,1.0,1.0,0.2,0.285714
10,q00061,facilities,38,0.235537,0.563231,0.498271,1.0,1.0,1.0,0.131579,0.263158
10,q00062,finance,33,0.228507,0.435284,0.604686,1.0,0.784982,0.246551,0.151515,0.30303
10,q00063,logistics,32,0.228454,0.384145,0.312049,0.782739,0.591464,0.772838,0.09375,0.25
10,q00064,marketing,32,0.291945,0.3743,0.0,0.363341,0.469,0.358954,0.0,0.125
10,q00065,legal,34,0.350015,0.573122,0.889954,1.0,1.0,0.628146,0.264706,0.294118
10,q00066,logistics,37,0.409906,0.518803,0.371854,0.712552,0.527106,0.327761,0.081081,0.162162
10,q00067,engineering,27,0.279327,0.382402,0.591464,1.0,1.0,0.936379,0.259259,0.37037
10,q00068,engineering,31,0.325018,0.445436,0.722295,1.0,1.0,1.0,0.193548,0.322581
10,q00069,procurement,39,0.225369,0.568826,0.18341,1.0,0.710023,0.790951,0.051282,0.25641
10,q00070,legal,33,0.435281,0.650131,0.577905,1.0,1.0,0.534177,0.181818,0.30303
10,q00071,procurement,34,0.129566,0.349459,0.261443,0.930569,0.605985,0.930569,0.088235,0.264706
10,q00072,marketing,31,0.202097,0.359837,0.148764,0.696938,0.29849,0.362111,0.064516,0.193548
10,q00073,logistics,30,0.242823,0.363502,0.388244,1.0,0.796761,1.0,0.1,0.333333
10,q00074,personnel,33,0.065994,0.496856,0.094788,0.831848,0.502204,0.16422,0.030303,0.242424
10,q00075,logistics,40,0.324193,0.531863,0.760079,0.836459,0.779171,0.772062,0.175,0.2
10,q00076,marketing,36,0.128626,0.341939,0.0,1.0,0.532621,0.330138,0.0,0.277778
10,q00077,procurement,39,0.249969,0.549655,0.0,1.0,1.0,0.936379,0.0,0.25641
10,q00078,research,33,0.197051,0.447851,0.0,0.864315,1.0,0.453743,0.0,0.242424
10,q00079,procurement,39,0.249969,0.549655,0.0,1.0,1.0,0.936379,0.0,0.25641
10,q00080,legal,29,0.384231,0.636659,0.395314,1.0,1.0,1.0,0.172414,0.344828
10,q00081,security,26,0.096581,0.539753,0.0,0.933746,0.775239,0.921602,0.0,0.346154
10,q00082,logistics,37,0.409906,0.518803,0.371854,0.712552,0.527106,0.327761,0.081081,0.162162
10,q00083,legal,37,0.371819,0.597375,0.069431,0.857205,0.591464,0.403462,0.027027,0.216216
10,q00084,facilities,41,0.264997,0.611985,0.70151,1.0,1.0,1.0,0.195122,0.243902
10,q00085,logistics,34,0.264763,0.345414,0.330138,0.866948,0.283713,0.791706,0.058824,0.235294
10,q00086,facilities,31,0.178305,0.62362,0.69684,1.0,1.0,0.933746,0.193548,0.322581
10,q00087,legal,25,0.267116,0.471478,0.519997,0.933746,1.0,0.439389,0.16,0.36
10,q00088,personnel,36,0.086582,0.488687,0.0,1.0,1.0,0.511453,0.0,0.277778
10,q00089,security,34,0.165189,0.405541,0.078398,0.905212,0.775337,0.775239,0.029412,0.264706
10,q00090,logistics,32,0.34391,0.489952,0.371489,1.0,0.866948,0.863015,0.09375,0.3125
10,q00091,procurement,35,0.397006,0.622605,0.085143,1.0,0.49464,1.0,0.028571,0.285714
10,q00092,research,33,0.158066,0.530644,0.0,0.926636,1.0,0.804811,0.0,0.272727
10,q00093,marketing,32,0.250287,0.409045,0.0,0.772838,0.432318,0.49829,0.0,0.21875
10,q00094,marketing,36,0.154155,0.332178,0.078398,0.855348,1.0,0.330138,0.027778,0.222222
10,q00095,security,35,0.071622,0.45534,0.085143,0.820523,0.769526,0.826813,0.028571,0.228571
10,q00096,marketing,23,0.045575,0.250104,0.271914,0.926636,0.393278,0.302404,0.130435,0.391304
10,q00097,legal,25,0.274339,0.503924,0.510069,0.936379,0.936379,0.555245,0.16,0.36
10,q00098,security,41,0.047846,0.423957,0.0,1.0,0.777872,1.0,0.0,0.243902
10,q00099,logistics,30,0.229312,0.396537,0.791727,1.0,0.851236,0.796761,0.233333,0.333333
10,q00100,marketing,38,0.255017,0.424921,0.0,0.687017,1.0,0.354245,0.0,0.157895
10,q00101,security,28,-0.049173,0.283995,0.0,0.273587,0.063621,0.249664,0.0,0.107143
10,q00102,procurement,34,0.19996,0.552464,0.0,1.0,0.173187,0.930569,0.0,0.294118
10,q00103,finance,41,0.317484,0.569123,0.747159,1.0,1.0,0.495459,0.170732,0.243902
10,q00104,procurement,33,0.107762,0.270906,0.110046,1.0,1.0,0.598875,0.030303,0.30303
10,q00105,facilities,37,0.298874,0.5454,0.231773,1.0,1.0,0.767027,0.081081,0.27027
10,q00106,legal,29,0.309354,0.516343,0.298027,0.778807,0.870125,0.38196,0.137931,0.241379
10,q00107,procurement,31,0.198952,0.306349,0.069431,0.863015,0.358954,0.510352,0.032258,0.258065
10,q00108,finance,26,0.324343,0.504398,0.725452,1.0,1.0,0.432957,0.269231,0.384615
10,q00109,marketing,23,0.077208,0.378274,0.085143,0.800694,0.286346,0.58875,0.043478,0.304348
10,q00110,marketing,30,0.170255,0.254783,0.094788,0.188444,0.110046,0.073364,0.033333,0.066667
10,q00111,marketing,23,0.015431,0.233735,0.063621,0.425208,0.358954,0.110046,0.043478,0.130435
10,q00112,security,36,0.123515,0.402027,0.224663,0.706544,0.224006,0.529444,0.083333,0.222222
10,q00113,marketing,38,0.014546,0.269101,0.151762,1.0,0.358954,0.283233,0.052632,0.263158
10,q00114,marketing,30,0.170255,0.254783,0.094788,0.188444,0.110046,0.073364,0.033333,0.066667
10,q00115,legal,29,0.35818,0.571996,0.318319,1.0,1.0,1.0,0.137931,0.344828
10,q00116,procurement,29,0.302563,0.389009,0.0,1.0,0.648932,0.529444,0.0,0.344828
10,q00117,security,29,0.041531,0.552258,0.0,0.933746,0.804811,0.914857,0.0,0.310345
10,q00118,procurement,39,0.271957,0.615506,0.0,1.0,1.0,0.926636,0.0,0.25641
10,q00119,procurement,33,0.242356,0.311769,0.0,0.914857,0.662114,0.085143,0.0,0.272727
10,q00120,engineering,35,0.2916,0.421044,0.606242,1.0,1.0,0.926636,0.2,0.285714
10,q00121,personnel,48,0.155336,0.573852,0.0,1.0,0.710477,0.315163,0.0,0.208333
10,q00122,security,27,0.013825,0.571621,0.066254,1.0,0.425208,0.77216,0.037037,0.37037
10,q00123,finance,38,0.205492,0.411472,0.368376,1.0,0.848238,0.063621,0.105263,0.263158
10,q00124,marketing,37,0.083319,0.315403,0.220092,0.930569,1.0,0.286346,0.027027,0.243243
10,q00125,engineering,39,0.351128,0.471294,0.766349,1.0,1.0,1.0,0.205128,0.25641
10,q00126,marketing,36,0.238753,0.274094,0.110046,0.066254,0.0,0.0,0.027778,0.027778
10,q00127,logistics,40,0.21303,0.348706,0.646856,0.861138,0.705808,0.933746,0.175,0.225
10,q00128,security,28,0.099255,0.372942,0.0,0.334051,0.168152,0.603608,0.0,0.107143
10,q00129,procurement,34,0.204107,0.585117,0.0,1.0,0.243552,0.936379,0.0,0.294118
10,q00130,procurement,33,0.144251,0.294767,0.094788,1.0,0.936379,0.791727,0.030303,0.30303
10,q00131,engineering,32,0.430505,0.442957,0.857205,1.0,1.0,1.0,0.25,0.3125
10,q00132,research,34,0.184211,0.540547,0.0,1.0,1.0,0.930569,0.0,0.294118
10,q00133,finance,44,0.231913,0.526733,0.357058,1.0,1.0,0.55778,0.090909,0.227273
10,q00134,security,28,-0.049173,0.283995,0.0,0.273587,0.063621,0.249664,0.0,0.107143
10,q00135,marketing,35,0.220479,0.339171,0.0,0.151397,0.368376,0.0,0.0,0.057143
10,q00136,marketing,33,0.321047,0.401335,0.078398,0.841591,0.605985,0.274265,0.030303,0.242424
10,q00137,research,34,0.184211,0.540547,0.0,1.0,1.0,0.930569,0.0,0.294118
10,q00138,marketing,44,0.015935,0.285116,0.0,0.905212,0.0,0.69684,0.0,0.204545
10,q00139,personnel,28,0.199345,0.625672,0.110046,1.0,0.784982,0.467103,0.035714,0.357143
10,q00140,engineering,39,0.263674,0.514689,0.753814,1.0,1.0,1.0,0.179487,0.25641
10,q00141,engineering,35,0.288642,0.539806,0.936379,1.0,1.0,1.0,0.257143,0.285714
10,q00142,marketing,37,-0.073851,0.218038,0.0,1.0,1.0,0.334051,0.0,0.27027
10,q00143,marketing,33,0.268689,0.447701,0.085143,1.0,0.469,0.385413,0.030303,0.30303
10,q00144,logistics,38,0.468297,0.636298,0.689829,0.864315,0.616367,0.731545,0.157895,0.210526
10,q00145,security,29,0.041531,0.552258,0.0,0.933746,0.804811,0.914857,0.0,0.310345
10,q00146,logistics,38,0.468297,0.636298,0.689829,0.864315,0.616367,0.731545,0.157895,0.210526
10,q00147,procurement,22,0.318438,0.396991,0.0,1.0,1.0,0.705905,0.0,0.454545
10,q00148,marketing,32,0.036897,0.340867,0.0,1.0,1.0,0.627409,0.0,0.3125
10,q00149,facilities,39,0.228985,0.485727,0.073364,0.518119,0.469756,0.195189,0.025641,0.128205
10,q00150,finance,28,0.297168,0.498352,0.447932,1.0,1.0,0.573492,0.142857,0.357143
10,q00151,logistics,30,0.293302,0.487155,0.674936,1.0,1.0,0.863015,0.2,0.333333
10,q00152,facilities,28,0.189926,0.528462,0.791727,1.0,1.0,1.0,0.25,0.357143
10,q00153,personnel,36,0.260443,0.547811,0.0,0.762416,0.671759,0.220092,0.0,0.194444
10,q00154,engineering,34,0.352814,0.508178,0.800694,1.0,0.857205,1.0,0.205882,0.294118
10,q00155,facilities,39,0.286022,0.560864,0.683084,1.0,1.0,1.0,0.153846,0.25641
10,q00156,research,33,0.197051,0.447851,0.0,0.864315,1.0,0.453743,0.0,0.242424
10,q00157,personnel,36,0.086582,0.488687,0.0,1.0,1.0,0.511453,0.0,0.277778
10,q00158,procurement,34,0.148972,0.360421,0.204834,0.933746,1.0,0.70151,0.058824,0.264706
10,q00159,facilities,38,0.357161,0.566114,0.703407,1.0,1.0,1.0,0.157895,0.263158
10,q00160,facilities,38,0.182722,0.452126,0.069431,0.851236,0.800694,0.684837,0.026316,0.210526
10,q00161,finance,32,0.197105,0.443092,0.44092,0.926636,0.936379,0.357076,0.125,0.28125
10,q00162,finance,24,0.262626,0.464588,0.110046,0.870125,0.532141,0.278198,0.041667,0.333333
10,q00163,engineering,36,0.313663,0.518401,0.926636,1.0,1.0,1.0,0.25,0.277778
10,q00164,legal,32,0.266573,0.532139,0.078398,0.930569,0.794883,0.545502,0.03125,0.28125
10,q00165,logistics,25,0.419349,0.51592,0.646856,1.0,0.745302,0.658181,0.28,0.4
10,q00166,security,34,0.133866,0.471335,0.066254,0.383633,0.309806,0.451846,0.029412,0.088235
10,q00167,engineering,36,0.214351,0.435928,0.731545,1.0,1.0,1.0,0.194444,0.277778
10,q00168,personnel,36,0.258485,0.530963,0.0,0.851236,1.0,0.537008,0.0,0.222222
10,q00169,facilities,39,0.286022,0.560864,0.683084,1.0,1.0,1.0,0.153846,0.25641
10,q00170,legal,34,0.350015,0.573122,0.889954,1.0,1.0,0.628146,0.264706,0.294118
10,q00171,procurement,35,0.240722,0.33796,0.293456,0.857981,0.43511,0.648932,0.057143,0.228571
10,q00172,finance,44,0.170852,0.45068,0.401125,1.0,0.933746,0.665193,0.113636,0.227273
10,q00173,legal,34,0.374874,0.609459,0.820523,0.781984,1.0,0.463446,0.235294,0.205882
10,q00174,marketing,36,0.095424,0.262625,0.0,0.503324,1.0,0.135685,0.0,0.111111
10,q00175,facilities,38,0.235537,0.563231,0.498271,1.0,1.0,1.0,0.131579,0.263158
10,q00176,procurement,40,0.267609,0.36632,0.0,0.841591,0.857205,0.527106,0.0,0.2
10,q00177,marketing,44,0.182663,0.318721,0.085143,0.652371,0.173667,0.330138,0.022727,0.136364
10,q00178,facilities,38,0.274102,0.571433,0.481881,1.0,1.0,1.0,0.131579,0.263158
10,q00179,legal,27,0.347117,0.549154,0.432318,0.669126,0.325064,0.367921,0.111111,0.222222
10,q00180,engineering,28,0.407768,0.571552,0.784617,1.0,1.0,1.0,0.25,0.357143
10,q00181,facilities,38,0.235537,0.563231,0.498271,1.0,1.0,1.0,0.131579,0.263158
10,q00182,personnel,33,0.24125,0.606981,0.073364,1.0,0.617284,0.305235,0.030303,0.30303
10,q00183,logistics,25,0.192121,0.327977,0.346853,0.791727,0.623574,0.476847,0.16,0.28
10,q00184,logistics,35,0.360501,0.567615,0.224006,1.0,1.0,1.0,0.057143,0.285714
10,q00185,security,36,0.123016,0.471616,0.362111,0.855348,0.486492,0.63322,0.083333,0.222222
10,q00186,finance,41,0.317484,0.569123,0.747159,1.0,1.0,0.495459,0.170732,0.243902
10,q00187,facilities,38,0.274102,0.571433,0.481881,1.0,1.0,1.0,0.131579,0.263158
10,q00188,logistics,33,0.400645,0.557322,0.179931,0.860382,0.820069,0.604686,0.060606,0.242424
10,q00189,logistics,34,0.264763,0.345414,0.330138,0.866948,0.283713,0.791706,0.058824,0.235294
10,q00190,facilities,38,0.182722,0.452126,0.069431,0.851236,0.800694,0.684837,0.026316,0.210526
10,q00191,personnel,36,0.25338,0.572868,0.078398,1.0,0.936379,0.631624,0.027778,0.277778
10,q00192,procurement,29,0.389761,0.468905,0.0,1.0,0.712552,0.936379,0.0,0.344828
10,q00193,facilities,37,0.298874,0.5454,0.231773,1.0,1.0,0.767027,0.081081,0.27027
10,q00194,procurement,24,0.083814,0.329339,0.220092,0.781984,0.500973,0.769526,0.041667,0.291667
10,q00195,research,42,0.250754,0.349917,0.0,0.510716,0.0,0.519997,0.0,0.095238
10,q00196,logistics,30,0.427872,0.547174,0.756448,1.0,1.0,1.0,0.233333,0.333333
10,q00197,research,31,0.173801,0.465505,0.431542,0.521098,1.0,0.716287,0.129032,0.193548
10,q00198,engineering,41,0.291256,0.559346,1.0,1.0,1.0,1.0,0.243902,0.243902
10,q00199,engineering,34,0.228948,0.46889,0.936379,1.0,1.0,1.0,0.264706,0.294118
