qid,qtype,arm,turn_r5,turn_r10,turn_ndcg10,sess_r5
e47becba,single-session-user,turn,0.5,0.5,0.2640681225725909,1.0
e47becba,single-session-user,sentence,1.0,1.0,1.0,1.0
e47becba,single-session-user,cards_hand,1.0,1.0,1.0,1.0
e47becba,single-session-user,pos_hand,1.0,1.0,1.0,1.0
e47becba,single-session-user,cards_m11,1.0,1.0,1.0,1.0
e47becba,single-session-user,pos_m11,1.0,1.0,1.0,1.0
e47becba,single-session-user,cards_m13,1.0,1.0,1.0,1.0
e47becba,single-session-user,pos_m13,1.0,1.0,1.0,1.0
e47becba,single-session-user,cards_m17,1.0,1.0,1.0,1.0
e47becba,single-session-user,pos_m17,1.0,1.0,1.0,1.0
e47becba,single-session-user,bm25_turn,0.5,0.5,0.3065735963827292,1.0
e47becba,single-session-user,bm25_cards_hand,0.5,1.0,0.45560514958746035,1.0
e47becba,single-session-user,rrf_turn,0.5,0.5,0.6131471927654584,1.0
e47becba,single-session-user,rrf_sentence,1.0,1.0,0.8772153153380493,1.0
e47becba,single-session-user,rrf_cards_hand,1.0,1.0,1.0,1.0
e47becba,single-session-user,rrf_cards_m11,1.0,1.0,0.8772153153380493,1.0
e47becba,single-session-user,rrf_cards_m13,1.0,1.0,0.8772153153380493,1.0
e47becba,single-session-user,rrf_cards_m17,1.0,1.0,0.8772153153380493,1.0
e47becba,single-session-user,rrf_turn_route,0.5,0.5,0.6131471927654584,1.0
e47becba,single-session-user,dense_session_mean,,,,0.0
e47becba,single-session-user,bm25_session,,,,1.0
118b2229,single-session-user,turn,1.0,1.0,0.5,1.0
118b2229,single-session-user,sentence,1.0,1.0,0.43067655807339306,1.0
118b2229,single-session-user,cards_hand,1.0,1.0,0.43067655807339306,1.0
118b2229,single-session-user,pos_hand,1.0,1.0,0.43067655807339306,1.0
118b2229,single-session-user,cards_m11,1.0,1.0,0.43067655807339306,1.0
118b2229,single-session-user,pos_m11,1.0,1.0,0.43067655807339306,1.0
118b2229,single-session-user,cards_m13,1.0,1.0,0.43067655807339306,1.0
118b2229,single-session-user,pos_m13,1.0,1.0,0.43067655807339306,1.0
118b2229,single-session-user,cards_m17,1.0,1.0,0.43067655807339306,1.0
118b2229,single-session-user,pos_m17,1.0,1.0,0.43067655807339306,1.0
118b2229,single-session-user,bm25_turn,1.0,1.0,0.5,1.0
118b2229,single-session-user,bm25_cards_hand,1.0,1.0,0.5,1.0
118b2229,single-session-user,rrf_turn,1.0,1.0,0.5,1.0
118b2229,single-session-user,rrf_sentence,1.0,1.0,0.5,1.0
118b2229,single-session-user,rrf_cards_hand,1.0,1.0,0.5,1.0
118b2229,single-session-user,rrf_cards_m11,1.0,1.0,0.43067655807339306,1.0
118b2229,single-session-user,rrf_cards_m13,1.0,1.0,0.5,1.0
118b2229,single-session-user,rrf_cards_m17,1.0,1.0,0.5,1.0
118b2229,single-session-user,rrf_turn_route,1.0,1.0,0.6309297535714575,1.0
118b2229,single-session-user,dense_session_mean,,,,1.0
118b2229,single-session-user,bm25_session,,,,1.0
51a45a95,single-session-user,turn,1.0,1.0,1.0,1.0
51a45a95,single-session-user,sentence,1.0,1.0,1.0,1.0
51a45a95,single-session-user,cards_hand,1.0,1.0,1.0,1.0
51a45a95,single-session-user,pos_hand,1.0,1.0,1.0,1.0
51a45a95,single-session-user,cards_m11,1.0,1.0,1.0,1.0
51a45a95,single-session-user,pos_m11,1.0,1.0,1.0,1.0
51a45a95,single-session-user,cards_m13,1.0,1.0,1.0,1.0
51a45a95,single-session-user,pos_m13,1.0,1.0,1.0,1.0
51a45a95,single-session-user,cards_m17,1.0,1.0,1.0,1.0
51a45a95,single-session-user,pos_m17,1.0,1.0,1.0,1.0
51a45a95,single-session-user,bm25_turn,1.0,1.0,1.0,1.0
51a45a95,single-session-user,bm25_cards_hand,1.0,1.0,1.0,1.0
51a45a95,single-session-user,rrf_turn,1.0,1.0,1.0,1.0
51a45a95,single-session-user,rrf_sentence,1.0,1.0,1.0,1.0
51a45a95,single-session-user,rrf_cards_hand,1.0,1.0,1.0,1.0
51a45a95,single-session-user,rrf_cards_m11,1.0,1.0,1.0,1.0
51a45a95,single-session-user,rrf_cards_m13,1.0,1.0,1.0,1.0
51a45a95,single-session-user,rrf_cards_m17,1.0,1.0,1.0,1.0
51a45a95,single-session-user,rrf_turn_route,1.0,1.0,1.0,1.0
51a45a95,single-session-user,dense_session_mean,,,,1.0
51a45a95,single-session-user,bm25_session,,,,1.0
58bf7951,single-session-user,turn,1.0,1.0,0.38685280723454163,1.0
58bf7951,single-session-user,sentence,1.0,1.0,0.6309297535714575,1.0
58bf7951,single-session-user,cards_hand,1.0,1.0,0.5,1.0
58bf7951,single-session-user,pos_hand,1.0,1.0,0.5,1.0
58bf7951,single-session-user,cards_m11,1.0,1.0,0.6309297535714575,1.0
58bf7951,single-session-user,pos_m11,1.0,1.0,0.6309297535714575,1.0
58bf7951,single-session-user,cards_m13,1.0,1.0,0.6309297535714575,1.0
58bf7951,single-session-user,pos_m13,1.0,1.0,0.6309297535714575,1.0
58bf7951,single-session-user,cards_m17,1.0,1.0,0.6309297535714575,1.0
58bf7951,single-session-user,pos_m17,1.0,1.0,0.6309297535714575,1.0
58bf7951,single-session-user,bm25_turn,0.0,0.0,0.0,1.0
58bf7951,single-session-user,bm25_cards_hand,0.0,0.0,0.0,1.0
58bf7951,single-session-user,rrf_turn,0.0,1.0,0.3562071871080222,1.0
58bf7951,single-session-user,rrf_sentence,1.0,1.0,0.38685280723454163,1.0
58bf7951,single-session-user,rrf_cards_hand,0.0,1.0,0.3562071871080222,1.0
58bf7951,single-session-user,rrf_cards_m11,1.0,1.0,0.38685280723454163,1.0
58bf7951,single-session-user,rrf_cards_m13,1.0,1.0,0.38685280723454163,1.0
58bf7951,single-session-user,rrf_cards_m17,1.0,1.0,0.38685280723454163,1.0
58bf7951,single-session-user,rrf_turn_route,1.0,1.0,0.5,1.0
58bf7951,single-session-user,dense_session_mean,,,,1.0
58bf7951,single-session-user,bm25_session,,,,1.0
1e043500,single-session-user,turn,1.0,1.0,1.0,1.0
1e043500,single-session-user,sentence,1.0,1.0,0.6309297535714575,1.0
1e043500,single-session-user,cards_hand,1.0,1.0,0.6309297535714575,1.0
1e043500,single-session-user,pos_hand,1.0,1.0,0.6309297535714575,1.0
1e043500,single-session-user,cards_m11,1.0,1.0,0.6309297535714575,1.0
1e043500,single-session-user,pos_m11,1.0,1.0,0.6309297535714575,1.0
1e043500,single-session-user,cards_m13,1.0,1.0,0.6309297535714575,1.0
1e043500,single-session-user,pos_m13,1.0,1.0,0.6309297535714575,1.0
1e043500,single-session-user,cards_m17,1.0,1.0,0.6309297535714575,1.0
1e043500,single-session-user,pos_m17,1.0,1.0,0.6309297535714575,1.0
1e043500,single-session-user,bm25_turn,1.0,1.0,1.0,1.0
1e043500,single-session-user,bm25_cards_hand,1.0,1.0,1.0,1.0
1e043500,single-session-user,rrf_turn,1.0,1.0,1.0,1.0
1e043500,single-session-user,rrf_sentence,1.0,1.0,1.0,1.0
1e043500,single-session-user,rrf_cards_hand,1.0,1.0,1.0,1.0
1e043500,single-session-user,rrf_cards_m11,1.0,1.0,1.0,1.0
1e043500,single-session-user,rrf_cards_m13,1.0,1.0,1.0,1.0
1e043500,single-session-user,rrf_cards_m17,1.0,1.0,1.0,1.0
1e043500,single-session-user,rrf_turn_route,1.0,1.0,1.0,1.0
1e043500,single-session-user,dense_session_mean,,,,1.0
1e043500,single-session-user,bm25_session,,,,1.0
c5e8278d,single-session-user,turn,0.0,1.0,0.3010299956639812,1.0
c5e8278d,single-session-user,sentence,1.0,1.0,1.0,1.0
c5e8278d,single-session-user,cards_hand,1.0,1.0,0.5,1.0
c5e8278d,single-session-user,pos_hand,1.0,1.0,1.0,1.0
c5e8278d,single-session-user,cards_m11,1.0,1.0,1.0,1.0
c5e8278d,single-session-user,pos_m11,1.0,1.0,1.0,1.0
c5e8278d,single-session-user,cards_m13,1.0,1.0,0.5,1.0
c5e8278d,single-session-user,pos_m13,1.0,1.0,1.0,1.0
c5e8278d,single-session-user,cards_m17,0.0,1.0,0.3333333333333333,1.0
c5e8278d,single-session-user,pos_m17,1.0,1.0,1.0,1.0
c5e8278d,single-session-user,bm25_turn,1.0,1.0,1.0,1.0
c5e8278d,single-session-user,bm25_cards_hand,1.0,1.0,1.0,1.0
c5e8278d,single-session-user,rrf_turn,1.0,1.0,0.6309297535714575,1.0
c5e8278d,single-session-user,rrf_sentence,1.0,1.0,1.0,1.0
c5e8278d,single-session-user,rrf_cards_hand,1.0,1.0,1.0,1.0
c5e8278d,single-session-user,rrf_cards_m11,1.0,1.0,1.0,1.0
c5e8278d,single-session-user,rrf_cards_m13,1.0,1.0,1.0,1.0
c5e8278d,single-session-user,rrf_cards_m17,1.0,1.0,0.5,1.0
c5e8278d,single-session-user,rrf_turn_route,1.0,1.0,1.0,1.0
c5e8278d,single-session-user,dense_session_mean,,,,1.0
c5e8278d,single-session-user,bm25_session,,,,1.0
6ade9755,single-session-user,turn,0.0,0.0,0.0,1.0
6ade9755,single-session-user,sentence,0.0,1.0,0.3010299956639812,1.0
6ade9755,single-session-user,cards_hand,0.0,1.0,0.3010299956639812,1.0
6ade9755,single-session-user,pos_hand,0.0,1.0,0.3010299956639812,1.0
6ade9755,single-session-user,cards_m11,0.0,1.0,0.3010299956639812,1.0
6ade9755,single-session-user,pos_m11,0.0,1.0,0.3010299956639812,1.0
6ade9755,single-session-user,cards_m13,0.0,0.0,0.0,1.0
6ade9755,single-session-user,pos_m13,0.0,0.0,0.0,1.0
6ade9755,single-session-user,cards_m17,0.0,0.0,0.0,1.0
6ade9755,single-session-user,pos_m17,0.0,0.0,0.0,1.0
6ade9755,single-session-user,bm25_turn,0.0,0.0,0.0,1.0
6ade9755,single-session-user,bm25_cards_hand,0.0,0.0,0.0,1.0
6ade9755,single-session-user,rrf_turn,0.0,0.0,0.0,1.0
6ade9755,single-session-user,rrf_sentence,0.0,1.0,0.2890648263178879,1.0
6ade9755,single-session-user,rrf_cards_hand,0.0,1.0,0.3010299956639812,1.0
6ade9755,single-session-user,rrf_cards_m11,0.0,0.0,0.0,1.0
6ade9755,single-session-user,rrf_cards_m13,0.0,0.0,0.0,1.0
6ade9755,single-session-user,rrf_cards_m17,0.0,0.0,0.0,1.0
6ade9755,single-session-user,rrf_turn_route,1.0,1.0,0.38685280723454163,1.0
6ade9755,single-session-user,dense_session_mean,,,,1.0
6ade9755,single-session-user,bm25_session,,,,1.0
6f9b354f,single-session-user,turn,0.0,1.0,0.31546487678572877,1.0
6f9b354f,single-session-user,sentence,1.0,1.0,0.6309297535714575,1.0
6f9b354f,single-session-user,cards_hand,1.0,1.0,0.6309297535714575,1.0
6f9b354f,single-session-user,pos_hand,1.0,1.0,0.6309297535714575,1.0
6f9b354f,single-session-user,cards_m11,1.0,1.0,0.5,1.0
6f9b354f,single-session-user,pos_m11,1.0,1.0,0.5,1.0
6f9b354f,single-session-user,cards_m13,1.0,1.0,0.5,1.0
6f9b354f,single-session-user,pos_m13,1.0,1.0,0.5,1.0
6f9b354f,single-session-user,cards_m17,1.0,1.0,0.6309297535714575,1.0
6f9b354f,single-session-user,pos_m17,1.0,1.0,0.6309297535714575,1.0
6f9b354f,single-session-user,bm25_turn,1.0,1.0,1.0,1.0
6f9b354f,single-session-user,bm25_cards_hand,1.0,1.0,0.6309297535714575,1.0
6f9b354f,single-session-user,rrf_turn,1.0,1.0,1.0,1.0
6f9b354f,single-session-user,rrf_sentence,1.0,1.0,1.0,1.0
6f9b354f,single-session-user,rrf_cards_hand,1.0,1.0,0.6309297535714575,1.0
6f9b354f,single-session-user,rrf_cards_m11,1.0,1.0,0.6309297535714575,1.0
6f9b354f,single-session-user,rrf_cards_m13,1.0,1.0,0.6309297535714575,1.0
6f9b354f,single-session-user,rrf_cards_m17,1.0,1.0,1.0,1.0
6f9b354f,single-session-user,rrf_turn_route,1.0,1.0,1.0,1.0
6f9b354f,single-session-user,dense_session_mean,,,,1.0
6f9b354f,single-session-user,bm25_session,,,,1.0
58ef2f1c,single-session-user,turn,1.0,1.0,0.43067655807339306,1.0
58ef2f1c,single-session-user,sentence,1.0,1.0,0.38685280723454163,1.0
58ef2f1c,single-session-user,cards_hand,0.0,1.0,0.3562071871080222,1.0
58ef2f1c,single-session-user,pos_hand,1.0,1.0,0.38685280723454163,1.0
58ef2f1c,single-session-user,cards_m11,0.0,0.0,0.0,1.0
58ef2f1c,single-session-user,pos_m11,1.0,1.0,0.38685280723454163,1.0
58ef2f1c,single-session-user,cards_m13,1.0,1.0,0.38685280723454163,1.0
58ef2f1c,single-session-user,pos_m13,1.0,1.0,0.38685280723454163,1.0
58ef2f1c,single-session-user,cards_m17,0.0,1.0,0.3333333333333333,1.0
58ef2f1c,single-session-user,pos_m17,0.0,1.0,0.3333333333333333,1.0
58ef2f1c,single-session-user,bm25_turn,1.0,1.0,0.38685280723454163,1.0
58ef2f1c,single-session-user,bm25_cards_hand,1.0,1.0,0.43067655807339306,1.0
58ef2f1c,single-session-user,rrf_turn,1.0,1.0,0.43067655807339306,1.0
58ef2f1c,single-session-user,rrf_sentence,1.0,1.0,0.38685280723454163,1.0
58ef2f1c,single-session-user,rrf_cards_hand,1.0,1.0,0.38685280723454163,1.0
58ef2f1c,single-session-user,rrf_cards_m11,0.0,1.0,0.3562071871080222,1.0
58ef2f1c,single-session-user,rrf_cards_m13,1.0,1.0,0.38685280723454163,1.0
58ef2f1c,single-session-user,rrf_cards_m17,1.0,1.0,0.38685280723454163,1.0
58ef2f1c,single-session-user,rrf_turn_route,1.0,1.0,0.6309297535714575,1.0
58ef2f1c,single-session-user,dense_session_mean,,,,1.0
58ef2f1c,single-session-user,bm25_session,,,,1.0
f8c5f88b,single-session-user,turn,1.0,1.0,0.43067655807339306,1.0
f8c5f88b,single-session-user,sentence,1.0,1.0,1.0,1.0
f8c5f88b,single-session-user,cards_hand,1.0,1.0,0.38685280723454163,1.0
f8c5f88b,single-session-user,pos_hand,1.0,1.0,0.6309297535714575,1.0
f8c5f88b,single-session-user,cards_m11,1.0,1.0,1.0,1.0
f8c5f88b,single-session-user,pos_m11,1.0,1.0,1.0,1.0
f8c5f88b,single-session-user,cards_m13,1.0,1.0,0.5,1.0
f8c5f88b,single-session-user,pos_m13,1.0,1.0,0.5,1.0
f8c5f88b,single-session-user,cards_m17,1.0,1.0,0.6309297535714575,1.0
f8c5f88b,single-session-user,pos_m17,1.0,1.0,0.6309297535714575,1.0
f8c5f88b,single-session-user,bm25_turn,1.0,1.0,1.0,1.0
f8c5f88b,single-session-user,bm25_cards_hand,1.0,1.0,1.0,1.0
f8c5f88b,single-session-user,rrf_turn,1.0,1.0,1.0,1.0
f8c5f88b,single-session-user,rrf_sentence,1.0,1.0,1.0,1.0
f8c5f88b,single-session-user,rrf_cards_hand,1.0,1.0,0.6309297535714575,1.0
f8c5f88b,single-session-user,rrf_cards_m11,1.0,1.0,1.0,1.0
f8c5f88b,single-session-user,rrf_cards_m13,1.0,1.0,1.0,1.0
f8c5f88b,single-session-user,rrf_cards_m17,1.0,1.0,1.0,1.0
f8c5f88b,single-session-user,rrf_turn_route,1.0,1.0,1.0,1.0
f8c5f88b,single-session-user,dense_session_mean,,,,1.0
f8c5f88b,single-session-user,bm25_session,,,,1.0
5d3d2817,single-session-user,turn,0.0,0.0,0.0,0.0
5d3d2817,single-session-user,sentence,0.0,0.0,0.0,1.0
5d3d2817,single-session-user,cards_hand,0.0,0.0,0.0,1.0
5d3d2817,single-session-user,pos_hand,0.0,0.0,0.0,0.0
5d3d2817,single-session-user,cards_m11,0.0,0.0,0.0,1.0
5d3d2817,single-session-user,pos_m11,0.0,0.0,0.0,0.0
5d3d2817,single-session-user,cards_m13,0.0,0.0,0.0,0.0
5d3d2817,single-session-user,pos_m13,0.0,0.0,0.0,0.0
5d3d2817,single-session-user,cards_m17,0.0,0.0,0.0,0.0
5d3d2817,single-session-user,pos_m17,0.0,0.0,0.0,0.0
5d3d2817,single-session-user,bm25_turn,1.0,1.0,1.0,1.0
5d3d2817,single-session-user,bm25_cards_hand,1.0,1.0,0.5,1.0
5d3d2817,single-session-user,rrf_turn,0.0,0.0,0.0,0.0
5d3d2817,single-session-user,rrf_sentence,0.0,1.0,0.3562071871080222,1.0
5d3d2817,single-session-user,rrf_cards_hand,0.0,0.0,0.0,1.0
5d3d2817,single-session-user,rrf_cards_m11,1.0,1.0,0.38685280723454163,1.0
5d3d2817,single-session-user,rrf_cards_m13,0.0,0.0,0.0,1.0
5d3d2817,single-session-user,rrf_cards_m17,0.0,0.0,0.0,1.0
5d3d2817,single-session-user,rrf_turn_route,0.0,0.0,0.0,0.0
5d3d2817,single-session-user,dense_session_mean,,,,0.0
5d3d2817,single-session-user,bm25_session,,,,1.0
7527f7e2,single-session-user,turn,1.0,1.0,1.0,1.0
7527f7e2,single-session-user,sentence,1.0,1.0,1.0,1.0
7527f7e2,single-session-user,cards_hand,1.0,1.0,1.0,1.0
7527f7e2,single-session-user,pos_hand,1.0,1.0,1.0,1.0
7527f7e2,single-session-user,cards_m11,1.0,1.0,1.0,1.0
7527f7e2,single-session-user,pos_m11,1.0,1.0,1.0,1.0
7527f7e2,single-session-user,cards_m13,1.0,1.0,0.6309297535714575,1.0
7527f7e2,single-session-user,pos_m13,1.0,1.0,0.6309297535714575,1.0
7527f7e2,single-session-user,cards_m17,1.0,1.0,1.0,1.0
7527f7e2,single-session-user,pos_m17,1.0,1.0,1.0,1.0
7527f7e2,single-session-user,bm25_turn,1.0,1.0,1.0,1.0
7527f7e2,single-session-user,bm25_cards_hand,1.0,1.0,1.0,1.0
7527f7e2,single-session-user,rrf_turn,1.0,1.0,1.0,1.0
7527f7e2,single-session-user,rrf_sentence,1.0,1.0,1.0,1.0
7527f7e2,single-session-user,rrf_cards_hand,1.0,1.0,1.0,1.0
7527f7e2,single-session-user,rrf_cards_m11,1.0,1.0,1.0,1.0
7527f7e2,single-session-user,rrf_cards_m13,1.0,1.0,1.0,1.0
7527f7e2,single-session-user,rrf_cards_m17,1.0,1.0,1.0,1.0
7527f7e2,single-session-user,rrf_turn_route,1.0,1.0,1.0,1.0
7527f7e2,single-session-user,dense_session_mean,,,,1.0
7527f7e2,single-session-user,bm25_session,,,,1.0
c960da58,single-session-user,turn,1.0,1.0,1.0,1.0
c960da58,single-session-user,sentence,1.0,1.0,1.0,1.0
c960da58,single-session-user,cards_hand,1.0,1.0,0.6309297535714575,1.0
c960da58,single-session-user,pos_hand,1.0,1.0,0.6309297535714575,1.0
c960da58,single-session-user,cards_m11,1.0,1.0,0.6309297535714575,1.0
c960da58,single-session-user,pos_m11,1.0,1.0,0.6309297535714575,1.0
c960da58,single-session-user,cards_m13,1.0,1.0,0.6309297535714575,1.0
c960da58,single-session-user,pos_m13,1.0,1.0,0.6309297535714575,1.0
c960da58,single-session-user,cards_m17,1.0,1.0,1.0,1.0
c960da58,single-session-user,pos_m17,1.0,1.0,1.0,1.0
c960da58,single-session-user,bm25_turn,1.0,1.0,1.0,1.0
c960da58,single-session-user,bm25_cards_hand,1.0,1.0,1.0,1.0
c960da58,single-session-user,rrf_turn,1.0,1.0,1.0,1.0
c960da58,single-session-user,rrf_sentence,1.0,1.0,1.0,1.0
c960da58,single-session-user,rrf_cards_hand,1.0,1.0,1.0,1.0
c960da58,single-session-user,rrf_cards_m11,1.0,1.0,1.0,1.0
c960da58,single-session-user,rrf_cards_m13,1.0,1.0,1.0,1.0
c960da58,single-session-user,rrf_cards_m17,1.0,1.0,1.0,1.0
c960da58,single-session-user,rrf_turn_route,1.0,1.0,1.0,1.0
c960da58,single-session-user,dense_session_mean,,,,1.0
c960da58,single-session-user,bm25_session,,,,1.0
3b6f954b,single-session-user,turn,1.0,1.0,0.38685280723454163,1.0
3b6f954b,single-session-user,sentence,1.0,1.0,1.0,1.0
3b6f954b,single-session-user,cards_hand,1.0,1.0,0.6309297535714575,1.0
3b6f954b,single-session-user,pos_hand,1.0,1.0,0.6309297535714575,1.0
3b6f954b,single-session-user,cards_m11,1.0,1.0,1.0,1.0
3b6f954b,single-session-user,pos_m11,1.0,1.0,1.0,1.0
3b6f954b,single-session-user,cards_m13,1.0,1.0,0.43067655807339306,1.0
3b6f954b,single-session-user,pos_m13,1.0,1.0,0.6309297535714575,1.0
3b6f954b,single-session-user,cards_m17,1.0,1.0,0.5,1.0
3b6f954b,single-session-user,pos_m17,1.0,1.0,0.5,1.0
3b6f954b,single-session-user,bm25_turn,1.0,1.0,1.0,1.0
3b6f954b,single-session-user,bm25_cards_hand,1.0,1.0,1.0,1.0
3b6f954b,single-session-user,rrf_turn,1.0,1.0,0.6309297535714575,1.0
3b6f954b,single-session-user,rrf_sentence,1.0,1.0,1.0,1.0
3b6f954b,single-session-user,rrf_cards_hand,1.0,1.0,1.0,1.0
3b6f954b,single-session-user,rrf_cards_m11,1.0,1.0,1.0,1.0
3b6f954b,single-session-user,rrf_cards_m13,1.0,1.0,0.6309297535714575,1.0
3b6f954b,single-session-user,rrf_cards_m17,1.0,1.0,0.6309297535714575,1.0
3b6f954b,single-session-user,rrf_turn_route,1.0,1.0,1.0,1.0
3b6f954b,single-session-user,dense_session_mean,,,,1.0
3b6f954b,single-session-user,bm25_session,,,,1.0
726462e0,single-session-user,turn,0.0,0.0,0.0,0.0
726462e0,single-session-user,sentence,1.0,1.0,1.0,1.0
726462e0,single-session-user,cards_hand,1.0,1.0,1.0,1.0
726462e0,single-session-user,pos_hand,1.0,1.0,1.0,1.0
726462e0,single-session-user,cards_m11,1.0,1.0,1.0,1.0
726462e0,single-session-user,pos_m11,1.0,1.0,1.0,1.0
726462e0,single-session-user,cards_m13,1.0,1.0,1.0,1.0
726462e0,single-session-user,pos_m13,1.0,1.0,1.0,1.0
726462e0,single-session-user,cards_m17,1.0,1.0,1.0,1.0
726462e0,single-session-user,pos_m17,1.0,1.0,1.0,1.0
726462e0,single-session-user,bm25_turn,1.0,1.0,1.0,1.0
726462e0,single-session-user,bm25_cards_hand,1.0,1.0,1.0,1.0
726462e0,single-session-user,rrf_turn,1.0,1.0,1.0,1.0
726462e0,single-session-user,rrf_sentence,1.0,1.0,1.0,1.0
726462e0,single-session-user,rrf_cards_hand,1.0,1.0,1.0,1.0
726462e0,single-session-user,rrf_cards_m11,1.0,1.0,1.0,1.0
726462e0,single-session-user,rrf_cards_m13,1.0,1.0,1.0,1.0
726462e0,single-session-user,rrf_cards_m17,1.0,1.0,1.0,1.0
726462e0,single-session-user,rrf_turn_route,1.0,1.0,1.0,1.0
726462e0,single-session-user,dense_session_mean,,,,0.0
726462e0,single-session-user,bm25_session,,,,1.0
94f70d80,single-session-user,turn,1.0,1.0,0.5,1.0
94f70d80,single-session-user,sentence,1.0,1.0,1.0,1.0
94f70d80,single-session-user,cards_hand,1.0,1.0,1.0,1.0
94f70d80,single-session-user,pos_hand,1.0,1.0,1.0,1.0
94f70d80,single-session-user,cards_m11,1.0,1.0,1.0,1.0
94f70d80,single-session-user,pos_m11,1.0,1.0,1.0,1.0
94f70d80,single-session-user,cards_m13,1.0,1.0,0.43067655807339306,1.0
94f70d80,single-session-user,pos_m13,1.0,1.0,0.43067655807339306,1.0
94f70d80,single-session-user,cards_m17,1.0,1.0,1.0,1.0
94f70d80,single-session-user,pos_m17,1.0,1.0,1.0,1.0
94f70d80,single-session-user,bm25_turn,1.0,1.0,0.5,1.0
94f70d80,single-session-user,bm25_cards_hand,1.0,1.0,1.0,1.0
94f70d80,single-session-user,rrf_turn,1.0,1.0,0.5,1.0
94f70d80,single-session-user,rrf_sentence,1.0,1.0,1.0,1.0
94f70d80,single-session-user,rrf_cards_hand,1.0,1.0,1.0,1.0
94f70d80,single-session-user,rrf_cards_m11,1.0,1.0,1.0,1.0
94f70d80,single-session-user,rrf_cards_m13,1.0,1.0,0.43067655807339306,1.0
94f70d80,single-session-user,rrf_cards_m17,1.0,1.0,1.0,1.0
94f70d80,single-session-user,rrf_turn_route,1.0,1.0,0.6309297535714575,1.0
94f70d80,single-session-user,dense_session_mean,,,,1.0
94f70d80,single-session-user,bm25_session,,,,1.0
66f24dbb,single-session-user,turn,1.0,1.0,1.0,1.0
66f24dbb,single-session-user,sentence,1.0,1.0,1.0,1.0
66f24dbb,single-session-user,cards_hand,1.0,1.0,1.0,1.0
66f24dbb,single-session-user,pos_hand,1.0,1.0,1.0,1.0
66f24dbb,single-session-user,cards_m11,1.0,1.0,1.0,1.0
66f24dbb,single-session-user,pos_m11,1.0,1.0,1.0,1.0
66f24dbb,single-session-user,cards_m13,1.0,1.0,1.0,1.0
66f24dbb,single-session-user,pos_m13,1.0,1.0,1.0,1.0
66f24dbb,single-session-user,cards_m17,1.0,1.0,1.0,1.0
66f24dbb,single-session-user,pos_m17,1.0,1.0,1.0,1.0
66f24dbb,single-session-user,bm25_turn,0.0,1.0,0.3562071871080222,1.0
66f24dbb,single-session-user,bm25_cards_hand,1.0,1.0,1.0,1.0
66f24dbb,single-session-user,rrf_turn,1.0,1.0,0.6309297535714575,1.0
66f24dbb,single-session-user,rrf_sentence,1.0,1.0,0.6309297535714575,1.0
66f24dbb,single-session-user,rrf_cards_hand,1.0,1.0,1.0,1.0
66f24dbb,single-session-user,rrf_cards_m11,1.0,1.0,0.6309297535714575,1.0
66f24dbb,single-session-user,rrf_cards_m13,1.0,1.0,0.6309297535714575,1.0
66f24dbb,single-session-user,rrf_cards_m17,1.0,1.0,0.6309297535714575,1.0
66f24dbb,single-session-user,rrf_turn_route,1.0,1.0,1.0,1.0
66f24dbb,single-session-user,dense_session_mean,,,,1.0
66f24dbb,single-session-user,bm25_session,,,,1.0
ad7109d1,single-session-user,turn,1.0,1.0,0.5,1.0
ad7109d1,single-session-user,sentence,1.0,1.0,0.5,1.0
ad7109d1,single-session-user,cards_hand,1.0,1.0,0.6309297535714575,1.0
ad7109d1,single-session-user,pos_hand,1.0,1.0,0.5,1.0
ad7109d1,single-session-user,cards_m11,1.0,1.0,0.5,1.0
ad7109d1,single-session-user,pos_m11,1.0,1.0,0.43067655807339306,1.0
ad7109d1,single-session-user,cards_m13,1.0,1.0,0.43067655807339306,1.0
ad7109d1,single-session-user,pos_m13,1.0,1.0,0.43067655807339306,1.0
ad7109d1,single-session-user,cards_m17,1.0,1.0,0.5,1.0
ad7109d1,single-session-user,pos_m17,1.0,1.0,0.5,1.0
ad7109d1,single-session-user,bm25_turn,1.0,1.0,0.6309297535714575,1.0
ad7109d1,single-session-user,bm25_cards_hand,1.0,1.0,0.6309297535714575,1.0
ad7109d1,single-session-user,rrf_turn,1.0,1.0,0.6309297535714575,1.0
ad7109d1,single-session-user,rrf_sentence,1.0,1.0,0.5,1.0
ad7109d1,single-session-user,rrf_cards_hand,1.0,1.0,0.6309297535714575,1.0
ad7109d1,single-session-user,rrf_cards_m11,1.0,1.0,0.5,1.0
ad7109d1,single-session-user,rrf_cards_m13,1.0,1.0,0.5,1.0
ad7109d1,single-session-user,rrf_cards_m17,1.0,1.0,0.5,1.0
ad7109d1,single-session-user,rrf_turn_route,1.0,1.0,0.6309297535714575,1.0
ad7109d1,single-session-user,dense_session_mean,,,,1.0
ad7109d1,single-session-user,bm25_session,,,,1.0
af8d2e46,single-session-user,turn,1.0,1.0,0.6309297535714575,1.0
af8d2e46,single-session-user,sentence,1.0,1.0,1.0,1.0
af8d2e46,single-session-user,cards_hand,1.0,1.0,1.0,1.0
af8d2e46,single-session-user,pos_hand,1.0,1.0,1.0,1.0
af8d2e46,single-session-user,cards_m11,1.0,1.0,1.0,1.0
af8d2e46,single-session-user,pos_m11,1.0,1.0,1.0,1.0
af8d2e46,single-session-user,cards_m13,1.0,1.0,1.0,1.0
af8d2e46,single-session-user,pos_m13,1.0,1.0,1.0,1.0
af8d2e46,single-session-user,cards_m17,1.0,1.0,1.0,1.0
af8d2e46,single-session-user,pos_m17,1.0,1.0,1.0,1.0
af8d2e46,single-session-user,bm25_turn,1.0,1.0,1.0,1.0
af8d2e46,single-session-user,bm25_cards_hand,1.0,1.0,1.0,1.0
af8d2e46,single-session-user,rrf_turn,1.0,1.0,1.0,1.0
af8d2e46,single-session-user,rrf_sentence,1.0,1.0,1.0,1.0
af8d2e46,single-session-user,rrf_cards_hand,1.0,1.0,1.0,1.0
af8d2e46,single-session-user,rrf_cards_m11,1.0,1.0,1.0,1.0
af8d2e46,single-session-user,rrf_cards_m13,1.0,1.0,1.0,1.0
af8d2e46,single-session-user,rrf_cards_m17,1.0,1.0,1.0,1.0
af8d2e46,single-session-user,rrf_turn_route,1.0,1.0,1.0,1.0
af8d2e46,single-session-user,dense_session_mean,,,,1.0
af8d2e46,single-session-user,bm25_session,,,,1.0
dccbc061,single-session-user,turn,1.0,1.0,1.0,1.0
dccbc061,single-session-user,sentence,1.0,1.0,1.0,1.0
dccbc061,single-session-user,cards_hand,1.0,1.0,0.6309297535714575,1.0
dccbc061,single-session-user,pos_hand,1.0,1.0,1.0,1.0
dccbc061,single-session-user,cards_m11,1.0,1.0,0.6309297535714575,1.0
dccbc061,single-session-user,pos_m11,1.0,1.0,0.6309297535714575,1.0
dccbc061,single-session-user,cards_m13,1.0,1.0,1.0,1.0
dccbc061,single-session-user,pos_m13,1.0,1.0,1.0,1.0
dccbc061,single-session-user,cards_m17,1.0,1.0,0.6309297535714575,1.0
dccbc061,single-session-user,pos_m17,1.0,1.0,0.6309297535714575,1.0
dccbc061,single-session-user,bm25_turn,1.0,1.0,1.0,1.0
dccbc061,single-session-user,bm25_cards_hand,1.0,1.0,1.0,1.0
dccbc061,single-session-user,rrf_turn,1.0,1.0,1.0,1.0
dccbc061,single-session-user,rrf_sentence,1.0,1.0,1.0,1.0
dccbc061,single-session-user,rrf_cards_hand,1.0,1.0,1.0,1.0
dccbc061,single-session-user,rrf_cards_m11,1.0,1.0,1.0,1.0
dccbc061,single-session-user,rrf_cards_m13,1.0,1.0,1.0,1.0
dccbc061,single-session-user,rrf_cards_m17,1.0,1.0,1.0,1.0
dccbc061,single-session-user,rrf_turn_route,1.0,1.0,1.0,1.0
dccbc061,single-session-user,dense_session_mean,,,,1.0
dccbc061,single-session-user,bm25_session,,,,1.0
c8c3f81d,single-session-user,turn,1.0,1.0,1.0,1.0
c8c3f81d,single-session-user,sentence,1.0,1.0,1.0,1.0
c8c3f81d,single-session-user,cards_hand,1.0,1.0,1.0,1.0
c8c3f81d,single-session-user,pos_hand,1.0,1.0,1.0,1.0
c8c3f81d,single-session-user,cards_m11,1.0,1.0,1.0,1.0
c8c3f81d,single-session-user,pos_m11,1.0,1.0,1.0,1.0
c8c3f81d,single-session-user,cards_m13,1.0,1.0,1.0,1.0
c8c3f81d,single-session-user,pos_m13,1.0,1.0,1.0,1.0
c8c3f81d,single-session-user,cards_m17,1.0,1.0,1.0,1.0
c8c3f81d,single-session-user,pos_m17,1.0,1.0,1.0,1.0
c8c3f81d,single-session-user,bm25_turn,1.0,1.0,1.0,1.0
c8c3f81d,single-session-user,bm25_cards_hand,1.0,1.0,1.0,1.0
c8c3f81d,single-session-user,rrf_turn,1.0,1.0,1.0,1.0
c8c3f81d,single-session-user,rrf_sentence,1.0,1.0,1.0,1.0
c8c3f81d,single-session-user,rrf_cards_hand,1.0,1.0,1.0,1.0
c8c3f81d,single-session-user,rrf_cards_m11,1.0,1.0,1.0,1.0
c8c3f81d,single-session-user,rrf_cards_m13,1.0,1.0,1.0,1.0
c8c3f81d,single-session-user,rrf_cards_m17,1.0,1.0,1.0,1.0
c8c3f81d,single-session-user,rrf_turn_route,1.0,1.0,1.0,1.0
c8c3f81d,single-session-user,dense_session_mean,,,,1.0
c8c3f81d,single-session-user,bm25_session,,,,1.0
8ebdbe50,single-session-user,turn,1.0,1.0,1.0,1.0
8ebdbe50,single-session-user,sentence,1.0,1.0,0.6309297535714575,1.0
8ebdbe50,single-session-user,cards_hand,1.0,1.0,0.6309297535714575,1.0
8ebdbe50,single-session-user,pos_hand,1.0,1.0,0.6309297535714575,1.0
8ebdbe50,single-session-user,cards_m11,1.0,1.0,0.6309297535714575,1.0
8ebdbe50,single-session-user,pos_m11,1.0,1.0,0.6309297535714575,1.0
8ebdbe50,single-session-user,cards_m13,1.0,1.0,1.0,1.0
8ebdbe50,single-session-user,pos_m13,1.0,1.0,1.0,1.0
8ebdbe50,single-session-user,cards_m17,1.0,1.0,1.0,1.0
8ebdbe50,single-session-user,pos_m17,1.0,1.0,1.0,1.0
8ebdbe50,single-session-user,bm25_turn,1.0,1.0,1.0,1.0
8ebdbe50,single-session-user,bm25_cards_hand,1.0,1.0,1.0,1.0
8ebdbe50,single-session-user,rrf_turn,1.0,1.0,1.0,1.0
8ebdbe50,single-session-user,rrf_sentence,1.0,1.0,1.0,1.0
8ebdbe50,single-session-user,rrf_cards_hand,1.0,1.0,1.0,1.0
8ebdbe50,single-session-user,rrf_cards_m11,1.0,1.0,1.0,1.0
8ebdbe50,single-session-user,rrf_cards_m13,1.0,1.0,1.0,1.0
8ebdbe50,single-session-user,rrf_cards_m17,1.0,1.0,1.0,1.0
8ebdbe50,single-session-user,rrf_turn_route,1.0,1.0,1.0,1.0
8ebdbe50,single-session-user,dense_session_mean,,,,1.0
8ebdbe50,single-session-user,bm25_session,,,,1.0
6b168ec8,single-session-user,turn,1.0,1.0,0.38685280723454163,1.0
6b168ec8,single-session-user,sentence,1.0,1.0,1.0,1.0
6b168ec8,single-session-user,cards_hand,1.0,1.0,1.0,1.0
6b168ec8,single-session-user,pos_hand,1.0,1.0,1.0,1.0
6b168ec8,single-session-user,cards_m11,1.0,1.0,1.0,1.0
6b168ec8,single-session-user,pos_m11,1.0,1.0,1.0,1.0
6b168ec8,single-session-user,cards_m13,1.0,1.0,0.6309297535714575,1.0
6b168ec8,single-session-user,pos_m13,1.0,1.0,0.6309297535714575,1.0
6b168ec8,single-session-user,cards_m17,1.0,1.0,1.0,1.0
6b168ec8,single-session-user,pos_m17,1.0,1.0,1.0,1.0
6b168ec8,single-session-user,bm25_turn,1.0,1.0,0.6309297535714575,1.0
6b168ec8,single-session-user,bm25_cards_hand,0.0,0.0,0.0,0.0
6b168ec8,single-session-user,rrf_turn,1.0,1.0,1.0,1.0
6b168ec8,single-session-user,rrf_sentence,1.0,1.0,1.0,1.0
6b168ec8,single-session-user,rrf_cards_hand,1.0,1.0,0.6309297535714575,1.0
6b168ec8,single-session-user,rrf_cards_m11,1.0,1.0,1.0,1.0
6b168ec8,single-session-user,rrf_cards_m13,1.0,1.0,1.0,1.0
6b168ec8,single-session-user,rrf_cards_m17,1.0,1.0,1.0,1.0
6b168ec8,single-session-user,rrf_turn_route,1.0,1.0,1.0,1.0
6b168ec8,single-session-user,dense_session_mean,,,,1.0
6b168ec8,single-session-user,bm25_session,,,,1.0
75499fd8,single-session-user,turn,1.0,1.0,0.6309297535714575,1.0
75499fd8,single-session-user,sentence,1.0,1.0,1.0,1.0
75499fd8,single-session-user,cards_hand,1.0,1.0,1.0,1.0
75499fd8,single-session-user,pos_hand,1.0,1.0,1.0,1.0
75499fd8,single-session-user,cards_m11,1.0,1.0,1.0,1.0
75499fd8,single-session-user,pos_m11,1.0,1.0,1.0,1.0
75499fd8,single-session-user,cards_m13,1.0,1.0,1.0,1.0
75499fd8,single-session-user,pos_m13,1.0,1.0,1.0,1.0
75499fd8,single-session-user,cards_m17,1.0,1.0,1.0,1.0
75499fd8,single-session-user,pos_m17,1.0,1.0,1.0,1.0
75499fd8,single-session-user,bm25_turn,0.0,0.0,0.0,1.0
75499fd8,single-session-user,bm25_cards_hand,0.0,0.0,0.0,1.0
75499fd8,single-session-user,rrf_turn,0.0,0.0,0.0,1.0
75499fd8,single-session-user,rrf_sentence,0.0,0.0,0.0,1.0
75499fd8,single-session-user,rrf_cards_hand,0.0,0.0,0.0,1.0
75499fd8,single-session-user,rrf_cards_m11,0.0,0.0,0.0,1.0
75499fd8,single-session-user,rrf_cards_m13,0.0,0.0,0.0,1.0
75499fd8,single-session-user,rrf_cards_m17,0.0,0.0,0.0,1.0
75499fd8,single-session-user,rrf_turn_route,0.0,0.0,0.0,1.0
75499fd8,single-session-user,dense_session_mean,,,,1.0
75499fd8,single-session-user,bm25_session,,,,1.0
21436231,single-session-user,turn,1.0,1.0,0.6309297535714575,1.0
21436231,single-session-user,sentence,1.0,1.0,0.6309297535714575,1.0
21436231,single-session-user,cards_hand,1.0,1.0,0.6309297535714575,1.0
21436231,single-session-user,pos_hand,1.0,1.0,0.6309297535714575,1.0
21436231,single-session-user,cards_m11,1.0,1.0,0.6309297535714575,1.0
21436231,single-session-user,pos_m11,1.0,1.0,0.6309297535714575,1.0
21436231,single-session-user,cards_m13,1.0,1.0,0.6309297535714575,1.0
21436231,single-session-user,pos_m13,1.0,1.0,0.6309297535714575,1.0
21436231,single-session-user,cards_m17,1.0,1.0,0.6309297535714575,1.0
21436231,single-session-user,pos_m17,1.0,1.0,0.6309297535714575,1.0
21436231,single-session-user,bm25_turn,1.0,1.0,1.0,1.0
21436231,single-session-user,bm25_cards_hand,1.0,1.0,0.43067655807339306,1.0
21436231,single-session-user,rrf_turn,1.0,1.0,1.0,1.0
21436231,single-session-user,rrf_sentence,1.0,1.0,1.0,1.0
21436231,single-session-user,rrf_cards_hand,1.0,1.0,0.5,1.0
21436231,single-session-user,rrf_cards_m11,1.0,1.0,1.0,1.0
21436231,single-session-user,rrf_cards_m13,1.0,1.0,1.0,1.0
21436231,single-session-user,rrf_cards_m17,1.0,1.0,1.0,1.0
21436231,single-session-user,rrf_turn_route,1.0,1.0,1.0,1.0
21436231,single-session-user,dense_session_mean,,,,1.0
21436231,single-session-user,bm25_session,,,,1.0
95bcc1c8,single-session-user,turn,1.0,1.0,1.0,1.0
95bcc1c8,single-session-user,sentence,1.0,1.0,1.0,1.0
95bcc1c8,single-session-user,cards_hand,1.0,1.0,1.0,1.0
95bcc1c8,single-session-user,pos_hand,1.0,1.0,1.0,1.0
95bcc1c8,single-session-user,cards_m11,1.0,1.0,1.0,1.0
95bcc1c8,single-session-user,pos_m11,1.0,1.0,1.0,1.0
95bcc1c8,single-session-user,cards_m13,1.0,1.0,1.0,1.0
95bcc1c8,single-session-user,pos_m13,1.0,1.0,1.0,1.0
95bcc1c8,single-session-user,cards_m17,1.0,1.0,1.0,1.0
95bcc1c8,single-session-user,pos_m17,1.0,1.0,1.0,1.0
95bcc1c8,single-session-user,bm25_turn,1.0,1.0,1.0,1.0
95bcc1c8,single-session-user,bm25_cards_hand,1.0,1.0,1.0,1.0
95bcc1c8,single-session-user,rrf_turn,1.0,1.0,1.0,1.0
95bcc1c8,single-session-user,rrf_sentence,1.0,1.0,1.0,1.0
95bcc1c8,single-session-user,rrf_cards_hand,1.0,1.0,1.0,1.0
95bcc1c8,single-session-user,rrf_cards_m11,1.0,1.0,1.0,1.0
95bcc1c8,single-session-user,rrf_cards_m13,1.0,1.0,1.0,1.0
95bcc1c8,single-session-user,rrf_cards_m17,1.0,1.0,1.0,1.0
95bcc1c8,single-session-user,rrf_turn_route,1.0,1.0,1.0,1.0
95bcc1c8,single-session-user,dense_session_mean,,,,1.0
95bcc1c8,single-session-user,bm25_session,,,,1.0
0862e8bf,single-session-user,turn,1.0,1.0,1.0,1.0
0862e8bf,single-session-user,sentence,1.0,1.0,1.0,1.0
0862e8bf,single-session-user,cards_hand,1.0,1.0,0.6309297535714575,1.0
0862e8bf,single-session-user,pos_hand,1.0,1.0,0.6309297535714575,1.0
0862e8bf,single-session-user,cards_m11,1.0,1.0,1.0,1.0
0862e8bf,single-session-user,pos_m11,1.0,1.0,1.0,1.0
0862e8bf,single-session-user,cards_m13,1.0,1.0,0.6309297535714575,1.0
0862e8bf,single-session-user,pos_m13,1.0,1.0,0.6309297535714575,1.0
0862e8bf,single-session-user,cards_m17,1.0,1.0,1.0,1.0
0862e8bf,single-session-user,pos_m17,1.0,1.0,1.0,1.0
0862e8bf,single-session-user,bm25_turn,1.0,1.0,1.0,1.0
0862e8bf,single-session-user,bm25_cards_hand,1.0,1.0,0.6309297535714575,1.0
0862e8bf,single-session-user,rrf_turn,1.0,1.0,1.0,1.0
0862e8bf,single-session-user,rrf_sentence,1.0,1.0,1.0,1.0
0862e8bf,single-session-user,rrf_cards_hand,1.0,1.0,1.0,1.0
0862e8bf,single-session-user,rrf_cards_m11,1.0,1.0,1.0,1.0
0862e8bf,single-session-user,rrf_cards_m13,1.0,1.0,1.0,1.0
0862e8bf,single-session-user,rrf_cards_m17,1.0,1.0,1.0,1.0
0862e8bf,single-session-user,rrf_turn_route,1.0,1.0,1.0,1.0
0862e8bf,single-session-user,dense_session_mean,,,,1.0
0862e8bf,single-session-user,bm25_session,,,,1.0
853b0a1d,single-session-user,turn,0.0,0.0,0.0,1.0
853b0a1d,single-session-user,sentence,1.0,1.0,0.38685280723454163,1.0
853b0a1d,single-session-user,cards_hand,1.0,1.0,0.38685280723454163,1.0
853b0a1d,single-session-user,pos_hand,1.0,1.0,0.38685280723454163,1.0
853b0a1d,single-session-user,cards_m11,1.0,1.0,0.38685280723454163,1.0
853b0a1d,single-session-user,pos_m11,1.0,1.0,0.38685280723454163,1.0
853b0a1d,single-session-user,cards_m13,1.0,1.0,0.38685280723454163,1.0
853b0a1d,single-session-user,pos_m13,1.0,1.0,0.38685280723454163,1.0
853b0a1d,single-session-user,cards_m17,1.0,1.0,0.38685280723454163,1.0
853b0a1d,single-session-user,pos_m17,1.0,1.0,0.38685280723454163,1.0
853b0a1d,single-session-user,bm25_turn,1.0,1.0,1.0,1.0
853b0a1d,single-session-user,bm25_cards_hand,1.0,1.0,0.6309297535714575,1.0
853b0a1d,single-session-user,rrf_turn,1.0,1.0,0.38685280723454163,1.0
853b0a1d,single-session-user,rrf_sentence,1.0,1.0,0.5,1.0
853b0a1d,single-session-user,rrf_cards_hand,1.0,1.0,0.5,1.0
853b0a1d,single-session-user,rrf_cards_m11,1.0,1.0,0.5,1.0
853b0a1d,single-session-user,rrf_cards_m13,1.0,1.0,0.5,1.0
853b0a1d,single-session-user,rrf_cards_m17,1.0,1.0,0.5,1.0
853b0a1d,single-session-user,rrf_turn_route,1.0,1.0,0.6309297535714575,1.0
853b0a1d,single-session-user,dense_session_mean,,,,1.0
853b0a1d,single-session-user,bm25_session,,,,1.0
a06e4cfe,single-session-user,turn,1.0,1.0,1.0,1.0
a06e4cfe,single-session-user,sentence,1.0,1.0,1.0,1.0
a06e4cfe,single-session-user,cards_hand,1.0,1.0,0.6309297535714575,1.0
a06e4cfe,single-session-user,pos_hand,1.0,1.0,0.6309297535714575,1.0
a06e4cfe,single-session-user,cards_m11,1.0,1.0,1.0,1.0
a06e4cfe,single-session-user,pos_m11,1.0,1.0,0.6309297535714575,1.0
a06e4cfe,single-session-user,cards_m13,1.0,1.0,0.6309297535714575,1.0
a06e4cfe,single-session-user,pos_m13,1.0,1.0,0.6309297535714575,1.0
a06e4cfe,single-session-user,cards_m17,1.0,1.0,1.0,1.0
a06e4cfe,single-session-user,pos_m17,1.0,1.0,0.6309297535714575,1.0
a06e4cfe,single-session-user,bm25_turn,1.0,1.0,1.0,1.0
a06e4cfe,single-session-user,bm25_cards_hand,1.0,1.0,1.0,1.0
a06e4cfe,single-session-user,rrf_turn,1.0,1.0,1.0,1.0
a06e4cfe,single-session-user,rrf_sentence,1.0,1.0,1.0,1.0
a06e4cfe,single-session-user,rrf_cards_hand,1.0,1.0,1.0,1.0
a06e4cfe,single-session-user,rrf_cards_m11,1.0,1.0,1.0,1.0
a06e4cfe,single-session-user,rrf_cards_m13,1.0,1.0,1.0,1.0
a06e4cfe,single-session-user,rrf_cards_m17,1.0,1.0,1.0,1.0
a06e4cfe,single-session-user,rrf_turn_route,1.0,1.0,1.0,1.0
a06e4cfe,single-session-user,dense_session_mean,,,,1.0
a06e4cfe,single-session-user,bm25_session,,,,1.0
37d43f65,single-session-user,turn,1.0,1.0,0.6309297535714575,1.0
37d43f65,single-session-user,sentence,1.0,1.0,0.5,1.0
37d43f65,single-session-user,cards_hand,1.0,1.0,0.6309297535714575,1.0
37d43f65,single-session-user,pos_hand,1.0,1.0,0.6309297535714575,1.0
37d43f65,single-session-user,cards_m11,1.0,1.0,0.5,1.0
37d43f65,single-session-user,pos_m11,1.0,1.0,0.5,1.0
37d43f65,single-session-user,cards_m13,1.0,1.0,0.6309297535714575,1.0
37d43f65,single-session-user,pos_m13,1.0,1.0,0.6309297535714575,1.0
37d43f65,single-session-user,cards_m17,1.0,1.0,0.5,1.0
37d43f65,single-session-user,pos_m17,1.0,1.0,0.6309297535714575,1.0
37d43f65,single-session-user,bm25_turn,1.0,1.0,1.0,1.0
37d43f65,single-session-user,bm25_cards_hand,1.0,1.0,1.0,1.0
37d43f65,single-session-user,rrf_turn,1.0,1.0,1.0,1.0
37d43f65,single-session-user,rrf_sentence,1.0,1.0,1.0,1.0
37d43f65,single-session-user,rrf_cards_hand,1.0,1.0,0.6309297535714575,1.0
37d43f65,single-session-user,rrf_cards_m11,1.0,1.0,1.0,1.0
37d43f65,single-session-user,rrf_cards_m13,1.0,1.0,1.0,1.0
37d43f65,single-session-user,rrf_cards_m17,1.0,1.0,1.0,1.0
37d43f65,single-session-user,rrf_turn_route,1.0,1.0,1.0,1.0
37d43f65,single-session-user,dense_session_mean,,,,1.0
37d43f65,single-session-user,bm25_session,,,,1.0
b86304ba,single-session-user,turn,0.0,1.0,0.3562071871080222,1.0
b86304ba,single-session-user,sentence,0.0,0.0,0.0,1.0
b86304ba,single-session-user,cards_hand,0.0,1.0,0.3010299956639812,1.0
b86304ba,single-session-user,pos_hand,0.0,0.0,0.0,1.0
b86304ba,single-session-user,cards_m11,0.0,0.0,0.0,1.0
b86304ba,single-session-user,pos_m11,0.0,0.0,0.0,1.0
b86304ba,single-session-user,cards_m13,0.0,1.0,0.2890648263178879,1.0
b86304ba,single-session-user,pos_m13,0.0,1.0,0.2890648263178879,1.0
b86304ba,single-session-user,cards_m17,0.0,0.0,0.0,1.0
b86304ba,single-session-user,pos_m17,0.0,0.0,0.0,1.0
b86304ba,single-session-user,bm25_turn,1.0,1.0,1.0,1.0
b86304ba,single-session-user,bm25_cards_hand,1.0,1.0,1.0,1.0
b86304ba,single-session-user,rrf_turn,1.0,1.0,1.0,1.0
b86304ba,single-session-user,rrf_sentence,1.0,1.0,1.0,1.0
b86304ba,single-session-user,rrf_cards_hand,1.0,1.0,1.0,1.0
b86304ba,single-session-user,rrf_cards_m11,1.0,1.0,1.0,1.0
b86304ba,single-session-user,rrf_cards_m13,1.0,1.0,1.0,1.0
b86304ba,single-session-user,rrf_cards_m17,1.0,1.0,0.6309297535714575,1.0
b86304ba,single-session-user,rrf_turn_route,1.0,1.0,1.0,1.0
b86304ba,single-session-user,dense_session_mean,,,,1.0
b86304ba,single-session-user,bm25_session,,,,1.0
d52b4f67,single-session-user,turn,0.0,1.0,0.31546487678572877,1.0
d52b4f67,single-session-user,sentence,0.0,1.0,0.3562071871080222,1.0
d52b4f67,single-session-user,cards_hand,0.0,0.0,0.0,1.0
d52b4f67,single-session-user,pos_hand,0.0,0.0,0.0,1.0
d52b4f67,single-session-user,cards_m11,0.0,1.0,0.3562071871080222,1.0
d52b4f67,single-session-user,pos_m11,0.0,1.0,0.3562071871080222,1.0
d52b4f67,single-session-user,cards_m13,0.0,0.0,0.0,1.0
d52b4f67,single-session-user,pos_m13,0.0,0.0,0.0,1.0
d52b4f67,single-session-user,cards_m17,0.0,1.0,0.3562071871080222,1.0
d52b4f67,single-session-user,pos_m17,0.0,1.0,0.3562071871080222,1.0
d52b4f67,single-session-user,bm25_turn,1.0,1.0,1.0,1.0
d52b4f67,single-session-user,bm25_cards_hand,1.0,1.0,1.0,1.0
d52b4f67,single-session-user,rrf_turn,1.0,1.0,0.6309297535714575,1.0
d52b4f67,single-session-user,rrf_sentence,1.0,1.0,0.5,1.0
d52b4f67,single-session-user,rrf_cards_hand,0.0,1.0,0.3333333333333333,1.0
d52b4f67,single-session-user,rrf_cards_m11,1.0,1.0,0.5,1.0
d52b4f67,single-session-user,rrf_cards_m13,1.0,1.0,0.38685280723454163,1.0
d52b4f67,single-session-user,rrf_cards_m17,1.0,1.0,0.5,1.0
d52b4f67,single-session-user,rrf_turn_route,1.0,1.0,1.0,1.0
d52b4f67,single-session-user,dense_session_mean,,,,1.0
d52b4f67,single-session-user,bm25_session,,,,1.0
25e5aa4f,single-session-user,turn,0.0,1.0,0.3010299956639812,1.0
25e5aa4f,single-session-user,sentence,1.0,1.0,1.0,1.0
25e5aa4f,single-session-user,cards_hand,1.0,1.0,0.43067655807339306,1.0
25e5aa4f,single-session-user,pos_hand,1.0,1.0,0.43067655807339306,1.0
25e5aa4f,single-session-user,cards_m11,1.0,1.0,0.43067655807339306,1.0
25e5aa4f,single-session-user,pos_m11,1.0,1.0,1.0,1.0
25e5aa4f,single-session-user,cards_m13,1.0,1.0,0.43067655807339306,1.0
25e5aa4f,single-session-user,pos_m13,1.0,1.0,0.43067655807339306,1.0
25e5aa4f,single-session-user,cards_m17,1.0,1.0,0.43067655807339306,1.0
25e5aa4f,single-session-user,pos_m17,1.0,1.0,1.0,1.0
25e5aa4f,single-session-user,bm25_turn,0.0,0.0,0.0,1.0
25e5aa4f,single-session-user,bm25_cards_hand,0.0,0.0,0.0,1.0
25e5aa4f,single-session-user,rrf_turn,0.0,0.0,0.0,1.0
25e5aa4f,single-session-user,rrf_sentence,0.0,0.0,0.0,1.0
25e5aa4f,single-session-user,rrf_cards_hand,0.0,0.0,0.0,1.0
25e5aa4f,single-session-user,rrf_cards_m11,0.0,0.0,0.0,1.0
25e5aa4f,single-session-user,rrf_cards_m13,0.0,0.0,0.0,1.0
25e5aa4f,single-session-user,rrf_cards_m17,0.0,0.0,0.0,1.0
25e5aa4f,single-session-user,rrf_turn_route,0.0,1.0,0.2890648263178879,1.0
25e5aa4f,single-session-user,dense_session_mean,,,,1.0
25e5aa4f,single-session-user,bm25_session,,,,1.0
caf9ead2,single-session-user,turn,1.0,1.0,0.6309297535714575,1.0
caf9ead2,single-session-user,sentence,1.0,1.0,1.0,1.0
caf9ead2,single-session-user,cards_hand,1.0,1.0,1.0,1.0
caf9ead2,single-session-user,pos_hand,1.0,1.0,1.0,1.0
caf9ead2,single-session-user,cards_m11,1.0,1.0,1.0,1.0
caf9ead2,single-session-user,pos_m11,1.0,1.0,1.0,1.0
caf9ead2,single-session-user,cards_m13,1.0,1.0,1.0,1.0
caf9ead2,single-session-user,pos_m13,1.0,1.0,1.0,1.0
caf9ead2,single-session-user,cards_m17,1.0,1.0,1.0,1.0
caf9ead2,single-session-user,pos_m17,1.0,1.0,1.0,1.0
caf9ead2,single-session-user,bm25_turn,1.0,1.0,0.6309297535714575,1.0
caf9ead2,single-session-user,bm25_cards_hand,1.0,1.0,1.0,1.0
caf9ead2,single-session-user,rrf_turn,1.0,1.0,0.6309297535714575,1.0
caf9ead2,single-session-user,rrf_sentence,1.0,1.0,1.0,1.0
caf9ead2,single-session-user,rrf_cards_hand,1.0,1.0,1.0,1.0
caf9ead2,single-session-user,rrf_cards_m11,1.0,1.0,1.0,1.0
caf9ead2,single-session-user,rrf_cards_m13,1.0,1.0,1.0,1.0
caf9ead2,single-session-user,rrf_cards_m17,1.0,1.0,1.0,1.0
caf9ead2,single-session-user,rrf_turn_route,1.0,1.0,0.6309297535714575,1.0
caf9ead2,single-session-user,dense_session_mean,,,,1.0
caf9ead2,single-session-user,bm25_session,,,,1.0
8550ddae,single-session-user,turn,0.0,0.0,0.0,1.0
8550ddae,single-session-user,sentence,0.0,0.0,0.0,1.0
8550ddae,single-session-user,cards_hand,0.0,0.0,0.0,1.0
8550ddae,single-session-user,pos_hand,0.0,0.0,0.0,1.0
8550ddae,single-session-user,cards_m11,0.0,1.0,0.2890648263178879,1.0
8550ddae,single-session-user,pos_m11,0.0,0.0,0.0,1.0
8550ddae,single-session-user,cards_m13,0.0,1.0,0.2890648263178879,1.0
8550ddae,single-session-user,pos_m13,0.0,0.0,0.0,1.0
8550ddae,single-session-user,cards_m17,0.0,1.0,0.2890648263178879,1.0
8550ddae,single-session-user,pos_m17,0.0,0.0,0.0,1.0
8550ddae,single-session-user,bm25_turn,1.0,1.0,1.0,1.0
8550ddae,single-session-user,bm25_cards_hand,1.0,1.0,0.6309297535714575,1.0
8550ddae,single-session-user,rrf_turn,1.0,1.0,1.0,1.0
8550ddae,single-session-user,rrf_sentence,1.0,1.0,0.6309297535714575,1.0
8550ddae,single-session-user,rrf_cards_hand,1.0,1.0,1.0,1.0
8550ddae,single-session-user,rrf_cards_m11,1.0,1.0,1.0,1.0
8550ddae,single-session-user,rrf_cards_m13,1.0,1.0,1.0,1.0
8550ddae,single-session-user,rrf_cards_m17,1.0,1.0,1.0,1.0
8550ddae,single-session-user,rrf_turn_route,1.0,1.0,1.0,1.0
8550ddae,single-session-user,dense_session_mean,,,,1.0
8550ddae,single-session-user,bm25_session,,,,1.0
60d45044,single-session-user,turn,1.0,1.0,1.0,1.0
60d45044,single-session-user,sentence,1.0,1.0,1.0,1.0
60d45044,single-session-user,cards_hand,1.0,1.0,0.43067655807339306,1.0
60d45044,single-session-user,pos_hand,1.0,1.0,0.43067655807339306,1.0
60d45044,single-session-user,cards_m11,1.0,1.0,0.6309297535714575,1.0
60d45044,single-session-user,pos_m11,1.0,1.0,0.6309297535714575,1.0
60d45044,single-session-user,cards_m13,1.0,1.0,0.43067655807339306,1.0
60d45044,single-session-user,pos_m13,1.0,1.0,0.43067655807339306,1.0
60d45044,single-session-user,cards_m17,1.0,1.0,0.43067655807339306,1.0
60d45044,single-session-user,pos_m17,1.0,1.0,0.43067655807339306,1.0
60d45044,single-session-user,bm25_turn,1.0,1.0,1.0,1.0
60d45044,single-session-user,bm25_cards_hand,1.0,1.0,1.0,1.0
60d45044,single-session-user,rrf_turn,1.0,1.0,1.0,1.0
60d45044,single-session-user,rrf_sentence,1.0,1.0,1.0,1.0
60d45044,single-session-user,rrf_cards_hand,1.0,1.0,1.0,1.0
60d45044,single-session-user,rrf_cards_m11,1.0,1.0,1.0,1.0
60d45044,single-session-user,rrf_cards_m13,1.0,1.0,1.0,1.0
60d45044,single-session-user,rrf_cards_m17,1.0,1.0,1.0,1.0
60d45044,single-session-user,rrf_turn_route,1.0,1.0,1.0,1.0
60d45044,single-session-user,dense_session_mean,,,,1.0
60d45044,single-session-user,bm25_session,,,,1.0
3f1e9474,single-session-user,turn,1.0,1.0,1.0,1.0
3f1e9474,single-session-user,sentence,1.0,1.0,1.0,1.0
3f1e9474,single-session-user,cards_hand,1.0,1.0,0.43067655807339306,1.0
3f1e9474,single-session-user,pos_hand,1.0,1.0,0.5,1.0
3f1e9474,single-session-user,cards_m11,1.0,1.0,0.5,1.0
3f1e9474,single-session-user,pos_m11,1.0,1.0,0.5,1.0
3f1e9474,single-session-user,cards_m13,1.0,1.0,0.43067655807339306,1.0
3f1e9474,single-session-user,pos_m13,1.0,1.0,0.43067655807339306,1.0
3f1e9474,single-session-user,cards_m17,1.0,1.0,1.0,1.0
3f1e9474,single-session-user,pos_m17,1.0,1.0,1.0,1.0
3f1e9474,single-session-user,bm25_turn,1.0,1.0,0.6309297535714575,1.0
3f1e9474,single-session-user,bm25_cards_hand,1.0,1.0,1.0,1.0
3f1e9474,single-session-user,rrf_turn,1.0,1.0,0.6309297535714575,1.0
3f1e9474,single-session-user,rrf_sentence,1.0,1.0,1.0,1.0
3f1e9474,single-session-user,rrf_cards_hand,1.0,1.0,0.6309297535714575,1.0
3f1e9474,single-session-user,rrf_cards_m11,1.0,1.0,1.0,1.0
3f1e9474,single-session-user,rrf_cards_m13,1.0,1.0,0.6309297535714575,1.0
3f1e9474,single-session-user,rrf_cards_m17,1.0,1.0,1.0,1.0
3f1e9474,single-session-user,rrf_turn_route,1.0,1.0,0.6309297535714575,1.0
3f1e9474,single-session-user,dense_session_mean,,,,1.0
3f1e9474,single-session-user,bm25_session,,,,1.0
86b68151,single-session-user,turn,1.0,1.0,1.0,1.0
86b68151,single-session-user,sentence,1.0,1.0,1.0,1.0
86b68151,single-session-user,cards_hand,1.0,1.0,1.0,1.0
86b68151,single-session-user,pos_hand,1.0,1.0,1.0,1.0
86b68151,single-session-user,cards_m11,1.0,1.0,1.0,1.0
86b68151,single-session-user,pos_m11,1.0,1.0,1.0,1.0
86b68151,single-session-user,cards_m13,1.0,1.0,1.0,1.0
86b68151,single-session-user,pos_m13,1.0,1.0,1.0,1.0
86b68151,single-session-user,cards_m17,1.0,1.0,1.0,1.0
86b68151,single-session-user,pos_m17,1.0,1.0,1.0,1.0
86b68151,single-session-user,bm25_turn,1.0,1.0,0.6309297535714575,1.0
86b68151,single-session-user,bm25_cards_hand,1.0,1.0,1.0,1.0
86b68151,single-session-user,rrf_turn,1.0,1.0,1.0,1.0
86b68151,single-session-user,rrf_sentence,1.0,1.0,1.0,1.0
86b68151,single-session-user,rrf_cards_hand,1.0,1.0,1.0,1.0
86b68151,single-session-user,rrf_cards_m11,1.0,1.0,1.0,1.0
86b68151,single-session-user,rrf_cards_m13,1.0,1.0,1.0,1.0
86b68151,single-session-user,rrf_cards_m17,1.0,1.0,1.0,1.0
86b68151,single-session-user,rrf_turn_route,1.0,1.0,1.0,1.0
86b68151,single-session-user,dense_session_mean,,,,1.0
86b68151,single-session-user,bm25_session,,,,1.0
577d4d32,single-session-user,turn,1.0,1.0,1.0,1.0
577d4d32,single-session-user,sentence,1.0,1.0,1.0,1.0
577d4d32,single-session-user,cards_hand,1.0,1.0,1.0,1.0
577d4d32,single-session-user,pos_hand,1.0,1.0,1.0,1.0
577d4d32,single-session-user,cards_m11,1.0,1.0,1.0,1.0
577d4d32,single-session-user,pos_m11,1.0,1.0,1.0,1.0
577d4d32,single-session-user,cards_m13,1.0,1.0,1.0,1.0
577d4d32,single-session-user,pos_m13,1.0,1.0,1.0,1.0
577d4d32,single-session-user,cards_m17,1.0,1.0,1.0,1.0
577d4d32,single-session-user,pos_m17,1.0,1.0,1.0,1.0
577d4d32,single-session-user,bm25_turn,1.0,1.0,1.0,1.0
577d4d32,single-session-user,bm25_cards_hand,1.0,1.0,1.0,1.0
577d4d32,single-session-user,rrf_turn,1.0,1.0,1.0,1.0
577d4d32,single-session-user,rrf_sentence,1.0,1.0,1.0,1.0
577d4d32,single-session-user,rrf_cards_hand,1.0,1.0,1.0,1.0
577d4d32,single-session-user,rrf_cards_m11,1.0,1.0,1.0,1.0
577d4d32,single-session-user,rrf_cards_m13,1.0,1.0,1.0,1.0
577d4d32,single-session-user,rrf_cards_m17,1.0,1.0,1.0,1.0
577d4d32,single-session-user,rrf_turn_route,1.0,1.0,1.0,1.0
577d4d32,single-session-user,dense_session_mean,,,,1.0
577d4d32,single-session-user,bm25_session,,,,1.0
ec81a493,single-session-user,turn,1.0,1.0,1.0,1.0
ec81a493,single-session-user,sentence,1.0,1.0,1.0,1.0
ec81a493,single-session-user,cards_hand,1.0,1.0,1.0,1.0
ec81a493,single-session-user,pos_hand,1.0,1.0,1.0,1.0
ec81a493,single-session-user,cards_m11,1.0,1.0,1.0,1.0
ec81a493,single-session-user,pos_m11,1.0,1.0,1.0,1.0
ec81a493,single-session-user,cards_m13,0.0,1.0,0.3333333333333333,1.0
ec81a493,single-session-user,pos_m13,0.0,1.0,0.3333333333333333,1.0
ec81a493,single-session-user,cards_m17,1.0,1.0,1.0,1.0
ec81a493,single-session-user,pos_m17,1.0,1.0,1.0,1.0
ec81a493,single-session-user,bm25_turn,1.0,1.0,1.0,1.0
ec81a493,single-session-user,bm25_cards_hand,1.0,1.0,1.0,1.0
ec81a493,single-session-user,rrf_turn,1.0,1.0,1.0,1.0
ec81a493,single-session-user,rrf_sentence,1.0,1.0,1.0,1.0
ec81a493,single-session-user,rrf_cards_hand,1.0,1.0,1.0,1.0
ec81a493,single-session-user,rrf_cards_m11,1.0,1.0,1.0,1.0
ec81a493,single-session-user,rrf_cards_m13,1.0,1.0,1.0,1.0
ec81a493,single-session-user,rrf_cards_m17,1.0,1.0,1.0,1.0
ec81a493,single-session-user,rrf_turn_route,1.0,1.0,1.0,1.0
ec81a493,single-session-user,dense_session_mean,,,,1.0
ec81a493,single-session-user,bm25_session,,,,1.0
15745da0,single-session-user,turn,1.0,1.0,0.5,1.0
15745da0,single-session-user,sentence,1.0,1.0,1.0,1.0
15745da0,single-session-user,cards_hand,1.0,1.0,1.0,1.0
15745da0,single-session-user,pos_hand,1.0,1.0,1.0,1.0
15745da0,single-session-user,cards_m11,1.0,1.0,1.0,1.0
15745da0,single-session-user,pos_m11,1.0,1.0,1.0,1.0
15745da0,single-session-user,cards_m13,1.0,1.0,1.0,1.0
15745da0,single-session-user,pos_m13,1.0,1.0,1.0,1.0
15745da0,single-session-user,cards_m17,1.0,1.0,1.0,1.0
15745da0,single-session-user,pos_m17,1.0,1.0,1.0,1.0
15745da0,single-session-user,bm25_turn,1.0,1.0,1.0,1.0
15745da0,single-session-user,bm25_cards_hand,1.0,1.0,1.0,1.0
15745da0,single-session-user,rrf_turn,1.0,1.0,1.0,1.0
15745da0,single-session-user,rrf_sentence,1.0,1.0,1.0,1.0
15745da0,single-session-user,rrf_cards_hand,1.0,1.0,1.0,1.0
15745da0,single-session-user,rrf_cards_m11,1.0,1.0,1.0,1.0
15745da0,single-session-user,rrf_cards_m13,1.0,1.0,1.0,1.0
15745da0,single-session-user,rrf_cards_m17,1.0,1.0,1.0,1.0
15745da0,single-session-user,rrf_turn_route,1.0,1.0,1.0,1.0
15745da0,single-session-user,dense_session_mean,,,,1.0
15745da0,single-session-user,bm25_session,,,,1.0
e01b8e2f,single-session-user,turn,1.0,1.0,0.38685280723454163,1.0
e01b8e2f,single-session-user,sentence,1.0,1.0,0.5,1.0
e01b8e2f,single-session-user,cards_hand,1.0,1.0,0.43067655807339306,1.0
e01b8e2f,single-session-user,pos_hand,1.0,1.0,0.43067655807339306,1.0
e01b8e2f,single-session-user,cards_m11,1.0,1.0,0.38685280723454163,1.0
e01b8e2f,single-session-user,pos_m11,1.0,1.0,0.38685280723454163,1.0
e01b8e2f,single-session-user,cards_m13,1.0,1.0,0.43067655807339306,1.0
e01b8e2f,single-session-user,pos_m13,1.0,1.0,0.43067655807339306,1.0
e01b8e2f,single-session-user,cards_m17,1.0,1.0,0.6309297535714575,1.0
e01b8e2f,single-session-user,pos_m17,1.0,1.0,0.6309297535714575,1.0
e01b8e2f,single-session-user,bm25_turn,1.0,1.0,0.43067655807339306,1.0
e01b8e2f,single-session-user,bm25_cards_hand,1.0,1.0,0.5,1.0
e01b8e2f,single-session-user,rrf_turn,1.0,1.0,0.6309297535714575,1.0
e01b8e2f,single-session-user,rrf_sentence,1.0,1.0,1.0,1.0
e01b8e2f,single-session-user,rrf_cards_hand,1.0,1.0,1.0,1.0
e01b8e2f,single-session-user,rrf_cards_m11,1.0,1.0,0.6309297535714575,1.0
e01b8e2f,single-session-user,rrf_cards_m13,1.0,1.0,0.6309297535714575,1.0
e01b8e2f,single-session-user,rrf_cards_m17,1.0,1.0,1.0,1.0
e01b8e2f,single-session-user,rrf_turn_route,1.0,1.0,0.6309297535714575,1.0
e01b8e2f,single-session-user,dense_session_mean,,,,1.0
e01b8e2f,single-session-user,bm25_session,,,,1.0
bc8a6e93,single-session-user,turn,0.0,0.0,0.0,1.0
bc8a6e93,single-session-user,sentence,1.0,1.0,0.5,1.0
bc8a6e93,single-session-user,cards_hand,1.0,1.0,0.5,1.0
bc8a6e93,single-session-user,pos_hand,1.0,1.0,0.5,1.0
bc8a6e93,single-session-user,cards_m11,0.0,0.0,0.0,1.0
bc8a6e93,single-session-user,pos_m11,0.0,0.0,0.0,1.0
bc8a6e93,single-session-user,cards_m13,0.0,0.0,0.0,1.0
bc8a6e93,single-session-user,pos_m13,0.0,0.0,0.0,1.0
bc8a6e93,single-session-user,cards_m17,0.0,0.0,0.0,1.0
bc8a6e93,single-session-user,pos_m17,0.0,0.0,0.0,1.0
bc8a6e93,single-session-user,bm25_turn,1.0,1.0,1.0,1.0
bc8a6e93,single-session-user,bm25_cards_hand,1.0,1.0,1.0,1.0
bc8a6e93,single-session-user,rrf_turn,0.0,1.0,0.3562071871080222,1.0
bc8a6e93,single-session-user,rrf_sentence,1.0,1.0,1.0,1.0
bc8a6e93,single-session-user,rrf_cards_hand,1.0,1.0,1.0,1.0
bc8a6e93,single-session-user,rrf_cards_m11,1.0,1.0,0.6309297535714575,1.0
bc8a6e93,single-session-user,rrf_cards_m13,1.0,1.0,0.6309297535714575,1.0
bc8a6e93,single-session-user,rrf_cards_m17,1.0,1.0,0.6309297535714575,1.0
bc8a6e93,single-session-user,rrf_turn_route,1.0,1.0,0.5,1.0
bc8a6e93,single-session-user,dense_session_mean,,,,0.0
bc8a6e93,single-session-user,bm25_session,,,,1.0
ccb36322,single-session-user,turn,1.0,1.0,0.43067655807339306,1.0
ccb36322,single-session-user,sentence,1.0,1.0,0.43067655807339306,1.0
ccb36322,single-session-user,cards_hand,0.0,1.0,0.3562071871080222,1.0
ccb36322,single-session-user,pos_hand,0.0,1.0,0.3562071871080222,1.0
ccb36322,single-session-user,cards_m11,1.0,1.0,0.43067655807339306,1.0
ccb36322,single-session-user,pos_m11,1.0,1.0,0.38685280723454163,1.0
ccb36322,single-session-user,cards_m13,0.0,1.0,0.3562071871080222,1.0
ccb36322,single-session-user,pos_m13,0.0,1.0,0.3562071871080222,1.0
ccb36322,single-session-user,cards_m17,0.0,1.0,0.3333333333333333,1.0
ccb36322,single-session-user,pos_m17,0.0,1.0,0.3333333333333333,1.0
ccb36322,single-session-user,bm25_turn,1.0,1.0,0.43067655807339306,1.0
ccb36322,single-session-user,bm25_cards_hand,0.0,1.0,0.3562071871080222,1.0
ccb36322,single-session-user,rrf_turn,1.0,1.0,0.6309297535714575,1.0
ccb36322,single-session-user,rrf_sentence,1.0,1.0,0.43067655807339306,1.0
ccb36322,single-session-user,rrf_cards_hand,1.0,1.0,0.5,1.0
ccb36322,single-session-user,rrf_cards_m11,1.0,1.0,0.43067655807339306,1.0
ccb36322,single-session-user,rrf_cards_m13,1.0,1.0,0.5,1.0
ccb36322,single-session-user,rrf_cards_m17,1.0,1.0,0.5,1.0
ccb36322,single-session-user,rrf_turn_route,1.0,1.0,0.6309297535714575,1.0
ccb36322,single-session-user,dense_session_mean,,,,1.0
ccb36322,single-session-user,bm25_session,,,,1.0
001be529,single-session-user,turn,1.0,1.0,0.6309297535714575,1.0
001be529,single-session-user,sentence,1.0,1.0,1.0,1.0
001be529,single-session-user,cards_hand,1.0,1.0,0.6309297535714575,1.0
001be529,single-session-user,pos_hand,1.0,1.0,0.6309297535714575,1.0
001be529,single-session-user,cards_m11,1.0,1.0,0.6309297535714575,1.0
001be529,single-session-user,pos_m11,1.0,1.0,1.0,1.0
001be529,single-session-user,cards_m13,1.0,1.0,0.6309297535714575,1.0
001be529,single-session-user,pos_m13,1.0,1.0,0.6309297535714575,1.0
001be529,single-session-user,cards_m17,1.0,1.0,1.0,1.0
001be529,single-session-user,pos_m17,1.0,1.0,1.0,1.0
001be529,single-session-user,bm25_turn,1.0,1.0,1.0,1.0
001be529,single-session-user,bm25_cards_hand,1.0,1.0,1.0,1.0
001be529,single-session-user,rrf_turn,1.0,1.0,1.0,1.0
001be529,single-session-user,rrf_sentence,1.0,1.0,1.0,1.0
001be529,single-session-user,rrf_cards_hand,1.0,1.0,1.0,1.0
001be529,single-session-user,rrf_cards_m11,1.0,1.0,1.0,1.0
001be529,single-session-user,rrf_cards_m13,1.0,1.0,1.0,1.0
001be529,single-session-user,rrf_cards_m17,1.0,1.0,1.0,1.0
001be529,single-session-user,rrf_turn_route,1.0,1.0,1.0,1.0
001be529,single-session-user,dense_session_mean,,,,1.0
001be529,single-session-user,bm25_session,,,,1.0
b320f3f8,single-session-user,turn,1.0,1.0,0.6309297535714575,1.0
b320f3f8,single-session-user,sentence,1.0,1.0,1.0,1.0
b320f3f8,single-session-user,cards_hand,1.0,1.0,1.0,1.0
b320f3f8,single-session-user,pos_hand,1.0,1.0,1.0,1.0
b320f3f8,single-session-user,cards_m11,1.0,1.0,1.0,1.0
b320f3f8,single-session-user,pos_m11,1.0,1.0,1.0,1.0
b320f3f8,single-session-user,cards_m13,1.0,1.0,1.0,1.0
b320f3f8,single-session-user,pos_m13,1.0,1.0,1.0,1.0
b320f3f8,single-session-user,cards_m17,1.0,1.0,1.0,1.0
b320f3f8,single-session-user,pos_m17,1.0,1.0,1.0,1.0
b320f3f8,single-session-user,bm25_turn,1.0,1.0,1.0,1.0
b320f3f8,single-session-user,bm25_cards_hand,1.0,1.0,1.0,1.0
b320f3f8,single-session-user,rrf_turn,1.0,1.0,1.0,1.0
b320f3f8,single-session-user,rrf_sentence,1.0,1.0,1.0,1.0
b320f3f8,single-session-user,rrf_cards_hand,1.0,1.0,1.0,1.0
b320f3f8,single-session-user,rrf_cards_m11,1.0,1.0,1.0,1.0
b320f3f8,single-session-user,rrf_cards_m13,1.0,1.0,1.0,1.0
b320f3f8,single-session-user,rrf_cards_m17,1.0,1.0,1.0,1.0
b320f3f8,single-session-user,rrf_turn_route,1.0,1.0,1.0,1.0
b320f3f8,single-session-user,dense_session_mean,,,,1.0
b320f3f8,single-session-user,bm25_session,,,,1.0
19b5f2b3,single-session-user,turn,1.0,1.0,1.0,1.0
19b5f2b3,single-session-user,sentence,1.0,1.0,0.5,1.0
19b5f2b3,single-session-user,cards_hand,1.0,1.0,0.6309297535714575,1.0
19b5f2b3,single-session-user,pos_hand,1.0,1.0,0.6309297535714575,1.0
19b5f2b3,single-session-user,cards_m11,1.0,1.0,0.6309297535714575,1.0
19b5f2b3,single-session-user,pos_m11,1.0,1.0,0.6309297535714575,1.0
19b5f2b3,single-session-user,cards_m13,1.0,1.0,0.6309297535714575,1.0
19b5f2b3,single-session-user,pos_m13,1.0,1.0,0.6309297535714575,1.0
19b5f2b3,single-session-user,cards_m17,1.0,1.0,0.5,1.0
19b5f2b3,single-session-user,pos_m17,1.0,1.0,0.5,1.0
19b5f2b3,single-session-user,bm25_turn,1.0,1.0,0.43067655807339306,1.0
19b5f2b3,single-session-user,bm25_cards_hand,1.0,1.0,0.43067655807339306,1.0
19b5f2b3,single-session-user,rrf_turn,1.0,1.0,0.6309297535714575,1.0
19b5f2b3,single-session-user,rrf_sentence,1.0,1.0,0.5,1.0
19b5f2b3,single-session-user,rrf_cards_hand,1.0,1.0,0.6309297535714575,1.0
19b5f2b3,single-session-user,rrf_cards_m11,1.0,1.0,0.6309297535714575,1.0
19b5f2b3,single-session-user,rrf_cards_m13,1.0,1.0,0.6309297535714575,1.0
19b5f2b3,single-session-user,rrf_cards_m17,1.0,1.0,0.5,1.0
19b5f2b3,single-session-user,rrf_turn_route,1.0,1.0,0.6309297535714575,1.0
19b5f2b3,single-session-user,dense_session_mean,,,,1.0
19b5f2b3,single-session-user,bm25_session,,,,1.0
4fd1909e,single-session-user,turn,1.0,1.0,0.6309297535714575,1.0
4fd1909e,single-session-user,sentence,1.0,1.0,1.0,1.0
4fd1909e,single-session-user,cards_hand,1.0,1.0,1.0,1.0
4fd1909e,single-session-user,pos_hand,1.0,1.0,1.0,1.0
4fd1909e,single-session-user,cards_m11,1.0,1.0,1.0,1.0
4fd1909e,single-session-user,pos_m11,1.0,1.0,1.0,1.0
4fd1909e,single-session-user,cards_m13,1.0,1.0,0.6309297535714575,1.0
4fd1909e,single-session-user,pos_m13,1.0,1.0,0.6309297535714575,1.0
4fd1909e,single-session-user,cards_m17,1.0,1.0,0.6309297535714575,1.0
4fd1909e,single-session-user,pos_m17,1.0,1.0,0.6309297535714575,1.0
4fd1909e,single-session-user,bm25_turn,1.0,1.0,0.6309297535714575,1.0
4fd1909e,single-session-user,bm25_cards_hand,1.0,1.0,0.6309297535714575,1.0
4fd1909e,single-session-user,rrf_turn,1.0,1.0,0.6309297535714575,1.0
4fd1909e,single-session-user,rrf_sentence,1.0,1.0,1.0,1.0
4fd1909e,single-session-user,rrf_cards_hand,1.0,1.0,1.0,1.0
4fd1909e,single-session-user,rrf_cards_m11,1.0,1.0,1.0,1.0
4fd1909e,single-session-user,rrf_cards_m13,1.0,1.0,0.6309297535714575,1.0
4fd1909e,single-session-user,rrf_cards_m17,1.0,1.0,0.6309297535714575,1.0
4fd1909e,single-session-user,rrf_turn_route,1.0,1.0,1.0,1.0
4fd1909e,single-session-user,dense_session_mean,,,,1.0
4fd1909e,single-session-user,bm25_session,,,,1.0
545bd2b5,single-session-user,turn,1.0,1.0,1.0,1.0
545bd2b5,single-session-user,sentence,1.0,1.0,1.0,1.0
545bd2b5,single-session-user,cards_hand,1.0,1.0,1.0,1.0
545bd2b5,single-session-user,pos_hand,1.0,1.0,1.0,1.0
545bd2b5,single-session-user,cards_m11,1.0,1.0,1.0,1.0
545bd2b5,single-session-user,pos_m11,1.0,1.0,1.0,1.0
545bd2b5,single-session-user,cards_m13,1.0,1.0,1.0,1.0
545bd2b5,single-session-user,pos_m13,1.0,1.0,1.0,1.0
545bd2b5,single-session-user,cards_m17,1.0,1.0,1.0,1.0
545bd2b5,single-session-user,pos_m17,1.0,1.0,1.0,1.0
545bd2b5,single-session-user,bm25_turn,1.0,1.0,1.0,1.0
545bd2b5,single-session-user,bm25_cards_hand,1.0,1.0,1.0,1.0
545bd2b5,single-session-user,rrf_turn,1.0,1.0,1.0,1.0
545bd2b5,single-session-user,rrf_sentence,1.0,1.0,1.0,1.0
545bd2b5,single-session-user,rrf_cards_hand,1.0,1.0,1.0,1.0
545bd2b5,single-session-user,rrf_cards_m11,1.0,1.0,1.0,1.0
545bd2b5,single-session-user,rrf_cards_m13,1.0,1.0,1.0,1.0
545bd2b5,single-session-user,rrf_cards_m17,1.0,1.0,1.0,1.0
545bd2b5,single-session-user,rrf_turn_route,1.0,1.0,1.0,1.0
545bd2b5,single-session-user,dense_session_mean,,,,1.0
545bd2b5,single-session-user,bm25_session,,,,1.0
8a137a7f,single-session-user,turn,1.0,1.0,0.5,1.0
8a137a7f,single-session-user,sentence,1.0,1.0,0.5,1.0
8a137a7f,single-session-user,cards_hand,1.0,1.0,0.6309297535714575,1.0
8a137a7f,single-session-user,pos_hand,1.0,1.0,0.5,1.0
8a137a7f,single-session-user,cards_m11,1.0,1.0,0.5,1.0
8a137a7f,single-session-user,pos_m11,1.0,1.0,0.5,1.0
8a137a7f,single-session-user,cards_m13,1.0,1.0,0.43067655807339306,1.0
8a137a7f,single-session-user,pos_m13,1.0,1.0,0.6309297535714575,1.0
8a137a7f,single-session-user,cards_m17,1.0,1.0,0.5,1.0
8a137a7f,single-session-user,pos_m17,1.0,1.0,0.43067655807339306,1.0
8a137a7f,single-session-user,bm25_turn,1.0,1.0,0.6309297535714575,1.0
8a137a7f,single-session-user,bm25_cards_hand,1.0,1.0,1.0,1.0
8a137a7f,single-session-user,rrf_turn,1.0,1.0,0.6309297535714575,1.0
8a137a7f,single-session-user,rrf_sentence,1.0,1.0,0.6309297535714575,1.0
8a137a7f,single-session-user,rrf_cards_hand,1.0,1.0,1.0,1.0
8a137a7f,single-session-user,rrf_cards_m11,1.0,1.0,0.6309297535714575,1.0
8a137a7f,single-session-user,rrf_cards_m13,1.0,1.0,0.6309297535714575,1.0
8a137a7f,single-session-user,rrf_cards_m17,1.0,1.0,0.6309297535714575,1.0
8a137a7f,single-session-user,rrf_turn_route,1.0,1.0,0.6309297535714575,1.0
8a137a7f,single-session-user,dense_session_mean,,,,1.0
8a137a7f,single-session-user,bm25_session,,,,1.0
76d63226,single-session-user,turn,1.0,1.0,1.0,1.0
76d63226,single-session-user,sentence,1.0,1.0,1.0,1.0
76d63226,single-session-user,cards_hand,1.0,1.0,1.0,1.0
76d63226,single-session-user,pos_hand,1.0,1.0,1.0,1.0
76d63226,single-session-user,cards_m11,1.0,1.0,1.0,1.0
76d63226,single-session-user,pos_m11,1.0,1.0,1.0,1.0
76d63226,single-session-user,cards_m13,1.0,1.0,0.43067655807339306,1.0
76d63226,single-session-user,pos_m13,0.0,1.0,0.3562071871080222,1.0
76d63226,single-session-user,cards_m17,1.0,1.0,1.0,1.0
76d63226,single-session-user,pos_m17,1.0,1.0,1.0,1.0
76d63226,single-session-user,bm25_turn,1.0,1.0,1.0,1.0
76d63226,single-session-user,bm25_cards_hand,1.0,1.0,1.0,1.0
76d63226,single-session-user,rrf_turn,1.0,1.0,1.0,1.0
76d63226,single-session-user,rrf_sentence,1.0,1.0,1.0,1.0
76d63226,single-session-user,rrf_cards_hand,1.0,1.0,1.0,1.0
76d63226,single-session-user,rrf_cards_m11,1.0,1.0,1.0,1.0
76d63226,single-session-user,rrf_cards_m13,1.0,1.0,1.0,1.0
76d63226,single-session-user,rrf_cards_m17,1.0,1.0,1.0,1.0
76d63226,single-session-user,rrf_turn_route,1.0,1.0,1.0,1.0
76d63226,single-session-user,dense_session_mean,,,,1.0
76d63226,single-session-user,bm25_session,,,,1.0
86f00804,single-session-user,turn,0.0,1.0,0.3333333333333333,1.0
86f00804,single-session-user,sentence,0.0,0.0,0.0,1.0
86f00804,single-session-user,cards_hand,0.0,0.0,0.0,1.0
86f00804,single-session-user,pos_hand,0.0,0.0,0.0,1.0
86f00804,single-session-user,cards_m11,0.0,0.0,0.0,1.0
86f00804,single-session-user,pos_m11,0.0,0.0,0.0,1.0
86f00804,single-session-user,cards_m13,0.0,0.0,0.0,1.0
86f00804,single-session-user,pos_m13,0.0,0.0,0.0,1.0
86f00804,single-session-user,cards_m17,0.0,0.0,0.0,1.0
86f00804,single-session-user,pos_m17,0.0,0.0,0.0,1.0
86f00804,single-session-user,bm25_turn,1.0,1.0,1.0,1.0
86f00804,single-session-user,bm25_cards_hand,0.0,1.0,0.2890648263178879,1.0
86f00804,single-session-user,rrf_turn,1.0,1.0,0.6309297535714575,1.0
86f00804,single-session-user,rrf_sentence,1.0,1.0,0.38685280723454163,1.0
86f00804,single-session-user,rrf_cards_hand,0.0,1.0,0.3010299956639812,1.0
86f00804,single-session-user,rrf_cards_m11,1.0,1.0,0.38685280723454163,1.0
86f00804,single-session-user,rrf_cards_m13,0.0,1.0,0.3562071871080222,1.0
86f00804,single-session-user,rrf_cards_m17,1.0,1.0,0.38685280723454163,1.0
86f00804,single-session-user,rrf_turn_route,1.0,1.0,1.0,1.0
86f00804,single-session-user,dense_session_mean,,,,1.0
86f00804,single-session-user,bm25_session,,,,1.0
8e9d538c,single-session-user,turn,1.0,1.0,1.0,1.0
8e9d538c,single-session-user,sentence,1.0,1.0,1.0,1.0
8e9d538c,single-session-user,cards_hand,1.0,1.0,1.0,1.0
8e9d538c,single-session-user,pos_hand,1.0,1.0,1.0,1.0
8e9d538c,single-session-user,cards_m11,1.0,1.0,1.0,1.0
8e9d538c,single-session-user,pos_m11,1.0,1.0,1.0,1.0
8e9d538c,single-session-user,cards_m13,1.0,1.0,1.0,1.0
8e9d538c,single-session-user,pos_m13,1.0,1.0,1.0,1.0
8e9d538c,single-session-user,cards_m17,1.0,1.0,1.0,1.0
8e9d538c,single-session-user,pos_m17,1.0,1.0,1.0,1.0
8e9d538c,single-session-user,bm25_turn,1.0,1.0,1.0,1.0
8e9d538c,single-session-user,bm25_cards_hand,1.0,1.0,1.0,1.0
8e9d538c,single-session-user,rrf_turn,1.0,1.0,1.0,1.0
8e9d538c,single-session-user,rrf_sentence,1.0,1.0,1.0,1.0
8e9d538c,single-session-user,rrf_cards_hand,1.0,1.0,1.0,1.0
8e9d538c,single-session-user,rrf_cards_m11,1.0,1.0,1.0,1.0
8e9d538c,single-session-user,rrf_cards_m13,1.0,1.0,1.0,1.0
8e9d538c,single-session-user,rrf_cards_m17,1.0,1.0,1.0,1.0
8e9d538c,single-session-user,rrf_turn_route,0.5,0.5,0.6131471927654584,1.0
8e9d538c,single-session-user,dense_session_mean,,,,1.0
8e9d538c,single-session-user,bm25_session,,,,1.0
311778f1,single-session-user,turn,1.0,1.0,1.0,1.0
311778f1,single-session-user,sentence,1.0,1.0,0.6309297535714575,1.0
311778f1,single-session-user,cards_hand,1.0,1.0,0.6309297535714575,1.0
311778f1,single-session-user,pos_hand,1.0,1.0,0.6309297535714575,1.0
311778f1,single-session-user,cards_m11,1.0,1.0,0.6309297535714575,1.0
311778f1,single-session-user,pos_m11,1.0,1.0,0.6309297535714575,1.0
311778f1,single-session-user,cards_m13,1.0,1.0,0.6309297535714575,1.0
311778f1,single-session-user,pos_m13,1.0,1.0,0.6309297535714575,1.0
311778f1,single-session-user,cards_m17,1.0,1.0,0.6309297535714575,1.0
311778f1,single-session-user,pos_m17,1.0,1.0,0.6309297535714575,1.0
311778f1,single-session-user,bm25_turn,1.0,1.0,1.0,1.0
311778f1,single-session-user,bm25_cards_hand,1.0,1.0,1.0,1.0
311778f1,single-session-user,rrf_turn,1.0,1.0,1.0,1.0
311778f1,single-session-user,rrf_sentence,1.0,1.0,1.0,1.0
311778f1,single-session-user,rrf_cards_hand,1.0,1.0,1.0,1.0
311778f1,single-session-user,rrf_cards_m11,1.0,1.0,1.0,1.0
311778f1,single-session-user,rrf_cards_m13,1.0,1.0,1.0,1.0
311778f1,single-session-user,rrf_cards_m17,1.0,1.0,1.0,1.0
311778f1,single-session-user,rrf_turn_route,1.0,1.0,1.0,1.0
311778f1,single-session-user,dense_session_mean,,,,1.0
311778f1,single-session-user,bm25_session,,,,1.0
c19f7a0b,single-session-user,turn,1.0,1.0,0.43067655807339306,1.0
c19f7a0b,single-session-user,sentence,1.0,1.0,1.0,1.0
c19f7a0b,single-session-user,cards_hand,1.0,1.0,1.0,1.0
c19f7a0b,single-session-user,pos_hand,1.0,1.0,1.0,1.0
c19f7a0b,single-session-user,cards_m11,1.0,1.0,1.0,1.0
c19f7a0b,single-session-user,pos_m11,1.0,1.0,1.0,1.0
c19f7a0b,single-session-user,cards_m13,1.0,1.0,0.5,1.0
c19f7a0b,single-session-user,pos_m13,1.0,1.0,0.5,1.0
c19f7a0b,single-session-user,cards_m17,1.0,1.0,0.43067655807339306,1.0
c19f7a0b,single-session-user,pos_m17,1.0,1.0,0.43067655807339306,1.0
c19f7a0b,single-session-user,bm25_turn,1.0,1.0,1.0,1.0
c19f7a0b,single-session-user,bm25_cards_hand,1.0,1.0,1.0,1.0
c19f7a0b,single-session-user,rrf_turn,1.0,1.0,1.0,1.0
c19f7a0b,single-session-user,rrf_sentence,1.0,1.0,1.0,1.0
c19f7a0b,single-session-user,rrf_cards_hand,1.0,1.0,1.0,1.0
c19f7a0b,single-session-user,rrf_cards_m11,1.0,1.0,1.0,1.0
c19f7a0b,single-session-user,rrf_cards_m13,1.0,1.0,1.0,1.0
c19f7a0b,single-session-user,rrf_cards_m17,1.0,1.0,0.6309297535714575,1.0
c19f7a0b,single-session-user,rrf_turn_route,1.0,1.0,1.0,1.0
c19f7a0b,single-session-user,dense_session_mean,,,,1.0
c19f7a0b,single-session-user,bm25_session,,,,1.0
4100d0a0,single-session-user,turn,1.0,1.0,0.6309297535714575,1.0
4100d0a0,single-session-user,sentence,1.0,1.0,0.6309297535714575,1.0
4100d0a0,single-session-user,cards_hand,1.0,1.0,0.6309297535714575,1.0
4100d0a0,single-session-user,pos_hand,1.0,1.0,0.6309297535714575,1.0
4100d0a0,single-session-user,cards_m11,1.0,1.0,0.6309297535714575,1.0
4100d0a0,single-session-user,pos_m11,1.0,1.0,0.6309297535714575,1.0
4100d0a0,single-session-user,cards_m13,1.0,1.0,0.6309297535714575,1.0
4100d0a0,single-session-user,pos_m13,1.0,1.0,0.6309297535714575,1.0
4100d0a0,single-session-user,cards_m17,1.0,1.0,0.6309297535714575,1.0
4100d0a0,single-session-user,pos_m17,1.0,1.0,0.6309297535714575,1.0
4100d0a0,single-session-user,bm25_turn,1.0,1.0,1.0,1.0
4100d0a0,single-session-user,bm25_cards_hand,1.0,1.0,1.0,1.0
4100d0a0,single-session-user,rrf_turn,1.0,1.0,1.0,1.0
4100d0a0,single-session-user,rrf_sentence,1.0,1.0,1.0,1.0
4100d0a0,single-session-user,rrf_cards_hand,1.0,1.0,1.0,1.0
4100d0a0,single-session-user,rrf_cards_m11,1.0,1.0,1.0,1.0
4100d0a0,single-session-user,rrf_cards_m13,1.0,1.0,1.0,1.0
4100d0a0,single-session-user,rrf_cards_m17,1.0,1.0,1.0,1.0
4100d0a0,single-session-user,rrf_turn_route,1.0,1.0,1.0,1.0
4100d0a0,single-session-user,dense_session_mean,,,,1.0
4100d0a0,single-session-user,bm25_session,,,,1.0
29f2956b,single-session-user,turn,1.0,1.0,1.0,1.0
29f2956b,single-session-user,sentence,1.0,1.0,1.0,1.0
29f2956b,single-session-user,cards_hand,1.0,1.0,1.0,1.0
29f2956b,single-session-user,pos_hand,1.0,1.0,1.0,1.0
29f2956b,single-session-user,cards_m11,1.0,1.0,1.0,1.0
29f2956b,single-session-user,pos_m11,1.0,1.0,1.0,1.0
29f2956b,single-session-user,cards_m13,1.0,1.0,1.0,1.0
29f2956b,single-session-user,pos_m13,1.0,1.0,1.0,1.0
29f2956b,single-session-user,cards_m17,1.0,1.0,1.0,1.0
29f2956b,single-session-user,pos_m17,1.0,1.0,1.0,1.0
29f2956b,single-session-user,bm25_turn,1.0,1.0,1.0,1.0
29f2956b,single-session-user,bm25_cards_hand,1.0,1.0,1.0,1.0
29f2956b,single-session-user,rrf_turn,1.0,1.0,1.0,1.0
29f2956b,single-session-user,rrf_sentence,1.0,1.0,1.0,1.0
29f2956b,single-session-user,rrf_cards_hand,1.0,1.0,1.0,1.0
29f2956b,single-session-user,rrf_cards_m11,1.0,1.0,1.0,1.0
29f2956b,single-session-user,rrf_cards_m13,1.0,1.0,1.0,1.0
29f2956b,single-session-user,rrf_cards_m17,1.0,1.0,1.0,1.0
29f2956b,single-session-user,rrf_turn_route,1.0,1.0,1.0,1.0
29f2956b,single-session-user,dense_session_mean,,,,1.0
29f2956b,single-session-user,bm25_session,,,,1.0
1faac195,single-session-user,turn,1.0,1.0,1.0,1.0
1faac195,single-session-user,sentence,1.0,1.0,1.0,1.0
1faac195,single-session-user,cards_hand,1.0,1.0,1.0,1.0
1faac195,single-session-user,pos_hand,1.0,1.0,1.0,1.0
1faac195,single-session-user,cards_m11,1.0,1.0,1.0,1.0
1faac195,single-session-user,pos_m11,1.0,1.0,1.0,1.0
1faac195,single-session-user,cards_m13,1.0,1.0,1.0,1.0
1faac195,single-session-user,pos_m13,1.0,1.0,1.0,1.0
1faac195,single-session-user,cards_m17,1.0,1.0,1.0,1.0
1faac195,single-session-user,pos_m17,1.0,1.0,1.0,1.0
1faac195,single-session-user,bm25_turn,1.0,1.0,1.0,1.0
1faac195,single-session-user,bm25_cards_hand,1.0,1.0,1.0,1.0
1faac195,single-session-user,rrf_turn,1.0,1.0,1.0,1.0
1faac195,single-session-user,rrf_sentence,1.0,1.0,1.0,1.0
1faac195,single-session-user,rrf_cards_hand,1.0,1.0,1.0,1.0
1faac195,single-session-user,rrf_cards_m11,1.0,1.0,1.0,1.0
1faac195,single-session-user,rrf_cards_m13,1.0,1.0,1.0,1.0
1faac195,single-session-user,rrf_cards_m17,1.0,1.0,1.0,1.0
1faac195,single-session-user,rrf_turn_route,1.0,1.0,1.0,1.0
1faac195,single-session-user,dense_session_mean,,,,1.0
1faac195,single-session-user,bm25_session,,,,1.0
faba32e5,single-session-user,turn,1.0,1.0,0.6309297535714575,1.0
faba32e5,single-session-user,sentence,1.0,1.0,1.0,1.0
faba32e5,single-session-user,cards_hand,1.0,1.0,0.6309297535714575,1.0
faba32e5,single-session-user,pos_hand,1.0,1.0,1.0,1.0
faba32e5,single-session-user,cards_m11,1.0,1.0,0.6309297535714575,1.0
faba32e5,single-session-user,pos_m11,1.0,1.0,0.6309297535714575,1.0
faba32e5,single-session-user,cards_m13,1.0,1.0,0.6309297535714575,1.0
faba32e5,single-session-user,pos_m13,1.0,1.0,1.0,1.0
faba32e5,single-session-user,cards_m17,1.0,1.0,0.6309297535714575,1.0
faba32e5,single-session-user,pos_m17,1.0,1.0,1.0,1.0
faba32e5,single-session-user,bm25_turn,1.0,1.0,1.0,1.0
faba32e5,single-session-user,bm25_cards_hand,1.0,1.0,1.0,1.0
faba32e5,single-session-user,rrf_turn,1.0,1.0,0.6309297535714575,1.0
faba32e5,single-session-user,rrf_sentence,1.0,1.0,1.0,1.0
faba32e5,single-session-user,rrf_cards_hand,1.0,1.0,0.6309297535714575,1.0
faba32e5,single-session-user,rrf_cards_m11,1.0,1.0,1.0,1.0
faba32e5,single-session-user,rrf_cards_m13,1.0,1.0,1.0,1.0
faba32e5,single-session-user,rrf_cards_m17,1.0,1.0,1.0,1.0
faba32e5,single-session-user,rrf_turn_route,1.0,1.0,0.6309297535714575,1.0
faba32e5,single-session-user,dense_session_mean,,,,1.0
faba32e5,single-session-user,bm25_session,,,,1.0
f4f1d8a4,single-session-user,turn,1.0,1.0,1.0,1.0
f4f1d8a4,single-session-user,sentence,1.0,1.0,0.6309297535714575,1.0
f4f1d8a4,single-session-user,cards_hand,1.0,1.0,0.6309297535714575,1.0
f4f1d8a4,single-session-user,pos_hand,1.0,1.0,0.5,1.0
f4f1d8a4,single-session-user,cards_m11,1.0,1.0,0.5,1.0
f4f1d8a4,single-session-user,pos_m11,1.0,1.0,0.5,1.0
f4f1d8a4,single-session-user,cards_m13,1.0,1.0,0.5,1.0
f4f1d8a4,single-session-user,pos_m13,1.0,1.0,0.5,1.0
f4f1d8a4,single-session-user,cards_m17,1.0,1.0,0.6309297535714575,1.0
f4f1d8a4,single-session-user,pos_m17,1.0,1.0,0.6309297535714575,1.0
f4f1d8a4,single-session-user,bm25_turn,1.0,1.0,1.0,1.0
f4f1d8a4,single-session-user,bm25_cards_hand,1.0,1.0,0.6309297535714575,1.0
f4f1d8a4,single-session-user,rrf_turn,1.0,1.0,1.0,1.0
f4f1d8a4,single-session-user,rrf_sentence,1.0,1.0,1.0,1.0
f4f1d8a4,single-session-user,rrf_cards_hand,1.0,1.0,0.6309297535714575,1.0
f4f1d8a4,single-session-user,rrf_cards_m11,1.0,1.0,0.6309297535714575,1.0
f4f1d8a4,single-session-user,rrf_cards_m13,1.0,1.0,0.6309297535714575,1.0
f4f1d8a4,single-session-user,rrf_cards_m17,1.0,1.0,1.0,1.0
f4f1d8a4,single-session-user,rrf_turn_route,1.0,1.0,1.0,1.0
f4f1d8a4,single-session-user,dense_session_mean,,,,1.0
f4f1d8a4,single-session-user,bm25_session,,,,1.0
c14c00dd,single-session-user,turn,1.0,1.0,0.6309297535714575,1.0
c14c00dd,single-session-user,sentence,1.0,1.0,0.6309297535714575,1.0
c14c00dd,single-session-user,cards_hand,1.0,1.0,0.6309297535714575,1.0
c14c00dd,single-session-user,pos_hand,1.0,1.0,0.6309297535714575,1.0
c14c00dd,single-session-user,cards_m11,1.0,1.0,0.6309297535714575,1.0
c14c00dd,single-session-user,pos_m11,1.0,1.0,0.6309297535714575,1.0
c14c00dd,single-session-user,cards_m13,1.0,1.0,0.6309297535714575,1.0
c14c00dd,single-session-user,pos_m13,1.0,1.0,0.6309297535714575,1.0
c14c00dd,single-session-user,cards_m17,1.0,1.0,0.6309297535714575,1.0
c14c00dd,single-session-user,pos_m17,1.0,1.0,0.6309297535714575,1.0
c14c00dd,single-session-user,bm25_turn,1.0,1.0,1.0,1.0
c14c00dd,single-session-user,bm25_cards_hand,1.0,1.0,0.5,1.0
c14c00dd,single-session-user,rrf_turn,1.0,1.0,1.0,1.0
c14c00dd,single-session-user,rrf_sentence,1.0,1.0,1.0,1.0
c14c00dd,single-session-user,rrf_cards_hand,1.0,1.0,0.6309297535714575,1.0
c14c00dd,single-session-user,rrf_cards_m11,1.0,1.0,1.0,1.0
c14c00dd,single-session-user,rrf_cards_m13,1.0,1.0,1.0,1.0
c14c00dd,single-session-user,rrf_cards_m17,1.0,1.0,1.0,1.0
c14c00dd,single-session-user,rrf_turn_route,1.0,1.0,1.0,1.0
c14c00dd,single-session-user,dense_session_mean,,,,1.0
c14c00dd,single-session-user,bm25_session,,,,1.0
36580ce8,single-session-user,turn,1.0,1.0,0.6309297535714575,1.0
36580ce8,single-session-user,sentence,1.0,1.0,1.0,1.0
36580ce8,single-session-user,cards_hand,1.0,1.0,1.0,1.0
36580ce8,single-session-user,pos_hand,1.0,1.0,1.0,1.0
36580ce8,single-session-user,cards_m11,1.0,1.0,1.0,1.0
36580ce8,single-session-user,pos_m11,1.0,1.0,1.0,1.0
36580ce8,single-session-user,cards_m13,1.0,1.0,1.0,1.0
36580ce8,single-session-user,pos_m13,1.0,1.0,1.0,1.0
36580ce8,single-session-user,cards_m17,1.0,1.0,1.0,1.0
36580ce8,single-session-user,pos_m17,1.0,1.0,1.0,1.0
36580ce8,single-session-user,bm25_turn,1.0,1.0,1.0,1.0
36580ce8,single-session-user,bm25_cards_hand,1.0,1.0,1.0,1.0
36580ce8,single-session-user,rrf_turn,1.0,1.0,1.0,1.0
36580ce8,single-session-user,rrf_sentence,1.0,1.0,1.0,1.0
36580ce8,single-session-user,rrf_cards_hand,1.0,1.0,1.0,1.0
36580ce8,single-session-user,rrf_cards_m11,1.0,1.0,1.0,1.0
36580ce8,single-session-user,rrf_cards_m13,1.0,1.0,1.0,1.0
36580ce8,single-session-user,rrf_cards_m17,1.0,1.0,1.0,1.0
36580ce8,single-session-user,rrf_turn_route,1.0,1.0,1.0,1.0
36580ce8,single-session-user,dense_session_mean,,,,1.0
36580ce8,single-session-user,bm25_session,,,,1.0
3d86fd0a,single-session-user,turn,1.0,1.0,1.0,1.0
3d86fd0a,single-session-user,sentence,1.0,1.0,0.6309297535714575,1.0
3d86fd0a,single-session-user,cards_hand,1.0,1.0,1.0,1.0
3d86fd0a,single-session-user,pos_hand,1.0,1.0,0.6309297535714575,1.0
3d86fd0a,single-session-user,cards_m11,1.0,1.0,0.6309297535714575,1.0
3d86fd0a,single-session-user,pos_m11,1.0,1.0,0.6309297535714575,1.0
3d86fd0a,single-session-user,cards_m13,1.0,1.0,0.6309297535714575,1.0
3d86fd0a,single-session-user,pos_m13,1.0,1.0,0.6309297535714575,1.0
3d86fd0a,single-session-user,cards_m17,1.0,1.0,0.6309297535714575,1.0
3d86fd0a,single-session-user,pos_m17,1.0,1.0,0.6309297535714575,1.0
3d86fd0a,single-session-user,bm25_turn,1.0,1.0,0.6309297535714575,1.0
3d86fd0a,single-session-user,bm25_cards_hand,1.0,1.0,1.0,1.0
3d86fd0a,single-session-user,rrf_turn,1.0,1.0,1.0,1.0
3d86fd0a,single-session-user,rrf_sentence,1.0,1.0,0.6309297535714575,1.0
3d86fd0a,single-session-user,rrf_cards_hand,1.0,1.0,1.0,1.0
3d86fd0a,single-session-user,rrf_cards_m11,1.0,1.0,0.6309297535714575,1.0
3d86fd0a,single-session-user,rrf_cards_m13,1.0,1.0,0.6309297535714575,1.0
3d86fd0a,single-session-user,rrf_cards_m17,1.0,1.0,0.6309297535714575,1.0
3d86fd0a,single-session-user,rrf_turn_route,1.0,1.0,1.0,1.0
3d86fd0a,single-session-user,dense_session_mean,,,,1.0
3d86fd0a,single-session-user,bm25_session,,,,1.0
a82c026e,single-session-user,turn,0.0,1.0,0.31546487678572877,1.0
a82c026e,single-session-user,sentence,1.0,1.0,1.0,1.0
a82c026e,single-session-user,cards_hand,1.0,1.0,1.0,1.0
a82c026e,single-session-user,pos_hand,1.0,1.0,1.0,1.0
a82c026e,single-session-user,cards_m11,1.0,1.0,1.0,1.0
a82c026e,single-session-user,pos_m11,1.0,1.0,1.0,1.0
a82c026e,single-session-user,cards_m13,1.0,1.0,1.0,1.0
a82c026e,single-session-user,pos_m13,1.0,1.0,1.0,1.0
a82c026e,single-session-user,cards_m17,1.0,1.0,1.0,1.0
a82c026e,single-session-user,pos_m17,1.0,1.0,1.0,1.0
a82c026e,single-session-user,bm25_turn,1.0,1.0,1.0,1.0
a82c026e,single-session-user,bm25_cards_hand,1.0,1.0,1.0,1.0
a82c026e,single-session-user,rrf_turn,1.0,1.0,0.6309297535714575,1.0
a82c026e,single-session-user,rrf_sentence,1.0,1.0,1.0,1.0
a82c026e,single-session-user,rrf_cards_hand,1.0,1.0,1.0,1.0
a82c026e,single-session-user,rrf_cards_m11,1.0,1.0,1.0,1.0
a82c026e,single-session-user,rrf_cards_m13,1.0,1.0,1.0,1.0
a82c026e,single-session-user,rrf_cards_m17,1.0,1.0,1.0,1.0
a82c026e,single-session-user,rrf_turn_route,1.0,1.0,0.6309297535714575,1.0
a82c026e,single-session-user,dense_session_mean,,,,1.0
a82c026e,single-session-user,bm25_session,,,,1.0
0a995998,multi-session,turn,0.3333333333333333,0.3333333333333333,0.46927872602275644,1.0
0a995998,multi-session,sentence,0.3333333333333333,0.3333333333333333,0.23463936301137822,1.0
0a995998,multi-session,cards_hand,0.3333333333333333,0.3333333333333333,0.23463936301137822,1.0
0a995998,multi-session,pos_hand,0.3333333333333333,0.3333333333333333,0.23463936301137822,1.0
0a995998,multi-session,cards_m11,0.3333333333333333,0.3333333333333333,0.46927872602275644,1.0
0a995998,multi-session,pos_m11,0.3333333333333333,0.3333333333333333,0.23463936301137822,1.0
0a995998,multi-session,cards_m13,0.3333333333333333,0.3333333333333333,0.46927872602275644,1.0
0a995998,multi-session,pos_m13,0.3333333333333333,0.3333333333333333,0.46927872602275644,1.0
0a995998,multi-session,cards_m17,0.3333333333333333,0.3333333333333333,0.46927872602275644,1.0
0a995998,multi-session,pos_m17,0.3333333333333333,0.3333333333333333,0.23463936301137822,1.0
0a995998,multi-session,bm25_turn,0.6666666666666666,0.6666666666666666,0.7039180890341347,1.0
0a995998,multi-session,bm25_cards_hand,0.3333333333333333,0.6666666666666666,0.6049306994552042,1.0
0a995998,multi-session,rrf_turn,0.3333333333333333,0.3333333333333333,0.46927872602275644,1.0
0a995998,multi-session,rrf_sentence,0.3333333333333333,0.3333333333333333,0.46927872602275644,1.0
0a995998,multi-session,rrf_cards_hand,0.3333333333333333,0.3333333333333333,0.46927872602275644,1.0
0a995998,multi-session,rrf_cards_m11,0.3333333333333333,0.3333333333333333,0.46927872602275644,1.0
0a995998,multi-session,rrf_cards_m13,0.3333333333333333,0.3333333333333333,0.46927872602275644,1.0
0a995998,multi-session,rrf_cards_m17,0.3333333333333333,0.3333333333333333,0.46927872602275644,1.0
0a995998,multi-session,rrf_turn_route,0.6666666666666666,0.6666666666666666,0.6508205185601091,1.0
0a995998,multi-session,dense_session_mean,,,,1.0
0a995998,multi-session,bm25_session,,,,1.0
6d550036,multi-session,turn,0.0,0.0,0.0,0.0
6d550036,multi-session,sentence,0.0,0.0,0.0,0.0
6d550036,multi-session,cards_hand,0.0,0.0,0.0,0.0
6d550036,multi-session,pos_hand,0.0,0.0,0.0,0.0
6d550036,multi-session,cards_m11,0.0,0.0,0.0,0.0
6d550036,multi-session,pos_m11,0.0,0.0,0.0,0.0
6d550036,multi-session,cards_m13,0.0,0.0,0.0,0.0
6d550036,multi-session,pos_m13,0.0,0.0,0.0,0.0
6d550036,multi-session,cards_m17,0.0,0.0,0.0,0.0
6d550036,multi-session,pos_m17,0.0,0.0,0.0,0.0
6d550036,multi-session,bm25_turn,0.0,0.0,0.0,0.25
6d550036,multi-session,bm25_cards_hand,0.0,0.0,0.0,0.0
6d550036,multi-session,rrf_turn,0.0,0.0,0.0,0.0
6d550036,multi-session,rrf_sentence,0.0,0.0,0.0,0.0
6d550036,multi-session,rrf_cards_hand,0.0,0.0,0.0,0.0
6d550036,multi-session,rrf_cards_m11,0.0,0.0,0.0,0.0
6d550036,multi-session,rrf_cards_m13,0.0,0.0,0.0,0.0
6d550036,multi-session,rrf_cards_m17,0.0,0.0,0.0,0.0
6d550036,multi-session,rrf_turn_route,0.0,0.0,0.0,0.0
6d550036,multi-session,dense_session_mean,,,,0.0
6d550036,multi-session,bm25_session,,,,0.0
gpt4_59c863d7,multi-session,turn,0.4,0.4,0.48522855511632257,0.75
gpt4_59c863d7,multi-session,sentence,0.4,0.4,0.5531464700081437,0.75
gpt4_59c863d7,multi-session,cards_hand,0.4,0.4,0.5531464700081437,0.75
gpt4_59c863d7,multi-session,pos_hand,0.4,0.4,0.5531464700081437,0.75
gpt4_59c863d7,multi-session,cards_m11,0.4,0.6,0.6511857558395008,0.75
gpt4_59c863d7,multi-session,pos_m11,0.4,0.6,0.6511857558395008,0.75
gpt4_59c863d7,multi-session,cards_m13,0.4,0.4,0.4703652827859579,0.75
gpt4_59c863d7,multi-session,pos_m13,0.4,0.4,0.4703652827859579,0.75
gpt4_59c863d7,multi-session,cards_m17,0.4,0.4,0.5531464700081437,0.75
gpt4_59c863d7,multi-session,pos_m17,0.4,0.6,0.6511857558395008,0.75
gpt4_59c863d7,multi-session,bm25_turn,0.2,0.2,0.3391602052736161,0.5
gpt4_59c863d7,multi-session,bm25_cards_hand,0.2,0.2,0.3391602052736161,0.5
gpt4_59c863d7,multi-session,rrf_turn,0.2,0.6,0.5730249097309823,0.75
gpt4_59c863d7,multi-session,rrf_sentence,0.4,0.6,0.5773584151532217,0.75
gpt4_59c863d7,multi-session,rrf_cards_hand,0.2,0.4,0.4412576003965278,0.5
gpt4_59c863d7,multi-session,rrf_cards_m11,0.2,0.6,0.5730249097309823,0.75
gpt4_59c863d7,multi-session,rrf_cards_m13,0.4,0.6,0.5773584151532217,0.75
gpt4_59c863d7,multi-session,rrf_cards_m17,0.4,0.4,0.4703652827859579,0.75
gpt4_59c863d7,multi-session,rrf_turn_route,0.6,0.6,0.6164336326286644,0.75
gpt4_59c863d7,multi-session,dense_session_mean,,,,0.75
gpt4_59c863d7,multi-session,bm25_session,,,,0.5
b5ef892d,multi-session,turn,0.5,0.5,0.38685280723454163,1.0
b5ef892d,multi-session,sentence,0.5,0.5,0.2640681225725909,1.0
b5ef892d,multi-session,cards_hand,0.5,0.5,0.23719771276929622,1.0
b5ef892d,multi-session,pos_hand,0.5,0.5,0.23719771276929622,1.0
b5ef892d,multi-session,cards_m11,0.5,0.5,0.38685280723454163,1.0
b5ef892d,multi-session,pos_m11,0.5,0.5,0.38685280723454163,1.0
b5ef892d,multi-session,cards_m13,0.5,0.5,0.3065735963827292,1.0
b5ef892d,multi-session,pos_m13,0.5,0.5,0.3065735963827292,1.0
b5ef892d,multi-session,cards_m17,0.5,0.5,0.2640681225725909,1.0
b5ef892d,multi-session,pos_m17,0.5,0.5,0.2640681225725909,1.0
b5ef892d,multi-session,bm25_turn,0.5,0.5,0.6131471927654584,0.6666666666666666
b5ef892d,multi-session,bm25_cards_hand,0.5,0.5,0.23719771276929622,0.6666666666666666
b5ef892d,multi-session,rrf_turn,1.0,1.0,0.6934264036172708,1.0
b5ef892d,multi-session,rrf_sentence,0.5,1.0,0.48247555939075504,1.0
b5ef892d,multi-session,rrf_cards_hand,0.5,1.0,0.48247555939075504,1.0
b5ef892d,multi-session,rrf_cards_m11,0.5,1.0,0.5249810332008933,1.0
b5ef892d,multi-session,rrf_cards_m13,0.5,1.0,0.48247555939075504,1.0
b5ef892d,multi-session,rrf_cards_m17,0.5,1.0,0.48247555939075504,1.0
b5ef892d,multi-session,rrf_turn_route,1.0,1.0,0.6934264036172708,1.0
b5ef892d,multi-session,dense_session_mean,,,,1.0
b5ef892d,multi-session,bm25_session,,,,0.6666666666666666
e831120c,multi-session,turn,1.0,1.0,0.5706417189553201,1.0
e831120c,multi-session,sentence,1.0,1.0,0.8772153153380493,1.0
e831120c,multi-session,cards_hand,1.0,1.0,0.9197207891481876,1.0
e831120c,multi-session,pos_hand,1.0,1.0,0.9197207891481876,1.0
e831120c,multi-session,cards_m11,0.5,0.5,0.6131471927654584,1.0
e831120c,multi-session,pos_m11,1.0,1.0,0.8503449055347546,1.0
e831120c,multi-session,cards_m13,1.0,1.0,0.9197207891481876,1.0
e831120c,multi-session,pos_m13,1.0,1.0,0.8772153153380493,1.0
e831120c,multi-session,cards_m17,1.0,1.0,1.0,1.0
e831120c,multi-session,pos_m17,1.0,1.0,0.9197207891481876,1.0
e831120c,multi-session,bm25_turn,1.0,1.0,0.6934264036172708,1.0
e831120c,multi-session,bm25_cards_hand,1.0,1.0,0.6934264036172708,1.0
e831120c,multi-session,rrf_turn,1.0,1.0,0.9197207891481876,1.0
e831120c,multi-session,rrf_sentence,1.0,1.0,0.9197207891481876,1.0
e831120c,multi-session,rrf_cards_hand,1.0,1.0,0.8772153153380493,1.0
e831120c,multi-session,rrf_cards_m11,0.5,1.0,0.8315546295836225,1.0
e831120c,multi-session,rrf_cards_m13,1.0,1.0,1.0,1.0
e831120c,multi-session,rrf_cards_m17,1.0,1.0,1.0,1.0
e831120c,multi-session,rrf_turn_route,1.0,1.0,1.0,1.0
e831120c,multi-session,dense_session_mean,,,,1.0
e831120c,multi-session,bm25_session,,,,1.0
3a704032,multi-session,turn,0.0,0.0,0.0,0.6666666666666666
3a704032,multi-session,sentence,0.0,0.5,0.20438239758848611,1.0
3a704032,multi-session,cards_hand,0.0,0.5,0.19342640361727081,1.0
3a704032,multi-session,pos_hand,0.0,0.5,0.19342640361727081,1.0
3a704032,multi-session,cards_m11,0.0,1.0,0.39564672360221187,1.0
3a704032,multi-session,pos_m11,0.0,0.5,0.20438239758848611,1.0
3a704032,multi-session,cards_m13,0.0,0.5,0.18457569677956817,1.0
3a704032,multi-session,pos_m13,0.0,1.0,0.3706656904013186,1.0
3a704032,multi-session,cards_m17,0.0,0.5,0.18457569677956817,1.0
3a704032,multi-session,pos_m17,0.0,0.5,0.18457569677956817,1.0
3a704032,multi-session,bm25_turn,0.5,0.5,0.38685280723454163,0.3333333333333333
3a704032,multi-session,bm25_cards_hand,0.5,0.5,0.6131471927654584,0.3333333333333333
3a704032,multi-session,rrf_turn,0.5,1.0,0.8175295903539445,1.0
3a704032,multi-session,rrf_sentence,0.5,1.0,0.8065735963827293,1.0
3a704032,multi-session,rrf_cards_hand,0.5,0.5,0.6131471927654584,1.0
3a704032,multi-session,rrf_cards_m11,0.5,1.0,0.8065735963827293,0.6666666666666666
3a704032,multi-session,rrf_cards_m13,1.0,1.0,0.8503449055347546,1.0
3a704032,multi-session,rrf_cards_m17,0.5,1.0,0.7903864795495061,1.0
3a704032,multi-session,rrf_turn_route,1.0,1.0,0.8772153153380493,1.0
3a704032,multi-session,dense_session_mean,,,,1.0
3a704032,multi-session,bm25_session,,,,1.0
gpt4_d84a3211,multi-session,turn,0.0,0.25,0.11751610475642714,1.0
gpt4_d84a3211,multi-session,sentence,0.0,0.25,0.13905617951077562,1.0
gpt4_d84a3211,multi-session,cards_hand,0.25,0.5,0.3080351663449861,1.0
gpt4_d84a3211,multi-session,pos_hand,0.25,0.25,0.19519002499605084,1.0
gpt4_d84a3211,multi-session,cards_m11,0.25,0.5,0.35914753008966527,1.0
gpt4_d84a3211,multi-session,pos_m11,0.25,0.25,0.24630238874073,1.0
gpt4_d84a3211,multi-session,cards_m13,0.25,0.25,0.19519002499605084,1.0
gpt4_d84a3211,multi-session,pos_m13,0.5,0.5,0.3973220069685352,1.0
gpt4_d84a3211,multi-session,cards_m17,0.25,0.5,0.2741708125981702,1.0
gpt4_d84a3211,multi-session,pos_m17,0.5,0.5,0.4144299250118475,1.0
gpt4_d84a3211,multi-session,bm25_turn,0.0,0.25,0.13905617951077562,1.0
gpt4_d84a3211,multi-session,bm25_cards_hand,0.0,0.25,0.13012668333070054,1.0
gpt4_d84a3211,multi-session,rrf_turn,0.0,0.25,0.13012668333070054,1.0
gpt4_d84a3211,multi-session,rrf_sentence,0.25,0.25,0.15101961822780524,1.0
gpt4_d84a3211,multi-session,rrf_cards_hand,0.25,0.25,0.15101961822780524,1.0
gpt4_d84a3211,multi-session,rrf_cards_m11,0.25,0.25,0.15101961822780524,1.0
gpt4_d84a3211,multi-session,rrf_cards_m13,0.0,0.25,0.13012668333070054,1.0
gpt4_d84a3211,multi-session,rrf_cards_m17,0.25,0.25,0.15101961822780524,1.0
gpt4_d84a3211,multi-session,rrf_turn_route,0.0,0.25,0.13012668333070054,1.0
gpt4_d84a3211,multi-session,dense_session_mean,,,,1.0
gpt4_d84a3211,multi-session,bm25_session,,,,1.0
aae3761f,multi-session,turn,0.3333333333333333,0.3333333333333333,0.23463936301137822,0.6666666666666666
aae3761f,multi-session,sentence,0.0,0.6666666666666666,0.3044671974905181,1.0
aae3761f,multi-session,cards_hand,0.3333333333333333,0.6666666666666666,0.6257049680303419,1.0
aae3761f,multi-session,pos_hand,0.3333333333333333,0.6666666666666666,0.6257049680303419,1.0
aae3761f,multi-session,cards_m11,0.3333333333333333,0.6666666666666666,0.6364391809889587,0.6666666666666666
aae3761f,multi-session,pos_m11,0.3333333333333333,0.6666666666666666,0.6364391809889587,0.6666666666666666
aae3761f,multi-session,cards_m13,0.3333333333333333,0.3333333333333333,0.2960819109658652,0.6666666666666666
aae3761f,multi-session,pos_m13,0.3333333333333333,0.3333333333333333,0.46927872602275644,0.6666666666666666
aae3761f,multi-session,cards_m17,0.3333333333333333,0.6666666666666666,0.34870224750355494,0.6666666666666666
aae3761f,multi-session,pos_m17,0.3333333333333333,0.6666666666666666,0.34870224750355494,0.6666666666666666
aae3761f,multi-session,bm25_turn,0.6666666666666666,1.0,0.5249161118977292,1.0
aae3761f,multi-session,bm25_cards_hand,0.6666666666666666,1.0,0.9134015924715543,1.0
aae3761f,multi-session,rrf_turn,0.3333333333333333,0.6666666666666666,0.4441228664487979,0.6666666666666666
aae3761f,multi-session,rrf_sentence,0.3333333333333333,1.0,0.4967432029864875,1.0
aae3761f,multi-session,rrf_cards_hand,0.6666666666666666,1.0,0.86034433104172,1.0
aae3761f,multi-session,rrf_cards_m11,0.6666666666666666,0.6666666666666666,0.6508205185601091,1.0
aae3761f,multi-session,rrf_cards_m13,0.3333333333333333,0.6666666666666666,0.40179981797758046,1.0
aae3761f,multi-session,rrf_cards_m17,0.3333333333333333,0.6666666666666666,0.34870224750355494,1.0
aae3761f,multi-session,rrf_turn_route,0.6666666666666666,1.0,0.7864724919925569,1.0
aae3761f,multi-session,dense_session_mean,,,,0.6666666666666666
aae3761f,multi-session,bm25_session,,,,0.6666666666666666
gpt4_f2262a51,multi-session,turn,0.0,0.0,0.0,1.0
gpt4_f2262a51,multi-session,sentence,0.2,0.4,0.3347975674340217,1.0
gpt4_f2262a51,multi-session,cards_hand,0.2,0.4,0.3347975674340217,1.0
gpt4_f2262a51,multi-session,pos_hand,0.4,0.4,0.36005461457723403,1.0
gpt4_f2262a51,multi-session,cards_m11,0.4,0.6,0.3988244659805069,1.0
gpt4_f2262a51,multi-session,pos_m11,0.2,0.4,0.26687965254220064,1.0
gpt4_f2262a51,multi-session,cards_m13,0.4,0.4,0.36005461457723403,1.0
gpt4_f2262a51,multi-session,pos_m13,0.4,0.4,0.36005461457723403,1.0
gpt4_f2262a51,multi-session,cards_m17,0.4,0.4,0.3156484524795145,1.0
gpt4_f2262a51,multi-session,pos_m17,0.4,0.4,0.34519134224686937,1.0
gpt4_f2262a51,multi-session,bm25_turn,0.0,0.0,0.0,0.0
gpt4_f2262a51,multi-session,bm25_cards_hand,0.0,0.0,0.0,0.0
gpt4_f2262a51,multi-session,rrf_turn,0.0,0.0,0.0,0.3333333333333333
gpt4_f2262a51,multi-session,rrf_sentence,0.0,0.0,0.0,0.0
gpt4_f2262a51,multi-session,rrf_cards_hand,0.0,0.2,0.11305340175787204,0.3333333333333333
gpt4_f2262a51,multi-session,rrf_cards_m11,0.0,0.0,0.0,0.0
gpt4_f2262a51,multi-session,rrf_cards_m13,0.0,0.0,0.0,0.0
gpt4_f2262a51,multi-session,rrf_cards_m17,0.0,0.0,0.0,0.0
gpt4_f2262a51,multi-session,rrf_turn_route,0.0,0.0,0.0,0.0
gpt4_f2262a51,multi-session,dense_session_mean,,,,1.0
gpt4_f2262a51,multi-session,bm25_session,,,,0.0
dd2973ad,multi-session,turn,0.0,0.5,0.19342640361727081,1.0
dd2973ad,multi-session,sentence,0.5,1.0,0.8175295903539445,1.0
dd2973ad,multi-session,cards_hand,0.5,1.0,0.8315546295836225,1.0
dd2973ad,multi-session,pos_hand,0.5,1.0,0.48247555939075504,1.0
dd2973ad,multi-session,cards_m11,0.5,1.0,0.8315546295836225,1.0
dd2973ad,multi-session,pos_m11,0.5,1.0,0.6052602440527057,1.0
dd2973ad,multi-session,cards_m13,0.0,0.5,0.19342640361727081,1.0
dd2973ad,multi-session,pos_m13,0.0,0.5,0.19342640361727081,1.0
dd2973ad,multi-session,cards_m17,0.5,0.5,0.6131471927654584,1.0
dd2973ad,multi-session,pos_m17,0.5,1.0,0.7903864795495061,1.0
dd2973ad,multi-session,bm25_turn,0.5,0.5,0.3065735963827292,0.5
dd2973ad,multi-session,bm25_cards_hand,0.5,0.5,0.6131471927654584,0.5
dd2973ad,multi-session,rrf_turn,0.5,1.0,0.46845052016107697,1.0
dd2973ad,multi-session,rrf_sentence,0.5,1.0,0.5640920940185894,0.5
dd2973ad,multi-session,rrf_cards_hand,0.5,0.5,0.6131471927654584,0.5
dd2973ad,multi-session,rrf_cards_m11,0.5,1.0,0.5640920940185894,0.5
dd2973ad,multi-session,rrf_cards_m13,0.5,0.5,0.2640681225725909,0.5
dd2973ad,multi-session,rrf_cards_m17,0.5,0.5,0.6131471927654584,0.5
dd2973ad,multi-session,rrf_turn_route,1.0,1.0,0.5437713091520254,1.0
dd2973ad,multi-session,dense_session_mean,,,,1.0
dd2973ad,multi-session,bm25_session,,,,0.5
c4a1ceb8,multi-session,turn,0.25,0.25,0.3903800499921017,1.0
c4a1ceb8,multi-session,sentence,0.25,0.25,0.15101961822780524,1.0
c4a1ceb8,multi-session,cards_hand,0.25,0.25,0.3903800499921017,1.0
c4a1ceb8,multi-session,pos_hand,0.25,0.25,0.3903800499921017,1.0
c4a1ceb8,multi-session,cards_m11,0.25,0.5,0.5078961547485289,1.0
c4a1ceb8,multi-session,pos_m11,0.25,0.5,0.5078961547485289,1.0
c4a1ceb8,multi-session,cards_m13,0.25,0.5,0.5078961547485289,1.0
c4a1ceb8,multi-session,pos_m13,0.25,0.5,0.5078961547485289,1.0
c4a1ceb8,multi-session,cards_m17,0.25,0.25,0.15101961822780524,1.0
c4a1ceb8,multi-session,pos_m17,0.25,0.25,0.15101961822780524,1.0
c4a1ceb8,multi-session,bm25_turn,0.25,0.25,0.3903800499921017,1.0
c4a1ceb8,multi-session,bm25_cards_hand,0.25,0.25,0.3903800499921017,0.25
c4a1ceb8,multi-session,rrf_turn,0.25,0.25,0.3903800499921017,1.0
c4a1ceb8,multi-session,rrf_sentence,0.25,0.25,0.24630238874073,1.0
c4a1ceb8,multi-session,rrf_cards_hand,0.25,0.25,0.3903800499921017,1.0
c4a1ceb8,multi-session,rrf_cards_m11,0.25,0.25,0.3903800499921017,1.0
c4a1ceb8,multi-session,rrf_cards_m13,0.25,0.25,0.3903800499921017,1.0
c4a1ceb8,multi-session,rrf_cards_m17,0.25,0.25,0.24630238874073,1.0
c4a1ceb8,multi-session,rrf_turn_route,0.25,0.5,0.5205067333228022,0.75
c4a1ceb8,multi-session,dense_session_mean,,,,1.0
c4a1ceb8,multi-session,bm25_session,,,,1.0
gpt4_a56e767c,multi-session,turn,0.0,0.16666666666666666,0.0874717141014082,0.6666666666666666
gpt4_a56e767c,multi-session,sentence,0.16666666666666666,0.16666666666666666,0.19092086617893467,1.0
gpt4_a56e767c,multi-session,cards_hand,0.16666666666666666,0.16666666666666666,0.15130120674940672,1.0
gpt4_a56e767c,multi-session,pos_hand,0.16666666666666666,0.16666666666666666,0.19092086617893467,1.0
gpt4_a56e767c,multi-session,cards_m11,0.16666666666666666,0.16666666666666666,0.15130120674940672,1.0
gpt4_a56e767c,multi-session,pos_m11,0.16666666666666666,0.16666666666666666,0.19092086617893467,1.0
gpt4_a56e767c,multi-session,cards_m13,0.16666666666666666,0.16666666666666666,0.13032376591037062,1.0
gpt4_a56e767c,multi-session,pos_m13,0.16666666666666666,0.16666666666666666,0.19092086617893467,1.0
gpt4_a56e767c,multi-session,cards_m17,0.16666666666666666,0.16666666666666666,0.19092086617893467,1.0
gpt4_a56e767c,multi-session,pos_m17,0.16666666666666666,0.16666666666666666,0.19092086617893467,1.0
gpt4_a56e767c,multi-session,bm25_turn,0.16666666666666666,0.16666666666666666,0.13032376591037062,0.6666666666666666
gpt4_a56e767c,multi-session,bm25_cards_hand,0.16666666666666666,0.16666666666666666,0.13032376591037062,0.3333333333333333
gpt4_a56e767c,multi-session,rrf_turn,0.16666666666666666,0.16666666666666666,0.15130120674940672,0.6666666666666666
gpt4_a56e767c,multi-session,rrf_sentence,0.16666666666666666,0.16666666666666666,0.11706259313796354,1.0
gpt4_a56e767c,multi-session,rrf_cards_hand,0.0,0.3333333333333333,0.19526086862591913,1.0
gpt4_a56e767c,multi-session,rrf_cards_m11,0.16666666666666666,0.16666666666666666,0.11706259313796354,1.0
gpt4_a56e767c,multi-session,rrf_cards_m13,0.16666666666666666,0.16666666666666666,0.13032376591037062,1.0
gpt4_a56e767c,multi-session,rrf_cards_m17,0.16666666666666666,0.16666666666666666,0.13032376591037062,0.6666666666666666
gpt4_a56e767c,multi-session,rrf_turn_route,0.16666666666666666,0.16666666666666666,0.19092086617893467,0.6666666666666666
gpt4_a56e767c,multi-session,dense_session_mean,,,,1.0
gpt4_a56e767c,multi-session,bm25_session,,,,0.6666666666666666
6cb6f249,multi-session,turn,0.5,0.5,0.23719771276929622,1.0
6cb6f249,multi-session,sentence,1.0,1.0,1.0,1.0
6cb6f249,multi-session,cards_hand,1.0,1.0,1.0,1.0
6cb6f249,multi-session,pos_hand,1.0,1.0,1.0,1.0
6cb6f249,multi-session,cards_m11,1.0,1.0,0.9197207891481876,1.0
6cb6f249,multi-session,pos_m11,1.0,1.0,1.0,1.0
6cb6f249,multi-session,cards_m13,0.5,1.0,0.7977228895450266,1.0
6cb6f249,multi-session,pos_m13,1.0,1.0,1.0,1.0
6cb6f249,multi-session,cards_m17,1.0,1.0,1.0,1.0
6cb6f249,multi-session,pos_m17,1.0,1.0,1.0,1.0
6cb6f249,multi-session,bm25_turn,0.0,0.0,0.0,1.0
6cb6f249,multi-session,bm25_cards_hand,0.0,0.0,0.0,0.5
6cb6f249,multi-session,rrf_turn,0.0,0.5,0.19342640361727081,1.0
6cb6f249,multi-session,rrf_sentence,0.0,0.5,0.21840743681816419,1.0
6cb6f249,multi-session,rrf_cards_hand,0.0,0.0,0.0,1.0
6cb6f249,multi-session,rrf_cards_m11,0.0,0.5,0.20438239758848611,1.0
6cb6f249,multi-session,rrf_cards_m13,0.0,0.5,0.20438239758848611,1.0
6cb6f249,multi-session,rrf_cards_m17,0.0,1.0,0.38162168437253385,1.0
6cb6f249,multi-session,rrf_turn_route,0.5,0.5,0.38685280723454163,1.0
6cb6f249,multi-session,dense_session_mean,,,,1.0
6cb6f249,multi-session,bm25_session,,,,1.0
46a3abf7,multi-session,turn,0.0,0.3333333333333333,0.15642624200758548,1.0
46a3abf7,multi-session,sentence,0.3333333333333333,0.3333333333333333,0.18154179253735267,1.0
46a3abf7,multi-session,cards_hand,0.3333333333333333,0.3333333333333333,0.18154179253735267,1.0
46a3abf7,multi-session,pos_hand,0.3333333333333333,0.3333333333333333,0.18154179253735267,1.0
46a3abf7,multi-session,cards_m11,0.3333333333333333,0.3333333333333333,0.18154179253735267,1.0
46a3abf7,multi-session,pos_m11,0.3333333333333333,0.3333333333333333,0.18154179253735267,1.0
46a3abf7,multi-session,cards_m13,0.0,0.3333333333333333,0.14126697285982898,1.0
46a3abf7,multi-session,pos_m13,0.0,0.0,0.0,1.0
46a3abf7,multi-session,cards_m17,0.3333333333333333,0.3333333333333333,0.18154179253735267,1.0
46a3abf7,multi-session,pos_m17,0.3333333333333333,0.3333333333333333,0.18154179253735267,1.0
46a3abf7,multi-session,bm25_turn,0.0,0.3333333333333333,0.14126697285982898,0.6666666666666666
46a3abf7,multi-session,bm25_cards_hand,0.0,0.3333333333333333,0.14126697285982898,1.0
46a3abf7,multi-session,rrf_turn,0.3333333333333333,0.6666666666666666,0.3171937659698004,1.0
46a3abf7,multi-session,rrf_sentence,0.3333333333333333,0.6666666666666666,0.33775931993299535,1.0
46a3abf7,multi-session,rrf_cards_hand,0.3333333333333333,0.3333333333333333,0.20210734650054757,1.0
46a3abf7,multi-session,rrf_cards_m11,0.3333333333333333,0.3333333333333333,0.20210734650054757,1.0
46a3abf7,multi-session,rrf_cards_m13,0.3333333333333333,0.3333333333333333,0.20210734650054757,1.0
46a3abf7,multi-session,rrf_cards_m17,0.3333333333333333,0.3333333333333333,0.20210734650054757,1.0
46a3abf7,multi-session,rrf_turn_route,0.3333333333333333,0.6666666666666666,0.3379680345449381,1.0
46a3abf7,multi-session,dense_session_mean,,,,1.0
46a3abf7,multi-session,bm25_session,,,,0.3333333333333333
36b9f61e,multi-session,turn,1.0,1.0,0.9674679834891693,1.0
36b9f61e,multi-session,sentence,0.0,1.0,0.4592386704062355,1.0
36b9f61e,multi-session,cards_hand,0.0,1.0,0.4592386704062355,1.0
36b9f61e,multi-session,pos_hand,0.0,1.0,0.4592386704062355,1.0
36b9f61e,multi-session,cards_m11,0.3333333333333333,1.0,0.4736200079773859,1.0
36b9f61e,multi-session,pos_m11,0.3333333333333333,1.0,0.4843542209360027,1.0
36b9f61e,multi-session,cards_m13,1.0,1.0,0.9674679834891693,1.0
36b9f61e,multi-session,pos_m13,1.0,1.0,0.9674679834891693,1.0
36b9f61e,multi-session,cards_m17,0.3333333333333333,1.0,0.7928654229965442,1.0
36b9f61e,multi-session,pos_m17,0.3333333333333333,1.0,0.7928654229965442,1.0
36b9f61e,multi-session,bm25_turn,0.0,0.3333333333333333,0.13565197343244778,1.0
36b9f61e,multi-session,bm25_cards_hand,0.0,0.3333333333333333,0.1480409554829326,1.0
36b9f61e,multi-session,rrf_turn,0.3333333333333333,0.6666666666666666,0.39106560501896365,1.0
36b9f61e,multi-session,rrf_sentence,0.0,0.6666666666666666,0.2893079283427616,1.0
36b9f61e,multi-session,rrf_cards_hand,0.0,0.6666666666666666,0.2893079283427616,1.0
36b9f61e,multi-session,rrf_cards_m11,0.0,0.6666666666666666,0.29769321486741446,1.0
36b9f61e,multi-session,rrf_cards_m13,0.3333333333333333,0.6666666666666666,0.36926780146674987,1.0
36b9f61e,multi-session,rrf_cards_m17,0.3333333333333333,0.6666666666666666,0.3501483019834802,1.0
36b9f61e,multi-session,rrf_turn_route,0.6666666666666666,1.0,0.6978817289434457,1.0
36b9f61e,multi-session,dense_session_mean,,,,1.0
36b9f61e,multi-session,bm25_session,,,,1.0
28dc39ac,multi-session,turn,0.4,0.4,0.34519134224686937,0.8
28dc39ac,multi-session,sentence,0.4,0.4,0.36005461457723403,0.8
28dc39ac,multi-session,cards_hand,0.4,0.4,0.36005461457723403,0.8
28dc39ac,multi-session,pos_hand,0.4,0.4,0.3156484524795145,0.8
28dc39ac,multi-session,cards_m11,0.2,0.2,0.21398626473452756,0.8
28dc39ac,multi-session,pos_m11,0.2,0.2,0.16958010263680806,0.8
28dc39ac,multi-session,cards_m13,0.2,0.4,0.23819820987960558,0.8
28dc39ac,multi-session,pos_m13,0.0,0.4,0.227804435066758,0.8
28dc39ac,multi-session,cards_m17,0.2,0.4,0.4371994911049732,0.8
28dc39ac,multi-session,pos_m17,0.2,0.2,0.21398626473452756,0.8
28dc39ac,multi-session,bm25_turn,0.4,0.8,0.7238911047912078,0.6
28dc39ac,multi-session,bm25_cards_hand,0.4,0.8,0.7178308354005997,0.6
28dc39ac,multi-session,rrf_turn,0.6,0.6,0.6164336326286644,0.8
28dc39ac,multi-session,rrf_sentence,0.4,0.6,0.4856637624942473,1.0
28dc39ac,multi-session,rrf_cards_hand,0.4,0.8,0.6024169559021868,1.0
28dc39ac,multi-session,rrf_cards_m11,0.2,0.6,0.4368949625569334,1.0
28dc39ac,multi-session,rrf_cards_m13,0.4,0.6,0.45824474400474136,1.0
28dc39ac,multi-session,rrf_cards_m17,0.2,0.6,0.5543110021543998,1.0
28dc39ac,multi-session,rrf_turn_route,0.8,1.0,0.9609247825245575,1.0
28dc39ac,multi-session,dense_session_mean,,,,1.0
28dc39ac,multi-session,bm25_session,,,,1.0
gpt4_2f8be40d,multi-session,turn,0.0,0.3333333333333333,0.13565197343244778,1.0
gpt4_2f8be40d,multi-session,sentence,0.3333333333333333,0.6666666666666666,0.43734888382569426,1.0
gpt4_2f8be40d,multi-session,cards_hand,0.3333333333333333,0.3333333333333333,0.2960819109658652,1.0
gpt4_2f8be40d,multi-session,pos_hand,0.6666666666666666,0.6666666666666666,0.4776237035032179,1.0
gpt4_2f8be40d,multi-session,cards_m11,0.3333333333333333,0.3333333333333333,0.2960819109658652,1.0
gpt4_2f8be40d,multi-session,pos_m11,0.3333333333333333,0.6666666666666666,0.4525081529734507,1.0
gpt4_2f8be40d,multi-session,cards_m13,0.6666666666666666,0.6666666666666666,0.49818925746641285,1.0
gpt4_2f8be40d,multi-session,pos_m13,0.6666666666666666,0.6666666666666666,0.6508205185601091,1.0
gpt4_2f8be40d,multi-session,cards_m17,0.3333333333333333,0.3333333333333333,0.2960819109658652,1.0
gpt4_2f8be40d,multi-session,pos_m17,0.3333333333333333,0.6666666666666666,0.6364391809889587,1.0
gpt4_2f8be40d,multi-session,bm25_turn,0.0,0.3333333333333333,0.1480409554829326,0.3333333333333333
gpt4_2f8be40d,multi-session,bm25_cards_hand,0.0,0.0,0.0,0.3333333333333333
gpt4_2f8be40d,multi-session,rrf_turn,0.3333333333333333,0.3333333333333333,0.23463936301137822,0.6666666666666666
gpt4_2f8be40d,multi-session,rrf_sentence,0.3333333333333333,0.3333333333333333,0.2960819109658652,0.6666666666666666
gpt4_2f8be40d,multi-session,rrf_cards_hand,0.3333333333333333,0.3333333333333333,0.18154179253735267,1.0
gpt4_2f8be40d,multi-session,rrf_cards_m11,0.3333333333333333,0.3333333333333333,0.46927872602275644,0.6666666666666666
gpt4_2f8be40d,multi-session,rrf_cards_m13,0.3333333333333333,0.3333333333333333,0.46927872602275644,0.6666666666666666
gpt4_2f8be40d,multi-session,rrf_cards_m17,0.3333333333333333,0.3333333333333333,0.2960819109658652,0.6666666666666666
gpt4_2f8be40d,multi-session,rrf_turn_route,0.3333333333333333,0.3333333333333333,0.23463936301137822,0.6666666666666666
gpt4_2f8be40d,multi-session,dense_session_mean,,,,1.0
gpt4_2f8be40d,multi-session,bm25_session,,,,0.6666666666666666
2e6d26dc,multi-session,turn,0.5,0.75,0.6886342695939197,1.0
2e6d26dc,multi-session,sentence,0.75,1.0,0.8756458727267334,1.0
2e6d26dc,multi-session,cards_hand,0.75,1.0,0.8756458727267334,1.0
2e6d26dc,multi-session,pos_hand,0.75,1.0,0.8756458727267334,1.0
2e6d26dc,multi-session,cards_m11,0.75,1.0,0.8756458727267334,1.0
2e6d26dc,multi-session,pos_m11,0.75,0.75,0.7095272044910244,1.0
2e6d26dc,multi-session,cards_m13,0.5,0.5,0.5855700749881525,1.0
2e6d26dc,multi-session,pos_m13,0.5,0.5,0.5585075862632192,1.0
2e6d26dc,multi-session,cards_m17,0.75,1.0,0.8756458727267334,1.0
2e6d26dc,multi-session,pos_m17,0.75,1.0,0.8756458727267334,1.0
2e6d26dc,multi-session,bm25_turn,0.5,0.75,0.4693608375942211,0.75
2e6d26dc,multi-session,bm25_cards_hand,0.0,0.25,0.13012668333070054,0.5
2e6d26dc,multi-session,rrf_turn,0.75,0.75,0.592512031964586,0.75
2e6d26dc,multi-session,rrf_sentence,0.75,0.75,0.592512031964586,0.75
2e6d26dc,multi-session,rrf_cards_hand,0.5,0.75,0.553486104522623,0.75
2e6d26dc,multi-session,rrf_cards_m11,0.75,0.75,0.592512031964586,1.0
2e6d26dc,multi-session,rrf_cards_m13,0.5,0.75,0.5805485932475565,1.0
2e6d26dc,multi-session,rrf_cards_m17,0.75,0.75,0.592512031964586,1.0
2e6d26dc,multi-session,rrf_turn_route,0.75,0.75,0.6096199500078984,0.75
2e6d26dc,multi-session,dense_session_mean,,,,1.0
2e6d26dc,multi-session,bm25_session,,,,0.75
gpt4_15e38248,multi-session,turn,0.2,0.4,0.4599715079731103,1.0
gpt4_15e38248,multi-session,sentence,0.2,0.4,0.45221360703148816,0.5
gpt4_15e38248,multi-session,cards_hand,0.2,0.6,0.5580107938044674,0.75
gpt4_15e38248,multi-session,pos_hand,0.2,0.6,0.5580107938044674,0.75
gpt4_15e38248,multi-session,cards_m11,0.2,0.4,0.44615333764087994,0.75
gpt4_15e38248,multi-session,pos_m11,0.2,0.6,0.5669646403403741,0.75
gpt4_15e38248,multi-session,cards_m13,0.2,0.6,0.5392968862278849,0.5
gpt4_15e38248,multi-session,pos_m13,0.2,0.6,0.5392968862278849,0.5
gpt4_15e38248,multi-session,cards_m17,0.2,0.4,0.45221360703148816,0.5
gpt4_15e38248,multi-session,pos_m17,0.2,0.4,0.45221360703148816,0.5
gpt4_15e38248,multi-session,bm25_turn,0.2,0.4,0.2591217516005785,0.5
gpt4_15e38248,multi-session,bm25_cards_hand,0.0,0.0,0.0,0.25
gpt4_15e38248,multi-session,rrf_turn,0.6,0.6,0.6164336326286644,0.5
gpt4_15e38248,multi-session,rrf_sentence,0.2,0.6,0.5730249097309823,0.5
gpt4_15e38248,multi-session,rrf_cards_hand,0.2,0.4,0.23330247263525344,0.5
gpt4_15e38248,multi-session,rrf_cards_m11,0.4,0.6,0.591176585485452,0.5
gpt4_15e38248,multi-session,rrf_cards_m13,0.4,0.6,0.6739577727076379,0.5
gpt4_15e38248,multi-session,rrf_cards_m17,0.4,0.6,0.591176585485452,0.5
gpt4_15e38248,multi-session,rrf_turn_route,0.6,0.6,0.6548086577531307,0.5
gpt4_15e38248,multi-session,dense_session_mean,,,,0.75
gpt4_15e38248,multi-session,bm25_session,,,,0.5
88432d0a,multi-session,turn,0.0,0.0,0.0,0.75
88432d0a,multi-session,sentence,0.0,0.25,0.123151194370365,0.75
88432d0a,multi-session,cards_hand,0.0,0.0,0.0,0.75
88432d0a,multi-session,pos_hand,0.0,0.0,0.0,0.75
88432d0a,multi-session,cards_m11,0.0,0.0,0.0,0.75
88432d0a,multi-session,pos_m11,0.0,0.25,0.123151194370365,0.75
88432d0a,multi-session,cards_m13,0.0,0.0,0.0,0.75
88432d0a,multi-session,pos_m13,0.0,0.0,0.0,0.75
88432d0a,multi-session,cards_m17,0.0,0.25,0.13905617951077562,0.75
88432d0a,multi-session,pos_m17,0.0,0.25,0.123151194370365,0.75
88432d0a,multi-session,bm25_turn,0.0,0.0,0.0,0.0
88432d0a,multi-session,bm25_cards_hand,0.0,0.0,0.0,0.25
88432d0a,multi-session,rrf_turn,0.0,0.25,0.11751610475642714,0.75
88432d0a,multi-session,rrf_sentence,0.0,0.25,0.13905617951077562,0.75
88432d0a,multi-session,rrf_cards_hand,0.0,0.0,0.0,0.75
88432d0a,multi-session,rrf_cards_m11,0.0,0.25,0.123151194370365,0.75
88432d0a,multi-session,rrf_cards_m13,0.0,0.25,0.11284514134893527,0.75
88432d0a,multi-session,rrf_cards_m17,0.0,0.25,0.13905617951077562,0.75
88432d0a,multi-session,rrf_turn_route,0.25,0.25,0.16812753627111746,0.75
88432d0a,multi-session,dense_session_mean,,,,0.75
88432d0a,multi-session,bm25_session,,,,0.0
80ec1f4f,multi-session,turn,0.0,0.0,0.0,1.0
80ec1f4f,multi-session,sentence,0.0,0.0,0.0,1.0
80ec1f4f,multi-session,cards_hand,0.0,0.0,0.0,1.0
80ec1f4f,multi-session,pos_hand,0.0,0.0,0.0,1.0
80ec1f4f,multi-session,cards_m11,0.0,0.0,0.0,1.0
80ec1f4f,multi-session,pos_m11,0.0,0.0,0.0,1.0
80ec1f4f,multi-session,cards_m13,0.0,0.0,0.0,1.0
80ec1f4f,multi-session,pos_m13,0.0,0.0,0.0,1.0
80ec1f4f,multi-session,cards_m17,0.5,0.5,0.23719771276929622,1.0
80ec1f4f,multi-session,pos_m17,0.0,0.0,0.0,1.0
80ec1f4f,multi-session,bm25_turn,0.0,0.0,0.0,1.0
80ec1f4f,multi-session,bm25_cards_hand,0.0,0.0,0.0,1.0
80ec1f4f,multi-session,rrf_turn,0.0,0.0,0.0,1.0
80ec1f4f,multi-session,rrf_sentence,0.0,0.0,0.0,1.0
80ec1f4f,multi-session,rrf_cards_hand,0.0,0.0,0.0,1.0
80ec1f4f,multi-session,rrf_cards_m11,0.0,0.0,0.0,1.0
80ec1f4f,multi-session,rrf_cards_m13,0.0,0.0,0.0,1.0
80ec1f4f,multi-session,rrf_cards_m17,0.0,0.0,0.0,1.0
80ec1f4f,multi-session,rrf_turn_route,0.0,0.0,0.0,1.0
80ec1f4f,multi-session,dense_session_mean,,,,1.0
80ec1f4f,multi-session,bm25_session,,,,1.0
d23cf73b,multi-session,turn,0.0,0.5,0.25657228426720274,0.5
d23cf73b,multi-session,sentence,0.5,0.5,0.36331756126716835,0.5
d23cf73b,multi-session,cards_hand,0.5,0.75,0.5148381117249624,0.5
d23cf73b,multi-session,pos_hand,0.25,0.75,0.4200288571308283,0.5
d23cf73b,multi-session,cards_m11,0.5,0.75,0.45905478457279136,0.5
d23cf73b,multi-session,pos_m11,0.25,0.5,0.29127873064148246,0.5
d23cf73b,multi-session,cards_m13,0.5,1.0,0.6027819274910589,0.75
d23cf73b,multi-session,pos_m13,0.5,1.0,0.6027819274910589,0.75
d23cf73b,multi-session,cards_m17,0.25,0.5,0.3853585682515056,0.5
d23cf73b,multi-session,pos_m17,0.25,0.5,0.369453583111095,0.5
d23cf73b,multi-session,bm25_turn,0.5,0.75,0.664550862590272,0.75
d23cf73b,multi-session,bm25_cards_hand,0.5,0.5,0.6366824387328317,1.0
d23cf73b,multi-session,rrf_turn,0.5,0.75,0.7757386182436072,1.0
d23cf73b,multi-session,rrf_sentence,0.75,0.75,0.8318724637288826,1.0
d23cf73b,multi-session,rrf_cards_hand,0.75,0.75,0.8048099750039491,1.0
d23cf73b,multi-session,rrf_cards_m11,0.75,0.75,0.8318724637288826,1.0
d23cf73b,multi-session,rrf_cards_m13,0.75,0.75,0.8318724637288826,1.0
d23cf73b,multi-session,rrf_cards_m17,0.75,0.75,0.8318724637288826,1.0
d23cf73b,multi-session,rrf_turn_route,0.75,0.75,0.787702056960637,1.0
d23cf73b,multi-session,dense_session_mean,,,,0.5
d23cf73b,multi-session,bm25_session,,,,0.75
gpt4_7fce9456,multi-session,turn,0.16666666666666666,0.16666666666666666,0.19092086617893467,1.0
gpt4_7fce9456,multi-session,sentence,0.16666666666666666,0.6666666666666666,0.5889556853481906,1.0
gpt4_7fce9456,multi-session,cards_hand,0.16666666666666666,0.6666666666666666,0.485262857016371,1.0
gpt4_7fce9456,multi-session,pos_hand,0.16666666666666666,0.6666666666666666,0.485262857016371,1.0
gpt4_7fce9456,multi-session,cards_m11,0.3333333333333333,0.6666666666666666,0.5982291239616433,1.0
gpt4_7fce9456,multi-session,pos_m11,0.3333333333333333,0.6666666666666666,0.6025971538276526,1.0
gpt4_7fce9456,multi-session,cards_m13,0.3333333333333333,0.5,0.5274541611612878,1.0
gpt4_7fce9456,multi-session,pos_m13,0.16666666666666666,0.5,0.5014839712467825,1.0
gpt4_7fce9456,multi-session,cards_m17,0.16666666666666666,0.6666666666666666,0.44742954654159695,1.0
gpt4_7fce9456,multi-session,pos_m17,0.16666666666666666,0.5,0.39417045379291293,1.0
gpt4_7fce9456,multi-session,bm25_turn,0.16666666666666666,0.16666666666666666,0.19092086617893467,0.6
gpt4_7fce9456,multi-session,bm25_cards_hand,0.16666666666666666,0.16666666666666666,0.11706259313796354,0.6
gpt4_7fce9456,multi-session,rrf_turn,0.16666666666666666,0.16666666666666666,0.19092086617893467,1.0
gpt4_7fce9456,multi-session,rrf_sentence,0.16666666666666666,0.16666666666666666,0.30260241349881345,1.0
gpt4_7fce9456,multi-session,rrf_cards_hand,0.16666666666666666,0.16666666666666666,0.19092086617893467,0.8
gpt4_7fce9456,multi-session,rrf_cards_m11,0.16666666666666666,0.3333333333333333,0.3936948167222715,1.0
gpt4_7fce9456,multi-session,rrf_cards_m13,0.16666666666666666,0.16666666666666666,0.30260241349881345,0.8
gpt4_7fce9456,multi-session,rrf_cards_m17,0.16666666666666666,0.3333333333333333,0.23877292085081492,1.0
gpt4_7fce9456,multi-session,rrf_turn_route,0.16666666666666666,0.5,0.37747370249186,1.0
gpt4_7fce9456,multi-session,dense_session_mean,,,,1.0
gpt4_7fce9456,multi-session,bm25_session,,,,0.8
d682f1a2,multi-session,turn,0.3333333333333333,0.6666666666666666,0.36926780146674987,1.0
d682f1a2,multi-session,sentence,0.6666666666666666,0.6666666666666666,0.7653606369886217,1.0
d682f1a2,multi-session,cards_hand,0.6666666666666666,0.6666666666666666,0.6713860725233041,1.0
d682f1a2,multi-session,pos_hand,0.6666666666666666,0.6666666666666666,0.7653606369886217,1.0
d682f1a2,multi-session,cards_m11,0.3333333333333333,0.3333333333333333,0.46927872602275644,1.0
d682f1a2,multi-session,pos_m11,0.3333333333333333,0.3333333333333333,0.46927872602275644,0.6666666666666666
d682f1a2,multi-session,cards_m13,0.3333333333333333,0.3333333333333333,0.46927872602275644,1.0
d682f1a2,multi-session,pos_m13,0.3333333333333333,0.3333333333333333,0.46927872602275644,0.6666666666666666
d682f1a2,multi-session,cards_m17,0.6666666666666666,0.6666666666666666,0.6713860725233041,1.0
d682f1a2,multi-session,pos_m17,0.6666666666666666,0.6666666666666666,0.7653606369886217,1.0
d682f1a2,multi-session,bm25_turn,0.6666666666666666,0.6666666666666666,0.7653606369886217,0.6666666666666666
d682f1a2,multi-session,bm25_cards_hand,0.6666666666666666,0.6666666666666666,0.7653606369886217,0.6666666666666666
d682f1a2,multi-session,rrf_turn,0.6666666666666666,0.6666666666666666,0.7653606369886217,1.0
d682f1a2,multi-session,rrf_sentence,0.6666666666666666,0.6666666666666666,0.7653606369886217,1.0
d682f1a2,multi-session,rrf_cards_hand,0.6666666666666666,0.6666666666666666,0.7653606369886217,1.0
d682f1a2,multi-session,rrf_cards_m11,0.6666666666666666,0.6666666666666666,0.7653606369886217,1.0
d682f1a2,multi-session,rrf_cards_m13,0.6666666666666666,0.6666666666666666,0.7653606369886217,1.0
d682f1a2,multi-session,rrf_cards_m17,0.6666666666666666,0.6666666666666666,0.7653606369886217,1.0
d682f1a2,multi-session,rrf_turn_route,0.6666666666666666,0.6666666666666666,0.7653606369886217,0.6666666666666666
d682f1a2,multi-session,dense_session_mean,,,,0.6666666666666666
d682f1a2,multi-session,bm25_session,,,,0.6666666666666666
7024f17c,multi-session,turn,0.5,1.0,0.6052602440527057,1.0
7024f17c,multi-session,sentence,0.5,0.5,0.38685280723454163,1.0
7024f17c,multi-session,cards_hand,0.5,1.0,0.6052602440527057,1.0
7024f17c,multi-session,pos_hand,1.0,1.0,0.6240505200038379,1.0
7024f17c,multi-session,cards_m11,0.5,1.0,0.5912352048230277,1.0
7024f17c,multi-session,pos_m11,0.5,0.5,0.38685280723454163,1.0
7024f17c,multi-session,cards_m13,0.5,0.5,0.6131471927654584,1.0
7024f17c,multi-session,pos_m13,0.5,0.5,0.6131471927654584,1.0
7024f17c,multi-session,cards_m17,0.5,0.5,0.3065735963827292,1.0
7024f17c,multi-session,pos_m17,0.5,0.5,0.38685280723454163,1.0
7024f17c,multi-session,bm25_turn,0.5,0.5,0.2640681225725909,1.0
7024f17c,multi-session,bm25_cards_hand,0.5,0.5,0.2640681225725909,1.0
7024f17c,multi-session,rrf_turn,0.5,0.5,0.6131471927654584,1.0
7024f17c,multi-session,rrf_sentence,0.5,0.5,0.38685280723454163,1.0
7024f17c,multi-session,rrf_cards_hand,0.5,0.5,0.6131471927654584,1.0
7024f17c,multi-session,rrf_cards_m11,0.5,0.5,0.38685280723454163,1.0
7024f17c,multi-session,rrf_cards_m13,0.5,0.5,0.38685280723454163,1.0
7024f17c,multi-session,rrf_cards_m17,0.5,0.5,0.38685280723454163,1.0
7024f17c,multi-session,rrf_turn_route,0.5,0.5,0.6131471927654584,1.0
7024f17c,multi-session,dense_session_mean,,,,1.0
7024f17c,multi-session,bm25_session,,,,1.0
gpt4_5501fe77,multi-session,turn,0.3333333333333333,0.6666666666666666,0.4441228664487979,1.0
gpt4_5501fe77,multi-session,sentence,0.6666666666666666,1.0,0.7988614740430418,1.0
gpt4_5501fe77,multi-session,cards_hand,0.6666666666666666,1.0,0.5726073975563163,1.0
gpt4_5501fe77,multi-session,pos_hand,0.3333333333333333,1.0,0.4860089900278707,1.0
gpt4_5501fe77,multi-session,cards_m11,0.6666666666666666,1.0,0.7988614740430418,1.0
gpt4_5501fe77,multi-session,pos_m11,0.3333333333333333,1.0,0.5430667908374095,1.0
gpt4_5501fe77,multi-session,cards_m13,0.6666666666666666,1.0,0.6256646589861505,1.0
gpt4_5501fe77,multi-session,pos_m13,0.6666666666666666,1.0,0.7988614740430418,1.0
gpt4_5501fe77,multi-session,cards_m17,0.6666666666666666,1.0,0.5931729515195112,1.0
gpt4_5501fe77,multi-session,pos_m17,0.3333333333333333,1.0,0.6045093387918965,1.0
gpt4_5501fe77,multi-session,bm25_turn,0.6666666666666666,0.6666666666666666,0.7653606369886217,0.6666666666666666
gpt4_5501fe77,multi-session,bm25_cards_hand,0.6666666666666666,0.6666666666666666,0.6713860725233041,1.0
gpt4_5501fe77,multi-session,rrf_turn,0.6666666666666666,0.6666666666666666,0.7039180890341347,1.0
gpt4_5501fe77,multi-session,rrf_sentence,0.6666666666666666,0.6666666666666666,0.7653606369886217,1.0
gpt4_5501fe77,multi-session,rrf_cards_hand,0.6666666666666666,0.6666666666666666,0.5307212739772434,1.0
gpt4_5501fe77,multi-session,rrf_cards_m11,0.6666666666666666,0.6666666666666666,0.7653606369886217,1.0
gpt4_5501fe77,multi-session,rrf_cards_m13,0.6666666666666666,0.6666666666666666,0.7653606369886217,1.0
gpt4_5501fe77,multi-session,rrf_cards_m17,0.6666666666666666,0.6666666666666666,0.7039180890341347,1.0
gpt4_5501fe77,multi-session,rrf_turn_route,0.6666666666666666,1.0,0.8519590445170673,1.0
gpt4_5501fe77,multi-session,dense_session_mean,,,,1.0
gpt4_5501fe77,multi-session,bm25_session,,,,1.0
gpt4_2ba83207,multi-session,turn,0.25,0.5,0.5032251913410369,1.0
gpt4_2ba83207,multi-session,sentence,0.75,0.75,0.8318724637288826,1.0
gpt4_2ba83207,multi-session,cards_hand,0.75,0.75,0.8318724637288826,1.0
gpt4_2ba83207,multi-session,pos_hand,0.75,0.75,0.8318724637288826,1.0
gpt4_2ba83207,multi-session,cards_m11,0.75,0.75,0.8318724637288826,1.0
gpt4_2ba83207,multi-session,pos_m11,0.75,0.75,0.8318724637288826,1.0
gpt4_2ba83207,multi-session,cards_m13,0.75,0.75,0.8048099750039491,1.0
gpt4_2ba83207,multi-session,pos_m13,0.75,0.75,0.8048099750039491,1.0
gpt4_2ba83207,multi-session,cards_m17,0.5,0.75,0.7757386182436072,1.0
gpt4_2ba83207,multi-session,pos_m17,0.75,0.75,0.8318724637288826,1.0
gpt4_2ba83207,multi-session,bm25_turn,0.25,0.5,0.5032251913410369,0.75
gpt4_2ba83207,multi-session,bm25_cards_hand,0.25,0.25,0.19519002499605084,0.5
gpt4_2ba83207,multi-session,rrf_turn,0.5,0.5,0.5413996682199069,1.0
gpt4_2ba83207,multi-session,rrf_sentence,0.75,1.0,0.9178287402913377,1.0
gpt4_2ba83207,multi-session,rrf_cards_hand,0.5,0.75,0.715696758318853,1.0
gpt4_2ba83207,multi-session,rrf_cards_m11,0.75,1.0,0.9267582364714126,1.0
gpt4_2ba83207,multi-session,rrf_cards_m13,0.75,0.75,0.7095272044910244,1.0
gpt4_2ba83207,multi-session,rrf_cards_m17,0.75,1.0,0.876848805629635,1.0
gpt4_2ba83207,multi-session,rrf_turn_route,0.5,0.5,0.5585075862632192,1.0
gpt4_2ba83207,multi-session,dense_session_mean,,,,0.75
gpt4_2ba83207,multi-session,bm25_session,,,,1.0
2318644b,multi-session,turn,0.5,0.5,0.3065735963827292,1.0
2318644b,multi-session,sentence,0.5,1.0,0.5802792108518124,1.0
2318644b,multi-session,cards_hand,0.0,1.0,0.39780880120575696,1.0
2318644b,multi-session,pos_hand,0.0,1.0,0.39780880120575696,1.0
2318644b,multi-session,cards_m11,0.0,1.0,0.38162168437253385,1.0
2318644b,multi-session,pos_m11,0.0,1.0,0.39780880120575696,1.0
2318644b,multi-session,cards_m13,0.5,0.5,0.3065735963827292,1.0
2318644b,multi-session,pos_m13,0.0,0.5,0.19342640361727081,1.0
2318644b,multi-session,cards_m17,0.5,1.0,0.5,1.0
2318644b,multi-session,pos_m17,0.0,1.0,0.39780880120575696,1.0
2318644b,multi-session,bm25_turn,0.5,1.0,0.8315546295836225,1.0
2318644b,multi-session,bm25_cards_hand,0.5,0.5,0.6131471927654584,0.5
2318644b,multi-session,rrf_turn,1.0,1.0,0.8503449055347546,1.0
2318644b,multi-session,rrf_sentence,1.0,1.0,0.9197207891481876,1.0
2318644b,multi-session,rrf_cards_hand,1.0,1.0,0.8503449055347546,1.0
2318644b,multi-session,rrf_cards_m11,0.5,1.0,0.5912352048230277,1.0
2318644b,multi-session,rrf_cards_m13,0.5,1.0,0.8065735963827293,1.0
2318644b,multi-session,rrf_cards_m17,1.0,1.0,0.9197207891481876,1.0
2318644b,multi-session,rrf_turn_route,1.0,1.0,0.9197207891481876,1.0
2318644b,multi-session,dense_session_mean,,,,1.0
2318644b,multi-session,bm25_session,,,,0.5
2ce6a0f2,multi-session,turn,0.25,0.5,0.2741708125981702,1.0
2ce6a0f2,multi-session,sentence,0.25,0.75,0.4041238719904177,1.0
2ce6a0f2,multi-session,cards_hand,0.25,0.5,0.2856436410275446,1.0
2ce6a0f2,multi-session,pos_hand,0.0,0.25,0.123151194370365,1.0
2ce6a0f2,multi-session,cards_m11,0.25,0.75,0.4041238719904177,1.0
2ce6a0f2,multi-session,pos_m11,0.0,0.5,0.2476427880871277,1.0
2ce6a0f2,multi-session,cards_m13,0.25,0.75,0.4381618496756866,1.0
2ce6a0f2,multi-session,pos_m13,0.25,0.75,0.39866240631493294,1.0
2ce6a0f2,multi-session,cards_m17,0.25,0.5,0.31834121936641585,1.0
2ce6a0f2,multi-session,pos_m17,0.0,0.5,0.2532778777010656,1.0
2ce6a0f2,multi-session,bm25_turn,0.0,0.0,0.0,0.75
2ce6a0f2,multi-session,bm25_cards_hand,0.0,0.0,0.0,0.25
2ce6a0f2,multi-session,rrf_turn,0.0,0.25,0.123151194370365,1.0
2ce6a0f2,multi-session,rrf_sentence,0.0,0.25,0.11751610475642714,1.0
2ce6a0f2,multi-session,rrf_cards_hand,0.25,0.25,0.15101961822780524,0.75
2ce6a0f2,multi-session,rrf_cards_m11,0.0,0.25,0.11751610475642714,1.0
2ce6a0f2,multi-session,rrf_cards_m13,0.0,0.25,0.11751610475642714,1.0
2ce6a0f2,multi-session,rrf_cards_m17,0.0,0.25,0.11751610475642714,1.0
2ce6a0f2,multi-session,rrf_turn_route,0.25,0.75,0.4303349101522581,1.0
2ce6a0f2,multi-session,dense_session_mean,,,,1.0
2ce6a0f2,multi-session,bm25_session,,,,0.75
gpt4_d12ceb0e,multi-session,turn,0.3333333333333333,0.3333333333333333,0.18154179253735267,0.6666666666666666
gpt4_d12ceb0e,multi-session,sentence,0.3333333333333333,0.6666666666666666,0.4632423659320675,1.0
gpt4_d12ceb0e,multi-session,cards_hand,0.3333333333333333,0.6666666666666666,0.431733884398313,1.0
gpt4_d12ceb0e,multi-session,pos_hand,0.3333333333333333,0.6666666666666666,0.431733884398313,1.0
gpt4_d12ceb0e,multi-session,cards_m11,0.6666666666666666,0.6666666666666666,0.4776237035032179,0.6666666666666666
gpt4_d12ceb0e,multi-session,pos_m11,0.6666666666666666,0.6666666666666666,0.4776237035032179,0.6666666666666666
gpt4_d12ceb0e,multi-session,cards_m13,0.6666666666666666,0.6666666666666666,0.4776237035032179,0.6666666666666666
gpt4_d12ceb0e,multi-session,pos_m13,0.3333333333333333,0.3333333333333333,0.2960819109658652,0.6666666666666666
gpt4_d12ceb0e,multi-session,cards_m17,0.6666666666666666,1.0,0.618890676363047,1.0
gpt4_d12ceb0e,multi-session,pos_m17,0.3333333333333333,0.6666666666666666,0.431733884398313,1.0
gpt4_d12ceb0e,multi-session,bm25_turn,0.3333333333333333,1.0,0.7720911544214064,0.6666666666666666
gpt4_d12ceb0e,multi-session,bm25_cards_hand,0.6666666666666666,1.0,0.5780136823717549,0.6666666666666666
gpt4_d12ceb0e,multi-session,rrf_turn,0.6666666666666666,1.0,0.6256646589861505,0.6666666666666666
gpt4_d12ceb0e,multi-session,rrf_sentence,0.6666666666666666,1.0,0.8072467605676945,1.0
gpt4_d12ceb0e,multi-session,rrf_cards_hand,0.6666666666666666,1.0,0.6447841584694202,1.0
gpt4_d12ceb0e,multi-session,rrf_cards_m11,0.6666666666666666,1.0,0.8194270280062366,1.0
gpt4_d12ceb0e,multi-session,rrf_cards_m13,0.6666666666666666,1.0,0.7988614740430418,0.6666666666666666
gpt4_d12ceb0e,multi-session,rrf_cards_m17,0.6666666666666666,1.0,0.8278123145308894,1.0
gpt4_d12ceb0e,multi-session,rrf_turn_route,0.6666666666666666,1.0,0.6340499455108034,1.0
gpt4_d12ceb0e,multi-session,dense_session_mean,,,,0.3333333333333333
gpt4_d12ceb0e,multi-session,bm25_session,,,,0.6666666666666666
00ca467f,multi-session,turn,0.0,0.5,0.20438239758848611,1.0
00ca467f,multi-session,sentence,1.0,1.0,0.6509209298071326,1.0
00ca467f,multi-session,cards_hand,1.0,1.0,0.6934264036172708,1.0
00ca467f,multi-session,pos_hand,0.5,1.0,0.6052602440527057,1.0
00ca467f,multi-session,cards_m11,1.0,1.0,0.6240505200038379,1.0
00ca467f,multi-session,pos_m11,0.5,1.0,0.8175295903539445,1.0
00ca467f,multi-session,cards_m13,1.0,1.0,1.0,1.0
00ca467f,multi-session,pos_m13,1.0,1.0,0.8772153153380493,1.0
00ca467f,multi-session,cards_m17,0.5,1.0,0.6052602440527057,1.0
00ca467f,multi-session,pos_m17,0.5,1.0,0.6052602440527057,1.0
00ca467f,multi-session,bm25_turn,0.0,1.0,0.39780880120575696,1.0
00ca467f,multi-session,bm25_cards_hand,0.0,1.0,0.41183384043543503,0.6666666666666666
00ca467f,multi-session,rrf_turn,0.5,0.5,0.38685280723454163,1.0
00ca467f,multi-session,rrf_sentence,1.0,1.0,1.0,1.0
00ca467f,multi-session,rrf_cards_hand,1.0,1.0,0.9197207891481876,1.0
00ca467f,multi-session,rrf_cards_m11,1.0,1.0,0.9197207891481876,1.0
00ca467f,multi-session,rrf_cards_m13,1.0,1.0,1.0,1.0
00ca467f,multi-session,rrf_cards_m17,1.0,1.0,1.0,1.0
00ca467f,multi-session,rrf_turn_route,0.5,0.5,0.38685280723454163,1.0
00ca467f,multi-session,dense_session_mean,,,,0.6666666666666666
00ca467f,multi-session,bm25_session,,,,0.6666666666666666
b3c15d39,multi-session,turn,0.5,0.5,0.2640681225725909,1.0
b3c15d39,multi-session,sentence,1.0,1.0,1.0,1.0
b3c15d39,multi-session,cards_hand,1.0,1.0,1.0,1.0
b3c15d39,multi-session,pos_hand,1.0,1.0,1.0,1.0
b3c15d39,multi-session,cards_m11,1.0,1.0,0.8503449055347546,1.0
b3c15d39,multi-session,pos_m11,1.0,1.0,1.0,1.0
b3c15d39,multi-session,cards_m13,1.0,1.0,0.8503449055347546,1.0
b3c15d39,multi-session,pos_m13,1.0,1.0,1.0,1.0
b3c15d39,multi-session,cards_m17,1.0,1.0,1.0,1.0
b3c15d39,multi-session,pos_m17,1.0,1.0,0.9197207891481876,1.0
b3c15d39,multi-session,bm25_turn,1.0,1.0,0.8503449055347546,1.0
b3c15d39,multi-session,bm25_cards_hand,0.5,1.0,0.8315546295836225,1.0
b3c15d39,multi-session,rrf_turn,0.5,1.0,0.6052602440527057,1.0
b3c15d39,multi-session,rrf_sentence,1.0,1.0,1.0,1.0
b3c15d39,multi-session,rrf_cards_hand,1.0,1.0,1.0,1.0
b3c15d39,multi-session,rrf_cards_m11,1.0,1.0,1.0,1.0
b3c15d39,multi-session,rrf_cards_m13,1.0,1.0,1.0,1.0
b3c15d39,multi-session,rrf_cards_m17,1.0,1.0,1.0,1.0
b3c15d39,multi-session,rrf_turn_route,1.0,1.0,0.6934264036172708,1.0
b3c15d39,multi-session,dense_session_mean,,,,1.0
b3c15d39,multi-session,bm25_session,,,,1.0
gpt4_31ff4165,multi-session,turn,0.0,0.16666666666666666,0.10086747116627115,0.8
gpt4_31ff4165,multi-session,sentence,0.16666666666666666,0.3333333333333333,0.22578419899983795,0.6
gpt4_31ff4165,multi-session,cards_hand,0.16666666666666666,0.3333333333333333,0.22578419899983795,0.6
gpt4_31ff4165,multi-session,pos_hand,0.16666666666666666,0.3333333333333333,0.22578419899983795,0.6
gpt4_31ff4165,multi-session,cards_m11,0.16666666666666666,0.3333333333333333,0.23811292043488155,0.6
gpt4_31ff4165,multi-session,pos_m11,0.16666666666666666,0.3333333333333333,0.23811292043488155,0.6
gpt4_31ff4165,multi-session,cards_m13,0.0,0.3333333333333333,0.18833918526767932,0.6
gpt4_31ff4165,multi-session,pos_m13,0.0,0.3333333333333333,0.18833918526767932,0.6
gpt4_31ff4165,multi-session,cards_m17,0.0,0.3333333333333333,0.198881557747969,0.6
gpt4_31ff4165,multi-session,pos_m17,0.16666666666666666,0.3333333333333333,0.20815499636142162,0.6
gpt4_31ff4165,multi-session,bm25_turn,0.0,0.16666666666666666,0.09546043308946733,0.8
gpt4_31ff4165,multi-session,bm25_cards_hand,0.0,0.0,0.0,0.8
gpt4_31ff4165,multi-session,rrf_turn,0.0,0.16666666666666666,0.10086747116627115,1.0
gpt4_31ff4165,multi-session,rrf_sentence,0.16666666666666666,0.3333333333333333,0.2521686779156779,0.8
gpt4_31ff4165,multi-session,rrf_cards_hand,0.0,0.0,0.0,0.6
gpt4_31ff4165,multi-session,rrf_cards_m11,0.3333333333333333,0.3333333333333333,0.26836379988737025,0.8
gpt4_31ff4165,multi-session,rrf_cards_m13,0.0,0.3333333333333333,0.20865662569078208,1.0
gpt4_31ff4165,multi-session,rrf_cards_m17,0.16666666666666666,0.3333333333333333,0.22485174766247445,0.8
gpt4_31ff4165,multi-session,rrf_turn_route,0.16666666666666666,0.3333333333333333,0.2521686779156779,0.8
gpt4_31ff4165,multi-session,dense_session_mean,,,,0.8
gpt4_31ff4165,multi-session,bm25_session,,,,0.6
eeda8a6d,multi-session,turn,0.0,1.0,0.39780880120575696,1.0
eeda8a6d,multi-session,sentence,0.5,1.0,0.46845052016107697,1.0
eeda8a6d,multi-session,cards_hand,1.0,1.0,0.8503449055347546,1.0
eeda8a6d,multi-session,pos_hand,0.5,1.0,0.46845052016107697,1.0
eeda8a6d,multi-session,cards_m11,0.5,1.0,0.46845052016107697,1.0
eeda8a6d,multi-session,pos_m11,0.5,1.0,0.46845052016107697,1.0
eeda8a6d,multi-session,cards_m13,0.5,1.0,0.8065735963827293,1.0
eeda8a6d,multi-session,pos_m13,0.0,1.0,0.39780880120575696,1.0
eeda8a6d,multi-session,cards_m17,0.0,1.0,0.41183384043543503,1.0
eeda8a6d,multi-session,pos_m17,0.0,1.0,0.41183384043543503,1.0
eeda8a6d,multi-session,bm25_turn,0.5,0.5,0.3065735963827292,1.0
eeda8a6d,multi-session,bm25_cards_hand,0.0,0.5,0.17723928678404774,1.0
eeda8a6d,multi-session,rrf_turn,0.5,0.5,0.38685280723454163,1.0
eeda8a6d,multi-session,rrf_sentence,0.5,0.5,0.38685280723454163,1.0
eeda8a6d,multi-session,rrf_cards_hand,0.5,0.5,0.38685280723454163,1.0
eeda8a6d,multi-session,rrf_cards_m11,0.5,0.5,0.38685280723454163,1.0
eeda8a6d,multi-session,rrf_cards_m13,0.5,0.5,0.6131471927654584,1.0
eeda8a6d,multi-session,rrf_cards_m17,0.5,0.5,0.38685280723454163,1.0
eeda8a6d,multi-session,rrf_turn_route,0.5,0.5,0.38685280723454163,1.0
eeda8a6d,multi-session,dense_session_mean,,,,1.0
eeda8a6d,multi-session,bm25_session,,,,1.0
2788b940,multi-session,turn,0.2,0.4,0.2442584792702138,0.75
2788b940,multi-session,sentence,0.0,0.0,0.0,0.5
2788b940,multi-session,cards_hand,0.0,0.0,0.0,0.5
2788b940,multi-session,pos_hand,0.0,0.0,0.0,0.5
2788b940,multi-session,cards_m11,0.0,0.0,0.0,0.5
2788b940,multi-session,pos_m11,0.0,0.0,0.0,0.5
2788b940,multi-session,cards_m13,0.0,0.0,0.0,0.5
2788b940,multi-session,pos_m13,0.0,0.0,0.0,0.5
2788b940,multi-session,cards_m17,0.0,0.0,0.0,0.5
2788b940,multi-session,pos_m17,0.0,0.0,0.0,0.5
2788b940,multi-session,bm25_turn,0.0,0.0,0.0,0.75
2788b940,multi-session,bm25_cards_hand,0.0,0.0,0.0,0.5
2788b940,multi-session,rrf_turn,0.2,0.4,0.22924436334369883,1.0
2788b940,multi-session,rrf_sentence,0.0,0.2,0.09803928583135704,1.0
2788b940,multi-session,rrf_cards_hand,0.0,0.0,0.0,0.75
2788b940,multi-session,rrf_cards_m11,0.0,0.2,0.1208113026994942,1.0
2788b940,multi-session,rrf_cards_m13,0.0,0.0,0.0,1.0
2788b940,multi-session,rrf_cards_m17,0.0,0.2,0.10209739512291163,1.0
2788b940,multi-session,rrf_turn_route,0.2,0.6,0.3896266367619438,1.0
2788b940,multi-session,dense_session_mean,,,,1.0
2788b940,multi-session,bm25_session,,,,0.75
60bf93ed,multi-session,turn,1.0,1.0,0.5012658353418871,1.0
60bf93ed,multi-session,sentence,1.0,1.0,1.0,1.0
60bf93ed,multi-session,cards_hand,1.0,1.0,1.0,1.0
60bf93ed,multi-session,pos_hand,1.0,1.0,0.9197207891481876,1.0
60bf93ed,multi-session,cards_m11,1.0,1.0,1.0,1.0
60bf93ed,multi-session,pos_m11,1.0,1.0,1.0,1.0
60bf93ed,multi-session,cards_m13,1.0,1.0,0.9197207891481876,1.0
60bf93ed,multi-session,pos_m13,1.0,1.0,0.9197207891481876,1.0
60bf93ed,multi-session,cards_m17,1.0,1.0,1.0,1.0
60bf93ed,multi-session,pos_m17,1.0,1.0,1.0,1.0
60bf93ed,multi-session,bm25_turn,1.0,1.0,0.9197207891481876,1.0
60bf93ed,multi-session,bm25_cards_hand,1.0,1.0,1.0,1.0
60bf93ed,multi-session,rrf_turn,1.0,1.0,0.6934264036172708,1.0
60bf93ed,multi-session,rrf_sentence,1.0,1.0,1.0,1.0
60bf93ed,multi-session,rrf_cards_hand,1.0,1.0,1.0,1.0
60bf93ed,multi-session,rrf_cards_m11,1.0,1.0,1.0,1.0
60bf93ed,multi-session,rrf_cards_m13,1.0,1.0,1.0,1.0
60bf93ed,multi-session,rrf_cards_m17,1.0,1.0,1.0,1.0
60bf93ed,multi-session,rrf_turn_route,1.0,1.0,0.6934264036172708,1.0
60bf93ed,multi-session,dense_session_mean,,,,1.0
60bf93ed,multi-session,bm25_session,,,,1.0
9d25d4e0,multi-session,turn,0.0,0.0,0.0,1.0
9d25d4e0,multi-session,sentence,0.0,0.0,0.0,1.0
9d25d4e0,multi-session,cards_hand,0.4,0.4,0.30078518014914984,1.0
9d25d4e0,multi-session,pos_hand,0.0,0.0,0.0,1.0
9d25d4e0,multi-session,cards_m11,0.0,0.2,0.1208113026994942,1.0
9d25d4e0,multi-session,pos_m11,0.0,0.0,0.0,1.0
9d25d4e0,multi-session,cards_m13,0.0,0.2,0.1208113026994942,1.0
9d25d4e0,multi-session,pos_m13,0.0,0.2,0.1208113026994942,1.0
9d25d4e0,multi-session,cards_m17,0.0,0.0,0.0,1.0
9d25d4e0,multi-session,pos_m17,0.0,0.0,0.0,1.0
9d25d4e0,multi-session,bm25_turn,0.0,0.4,0.2001366809542687,0.6666666666666666
9d25d4e0,multi-session,bm25_cards_hand,0.0,0.0,0.0,0.6666666666666666
9d25d4e0,multi-session,rrf_turn,0.0,0.0,0.0,1.0
9d25d4e0,multi-session,rrf_sentence,0.0,0.2,0.10699313236726378,1.0
9d25d4e0,multi-session,rrf_cards_hand,0.2,0.4,0.2530614822099702,1.0
9d25d4e0,multi-session,rrf_cards_m11,0.2,0.4,0.24816574496561808,1.0
9d25d4e0,multi-session,rrf_cards_m13,0.2,0.2,0.16958010263680806,1.0
9d25d4e0,multi-session,rrf_cards_m17,0.0,0.2,0.10699313236726378,1.0
9d25d4e0,multi-session,rrf_turn_route,0.6,0.8,0.6317321123369537,1.0
9d25d4e0,multi-session,dense_session_mean,,,,1.0
9d25d4e0,multi-session,bm25_session,,,,1.0
129d1232,multi-session,turn,0.3333333333333333,0.6666666666666666,0.6049306994552042,0.6666666666666666
129d1232,multi-session,sentence,1.0,1.0,1.0,1.0
129d1232,multi-session,cards_hand,0.6666666666666666,0.6666666666666666,0.7653606369886217,1.0
129d1232,multi-session,pos_hand,1.0,1.0,1.0,1.0
129d1232,multi-session,cards_m11,0.6666666666666666,1.0,0.9010126104210695,1.0
129d1232,multi-session,pos_m11,1.0,1.0,1.0,1.0
129d1232,multi-session,cards_m13,0.6666666666666666,1.0,0.9325210919548239,1.0
129d1232,multi-session,pos_m13,1.0,1.0,1.0,1.0
129d1232,multi-session,cards_m17,1.0,1.0,1.0,1.0
129d1232,multi-session,pos_m17,1.0,1.0,1.0,1.0
129d1232,multi-session,bm25_turn,0.6666666666666666,0.6666666666666666,0.7653606369886217,0.6666666666666666
129d1232,multi-session,bm25_cards_hand,0.6666666666666666,0.6666666666666666,0.7653606369886217,0.6666666666666666
129d1232,multi-session,rrf_turn,0.6666666666666666,0.6666666666666666,0.6713860725233041,0.6666666666666666
129d1232,multi-session,rrf_sentence,0.6666666666666666,1.0,0.9066276098484507,1.0
129d1232,multi-session,rrf_cards_hand,0.6666666666666666,0.6666666666666666,0.6713860725233041,1.0
129d1232,multi-session,rrf_cards_m11,0.6666666666666666,0.6666666666666666,0.7653606369886217,0.6666666666666666
129d1232,multi-session,rrf_cards_m13,0.6666666666666666,1.0,0.9010126104210695,0.6666666666666666
129d1232,multi-session,rrf_cards_m17,0.6666666666666666,1.0,0.9010126104210695,0.6666666666666666
129d1232,multi-session,rrf_turn_route,0.6666666666666666,0.6666666666666666,0.7653606369886217,0.6666666666666666
129d1232,multi-session,dense_session_mean,,,,0.3333333333333333
129d1232,multi-session,bm25_session,,,,0.6666666666666666
60472f9c,multi-session,turn,0.0,0.0,0.0,1.0
60472f9c,multi-session,sentence,0.5,1.0,0.5640920940185894,1.0
60472f9c,multi-session,cards_hand,0.5,0.5,0.38685280723454163,1.0
60472f9c,multi-session,pos_hand,0.5,0.5,0.38685280723454163,1.0
60472f9c,multi-session,cards_m11,0.5,1.0,0.5714285040141098,1.0
60472f9c,multi-session,pos_m11,0.5,1.0,0.5714285040141098,1.0
60472f9c,multi-session,cards_m13,0.5,1.0,0.5714285040141098,1.0
60472f9c,multi-session,pos_m13,0.5,1.0,0.5714285040141098,1.0
60472f9c,multi-session,cards_m17,0.5,1.0,0.5802792108518124,1.0
60472f9c,multi-session,pos_m17,0.5,1.0,0.5714285040141098,1.0
60472f9c,multi-session,bm25_turn,0.5,1.0,0.4911492931622974,1.0
60472f9c,multi-session,bm25_cards_hand,0.5,0.5,0.38685280723454163,0.6666666666666666
60472f9c,multi-session,rrf_turn,0.0,0.0,0.0,1.0
60472f9c,multi-session,rrf_sentence,0.5,1.0,0.5,1.0
60472f9c,multi-session,rrf_cards_hand,0.5,1.0,0.5714285040141098,1.0
60472f9c,multi-session,rrf_cards_m11,0.5,1.0,0.5109559939712153,1.0
60472f9c,multi-session,rrf_cards_m13,0.5,1.0,0.5109559939712153,1.0
60472f9c,multi-session,rrf_cards_m17,0.5,1.0,0.5249810332008933,1.0
60472f9c,multi-session,rrf_turn_route,0.0,1.0,0.36181498356361597,1.0
60472f9c,multi-session,dense_session_mean,,,,0.6666666666666666
60472f9c,multi-session,bm25_session,,,,1.0
gpt4_194be4b3,multi-session,turn,0.25,0.5,0.5032251913410369,0.8
gpt4_194be4b3,multi-session,sentence,0.25,0.5,0.369453583111095,1.0
gpt4_194be4b3,multi-session,cards_hand,0.25,0.5,0.35914753008966527,1.0
gpt4_194be4b3,multi-session,pos_hand,0.25,0.25,0.24630238874073,1.0
gpt4_194be4b3,multi-session,cards_m11,0.0,0.5,0.2406672991267921,1.0
gpt4_194be4b3,multi-session,pos_m11,0.0,0.5,0.2406672991267921,1.0
gpt4_194be4b3,multi-session,cards_m13,0.0,0.25,0.13905617951077562,1.0
gpt4_194be4b3,multi-session,pos_m13,0.0,0.25,0.13012668333070054,1.0
gpt4_194be4b3,multi-session,cards_m17,0.25,0.5,0.3764290720714305,1.0
gpt4_194be4b3,multi-session,pos_m17,0.25,0.5,0.369453583111095,1.0
gpt4_194be4b3,multi-session,bm25_turn,0.0,0.0,0.0,0.2
gpt4_194be4b3,multi-session,bm25_cards_hand,0.0,0.0,0.0,0.2
gpt4_194be4b3,multi-session,rrf_turn,0.0,0.25,0.123151194370365,0.6
gpt4_194be4b3,multi-session,rrf_sentence,0.25,0.5,0.28097267762005274,0.8
gpt4_194be4b3,multi-session,rrf_cards_hand,0.25,0.5,0.5032251913410369,0.6
gpt4_194be4b3,multi-session,rrf_cards_m11,0.0,0.5,0.25190132085971084,0.8
gpt4_194be4b3,multi-session,rrf_cards_m13,0.0,0.25,0.13905617951077562,0.6
gpt4_194be4b3,multi-session,rrf_cards_m17,0.25,0.5,0.28097267762005274,0.8
gpt4_194be4b3,multi-session,rrf_turn_route,0.25,0.25,0.19519002499605084,0.4
gpt4_194be4b3,multi-session,dense_session_mean,,,,1.0
gpt4_194be4b3,multi-session,bm25_session,,,,0.4
a9f6b44c,multi-session,turn,0.0,0.5,0.23599633571930026,1.0
a9f6b44c,multi-session,sentence,0.5,0.5,0.44149241373678083,1.0
a9f6b44c,multi-session,cards_hand,0.5,0.5,0.4144299250118475,1.0
a9f6b44c,multi-session,pos_hand,0.5,0.5,0.44149241373678083,1.0
a9f6b44c,multi-session,cards_m11,0.25,0.5,0.28097267762005274,1.0
a9f6b44c,multi-session,pos_m11,0.25,0.5,0.35914753008966527,1.0
a9f6b44c,multi-session,cards_m13,0.25,0.5,0.312706129752478,1.0
a9f6b44c,multi-session,pos_m13,0.25,0.25,0.24630238874073,1.0
a9f6b44c,multi-session,cards_m17,0.5,0.5,0.44149241373678083,1.0
a9f6b44c,multi-session,pos_m17,0.5,0.5,0.44149241373678083,1.0
a9f6b44c,multi-session,bm25_turn,0.0,0.25,0.13905617951077562,0.3333333333333333
a9f6b44c,multi-session,bm25_cards_hand,0.0,0.0,0.0,0.0
a9f6b44c,multi-session,rrf_turn,0.25,0.75,0.626376385711402,0.6666666666666666
a9f6b44c,multi-session,rrf_sentence,0.75,0.75,0.787702056960637,0.6666666666666666
a9f6b44c,multi-session,rrf_cards_hand,0.0,0.25,0.13012668333070054,1.0
a9f6b44c,multi-session,rrf_cards_m11,0.25,0.75,0.5085097626218706,0.6666666666666666
a9f6b44c,multi-session,rrf_cards_m13,0.5,0.75,0.5274486902992358,0.6666666666666666
a9f6b44c,multi-session,rrf_cards_m17,0.75,0.75,0.8048099750039491,0.6666666666666666
a9f6b44c,multi-session,rrf_turn_route,0.5,0.75,0.6804558477306826,0.6666666666666666
a9f6b44c,multi-session,dense_session_mean,,,,1.0
a9f6b44c,multi-session,bm25_session,,,,0.6666666666666666
d851d5ba,multi-session,turn,0.0,0.75,0.369417425616138,1.0
d851d5ba,multi-session,sentence,0.5,1.0,0.6325004241086445,1.0
d851d5ba,multi-session,cards_hand,0.5,0.5,0.36331756126716835,1.0
d851d5ba,multi-session,pos_hand,0.5,0.5,0.36331756126716835,1.0
d851d5ba,multi-session,cards_m11,0.5,0.5,0.4144299250118475,1.0
d851d5ba,multi-session,pos_m11,0.5,0.5,0.4144299250118475,1.0
d851d5ba,multi-session,cards_m13,1.0,1.0,0.7606395682357036,1.0
d851d5ba,multi-session,pos_m13,0.75,1.0,0.7045057227504283,1.0
d851d5ba,multi-session,cards_m17,0.5,0.5,0.36331756126716835,1.0
d851d5ba,multi-session,pos_m17,0.5,0.5,0.36331756126716835,1.0
d851d5ba,multi-session,bm25_turn,0.75,0.75,0.6096199500078984,1.0
d851d5ba,multi-session,bm25_cards_hand,0.0,0.25,0.13905617951077562,0.75
d851d5ba,multi-session,rrf_turn,0.5,0.75,0.44229834886928765,1.0
d851d5ba,multi-session,rrf_sentence,0.75,0.75,0.592512031964586,1.0
d851d5ba,multi-session,rrf_cards_hand,0.5,0.75,0.4761627026161036,1.0
d851d5ba,multi-session,rrf_cards_m11,0.5,0.75,0.5375811193822125,1.0
d851d5ba,multi-session,rrf_cards_m13,0.75,0.75,0.6096199500078984,1.0
d851d5ba,multi-session,rrf_cards_m17,0.5,0.75,0.5375811193822125,1.0
d851d5ba,multi-session,rrf_turn_route,0.75,1.0,0.9279611693743142,1.0
d851d5ba,multi-session,dense_session_mean,,,,1.0
d851d5ba,multi-session,bm25_session,,,,1.0
5a7937c8,multi-session,turn,0.3333333333333333,0.6666666666666666,0.617319681505689,1.0
5a7937c8,multi-session,sentence,0.6666666666666666,0.6666666666666666,0.7653606369886217,1.0
5a7937c8,multi-session,cards_hand,0.6666666666666666,0.6666666666666666,0.7653606369886217,1.0
5a7937c8,multi-session,pos_hand,0.6666666666666666,0.6666666666666666,0.7653606369886217,1.0
5a7937c8,multi-session,cards_m11,0.6666666666666666,0.6666666666666666,0.7653606369886217,1.0
5a7937c8,multi-session,pos_m11,0.6666666666666666,0.6666666666666666,0.7653606369886217,1.0
5a7937c8,multi-session,cards_m13,0.6666666666666666,1.0,0.9134015924715543,1.0
5a7937c8,multi-session,pos_m13,0.6666666666666666,0.6666666666666666,0.7653606369886217,1.0
5a7937c8,multi-session,cards_m17,0.3333333333333333,0.3333333333333333,0.46927872602275644,1.0
5a7937c8,multi-session,pos_m17,0.3333333333333333,0.3333333333333333,0.46927872602275644,1.0
5a7937c8,multi-session,bm25_turn,0.6666666666666666,1.0,0.8278123145308894,1.0
5a7937c8,multi-session,bm25_cards_hand,0.3333333333333333,0.3333333333333333,0.2960819109658652,0.6666666666666666
5a7937c8,multi-session,rrf_turn,0.6666666666666666,1.0,0.9217868789962071,1.0
5a7937c8,multi-session,rrf_sentence,1.0,1.0,0.8854598815714874,1.0
5a7937c8,multi-session,rrf_cards_hand,1.0,1.0,0.6797310500037655,1.0
5a7937c8,multi-session,rrf_cards_m11,0.6666666666666666,1.0,0.8710785440003369,1.0
5a7937c8,multi-session,rrf_cards_m13,1.0,1.0,1.0,1.0
5a7937c8,multi-session,rrf_cards_m17,0.3333333333333333,1.0,0.619668607939653,1.0
5a7937c8,multi-session,rrf_turn_route,1.0,1.0,0.9674679834891693,1.0
5a7937c8,multi-session,dense_session_mean,,,,1.0
5a7937c8,multi-session,bm25_session,,,,1.0
gpt4_ab202e7f,multi-session,turn,0.2,0.6,0.42507895232375664,0.6
gpt4_ab202e7f,multi-session,sentence,0.2,0.2,0.3391602052736161,0.8
gpt4_ab202e7f,multi-session,cards_hand,0.2,0.4,0.3120255505658846,0.8
gpt4_ab202e7f,multi-session,pos_hand,0.2,0.4,0.3120255505658846,0.6
gpt4_ab202e7f,multi-session,cards_m11,0.2,0.4,0.4412576003965278,0.6
gpt4_ab202e7f,multi-session,pos_m11,0.2,0.4,0.31608365985743925,0.6
gpt4_ab202e7f,multi-session,cards_m13,0.0,0.2,0.1208113026994942,0.6
gpt4_ab202e7f,multi-session,pos_m13,0.0,0.2,0.10699313236726378,0.6
gpt4_ab202e7f,multi-session,cards_m17,0.2,0.2,0.21398626473452756,0.8
gpt4_ab202e7f,multi-session,pos_m17,0.2,0.2,0.21398626473452756,0.8
gpt4_ab202e7f,multi-session,bm25_turn,0.2,0.2,0.13120507751234178,0.4
gpt4_ab202e7f,multi-session,bm25_cards_hand,0.2,0.2,0.21398626473452756,0.4
gpt4_ab202e7f,multi-session,rrf_turn,0.4,0.4,0.34519134224686937,0.6
gpt4_ab202e7f,multi-session,rrf_sentence,0.2,0.4,0.32703966649239957,0.6
gpt4_ab202e7f,multi-session,rrf_cards_hand,0.2,0.4,0.45221360703148816,0.6
gpt4_ab202e7f,multi-session,rrf_cards_m11,0.2,0.4,0.32703966649239957,0.6
gpt4_ab202e7f,multi-session,rrf_cards_m13,0.2,0.2,0.16958010263680806,0.6
gpt4_ab202e7f,multi-session,rrf_cards_m17,0.2,0.2,0.21398626473452756,0.6
gpt4_ab202e7f,multi-session,rrf_turn_route,0.4,0.4,0.48522855511632257,0.6
gpt4_ab202e7f,multi-session,dense_session_mean,,,,0.6
gpt4_ab202e7f,multi-session,bm25_session,,,,0.6
gpt4_e05b82a6,multi-session,turn,0.75,1.0,0.8756458727267334,1.0
gpt4_e05b82a6,multi-session,sentence,1.0,1.0,0.9828920819566879,1.0
gpt4_e05b82a6,multi-session,cards_hand,1.0,1.0,0.9558295932317544,1.0
gpt4_e05b82a6,multi-session,pos_hand,1.0,1.0,0.9558295932317544,1.0
gpt4_e05b82a6,multi-session,cards_m11,1.0,1.0,0.9558295932317544,1.0
gpt4_e05b82a6,multi-session,pos_m11,1.0,1.0,0.9558295932317544,1.0
gpt4_e05b82a6,multi-session,cards_m13,1.0,1.0,0.9828920819566879,1.0
gpt4_e05b82a6,multi-session,pos_m13,1.0,1.0,0.9828920819566879,1.0
gpt4_e05b82a6,multi-session,cards_m17,1.0,1.0,0.9558295932317544,1.0
gpt4_e05b82a6,multi-session,pos_m17,1.0,1.0,0.9558295932317544,1.0
gpt4_e05b82a6,multi-session,bm25_turn,0.5,0.5,0.4144299250118475,0.75
gpt4_e05b82a6,multi-session,bm25_cards_hand,0.25,0.5,0.5205067333228022,0.5
gpt4_e05b82a6,multi-session,rrf_turn,0.75,1.0,0.7226387152952866,1.0
gpt4_e05b82a6,multi-session,rrf_sentence,0.75,1.0,0.910853251331002,1.0
gpt4_e05b82a6,multi-session,rrf_cards_hand,0.5,0.75,0.7246262544989281,0.75
gpt4_e05b82a6,multi-session,rrf_cards_m11,0.75,1.0,0.715663226334951,1.0
gpt4_e05b82a6,multi-session,rrf_cards_m13,0.75,1.0,0.8597408875863228,1.0
gpt4_e05b82a6,multi-session,rrf_cards_m17,0.75,1.0,0.715663226334951,1.0
gpt4_e05b82a6,multi-session,rrf_turn_route,1.0,1.0,1.0,1.0
gpt4_e05b82a6,multi-session,dense_session_mean,,,,0.75
gpt4_e05b82a6,multi-session,bm25_session,,,,1.0
gpt4_731e37d7,multi-session,turn,0.0,0.0,0.0,0.75
gpt4_731e37d7,multi-session,sentence,0.25,0.25,0.24630238874073,1.0
gpt4_731e37d7,multi-session,cards_hand,0.0,0.0,0.0,1.0
gpt4_731e37d7,multi-session,pos_hand,0.0,0.0,0.0,1.0
gpt4_731e37d7,multi-session,cards_m11,0.25,0.25,0.3903800499921017,1.0
gpt4_731e37d7,multi-session,pos_m11,0.0,0.0,0.0,1.0
gpt4_731e37d7,multi-session,cards_m13,0.0,0.0,0.0,0.75
gpt4_731e37d7,multi-session,pos_m13,0.0,0.0,0.0,1.0
gpt4_731e37d7,multi-session,cards_m17,0.25,0.25,0.24630238874073,0.75
gpt4_731e37d7,multi-session,pos_m17,0.0,0.0,0.0,0.75
gpt4_731e37d7,multi-session,bm25_turn,0.0,0.0,0.0,0.5
gpt4_731e37d7,multi-session,bm25_cards_hand,0.0,0.0,0.0,0.75
gpt4_731e37d7,multi-session,rrf_turn,0.0,0.0,0.0,0.75
gpt4_731e37d7,multi-session,rrf_sentence,0.0,0.0,0.0,0.75
gpt4_731e37d7,multi-session,rrf_cards_hand,0.0,0.0,0.0,0.5
gpt4_731e37d7,multi-session,rrf_cards_m11,0.0,0.0,0.0,0.75
gpt4_731e37d7,multi-session,rrf_cards_m13,0.0,0.0,0.0,0.75
gpt4_731e37d7,multi-session,rrf_cards_m17,0.0,0.0,0.0,0.75
gpt4_731e37d7,multi-session,rrf_turn_route,0.0,0.25,0.13012668333070054,0.75
gpt4_731e37d7,multi-session,dense_session_mean,,,,0.75
gpt4_731e37d7,multi-session,bm25_session,,,,0.75
edced276,multi-session,turn,0.6666666666666666,0.6666666666666666,0.4776237035032179,1.0
edced276,multi-session,sentence,0.6666666666666666,1.0,0.6719882468370725,1.0
edced276,multi-session,cards_hand,0.6666666666666666,1.0,0.6719882468370725,1.0
edced276,multi-session,pos_hand,0.6666666666666666,1.0,0.6719882468370725,1.0
edced276,multi-session,cards_m11,0.6666666666666666,0.6666666666666666,0.5307212739772434,1.0
edced276,multi-session,pos_m11,0.6666666666666666,0.6666666666666666,0.5307212739772434,1.0
edced276,multi-session,cards_m13,0.6666666666666666,1.0,0.6871475159848289,1.0
edced276,multi-session,pos_m13,0.6666666666666666,0.6666666666666666,0.5307212739772434,1.0
edced276,multi-session,cards_m17,0.6666666666666666,0.6666666666666666,0.5307212739772434,1.0
edced276,multi-session,pos_m17,0.6666666666666666,0.6666666666666666,0.5307212739772434,1.0
edced276,multi-session,bm25_turn,0.3333333333333333,0.3333333333333333,0.46927872602275644,1.0
edced276,multi-session,bm25_cards_hand,0.3333333333333333,0.3333333333333333,0.23463936301137822,0.5
edced276,multi-session,rrf_turn,0.3333333333333333,0.6666666666666666,0.6364391809889587,1.0
edced276,multi-session,rrf_sentence,0.3333333333333333,0.6666666666666666,0.6364391809889587,1.0
edced276,multi-session,rrf_cards_hand,0.3333333333333333,0.6666666666666666,0.617319681505689,1.0
edced276,multi-session,rrf_cards_m11,0.3333333333333333,0.6666666666666666,0.6364391809889587,1.0
edced276,multi-session,rrf_cards_m13,0.6666666666666666,0.6666666666666666,0.6508205185601091,1.0
edced276,multi-session,rrf_cards_m17,0.6666666666666666,0.6666666666666666,0.6508205185601091,1.0
edced276,multi-session,rrf_turn_route,0.6666666666666666,0.6666666666666666,0.6713860725233041,1.0
edced276,multi-session,dense_session_mean,,,,1.0
edced276,multi-session,bm25_session,,,,1.0
10d9b85a,multi-session,turn,0.0,0.0,0.0,0.5
10d9b85a,multi-session,sentence,0.0,0.0,0.0,0.5
10d9b85a,multi-session,cards_hand,0.0,0.0,0.0,0.5
10d9b85a,multi-session,pos_hand,0.0,0.0,0.0,0.5
10d9b85a,multi-session,cards_m11,0.0,0.0,0.0,0.5
10d9b85a,multi-session,pos_m11,0.0,0.0,0.0,0.5
10d9b85a,multi-session,cards_m13,0.0,0.0,0.0,0.5
10d9b85a,multi-session,pos_m13,0.0,0.0,0.0,0.5
10d9b85a,multi-session,cards_m17,0.0,0.0,0.0,0.5
10d9b85a,multi-session,pos_m17,0.0,0.0,0.0,0.5
10d9b85a,multi-session,bm25_turn,0.0,0.5,0.17723928678404774,0.0
10d9b85a,multi-session,bm25_cards_hand,0.0,0.0,0.0,0.0
10d9b85a,multi-session,rrf_turn,0.0,0.0,0.0,0.0
10d9b85a,multi-session,rrf_sentence,0.0,0.0,0.0,0.5
10d9b85a,multi-session,rrf_cards_hand,0.0,0.0,0.0,0.5
10d9b85a,multi-session,rrf_cards_m11,0.0,0.0,0.0,0.5
10d9b85a,multi-session,rrf_cards_m13,0.0,0.0,0.0,0.5
10d9b85a,multi-session,rrf_cards_m17,0.0,0.0,0.0,0.5
10d9b85a,multi-session,rrf_turn_route,0.5,0.5,0.23719771276929622,0.5
10d9b85a,multi-session,dense_session_mean,,,,0.0
10d9b85a,multi-session,bm25_session,,,,0.5
e3038f8c,multi-session,turn,0.0,0.25,0.13905617951077562,0.75
e3038f8c,multi-session,sentence,0.25,0.75,0.39399144290744104,1.0
e3038f8c,multi-session,cards_hand,0.25,0.75,0.4029209390875161,1.0
e3038f8c,multi-session,pos_hand,0.5,0.5,0.3191471544989227,1.0
e3038f8c,multi-session,cards_m11,0.25,0.5,0.2811463015585058,1.0
e3038f8c,multi-session,pos_m11,0.25,0.5,0.29007579773858083,1.0
e3038f8c,multi-session,cards_m13,0.25,0.5,0.2685357229842324,1.0
e3038f8c,multi-session,pos_m13,0.0,0.25,0.11751610475642714,1.0
e3038f8c,multi-session,cards_m17,0.25,0.5,0.2685357229842324,1.0
e3038f8c,multi-session,pos_m17,0.25,0.5,0.2685357229842324,1.0
e3038f8c,multi-session,bm25_turn,0.0,0.25,0.11284514134893527,0.75
e3038f8c,multi-session,bm25_cards_hand,0.25,0.25,0.24630238874073,0.5
e3038f8c,multi-session,rrf_turn,0.0,0.25,0.13905617951077562,0.75
e3038f8c,multi-session,rrf_sentence,0.0,0.5,0.23599633571930026,0.75
e3038f8c,multi-session,rrf_cards_hand,0.25,0.5,0.35914753008966527,1.0
e3038f8c,multi-session,rrf_cards_m11,0.0,0.5,0.2476427880871277,0.75
e3038f8c,multi-session,rrf_cards_m13,0.0,0.5,0.23599633571930026,0.75
e3038f8c,multi-session,rrf_cards_m17,0.0,0.5,0.23599633571930026,0.75
e3038f8c,multi-session,rrf_turn_route,0.25,0.5,0.28097267762005274,1.0
e3038f8c,multi-session,dense_session_mean,,,,0.75
e3038f8c,multi-session,bm25_session,,,,0.75
2b8f3739,multi-session,turn,0.3333333333333333,1.0,0.5239472913541398,1.0
2b8f3739,multi-session,sentence,0.6666666666666666,1.0,0.9217868789962071,1.0
2b8f3739,multi-session,cards_hand,1.0,1.0,0.8529278650606567,1.0
2b8f3739,multi-session,pos_hand,0.6666666666666666,1.0,0.6447841584694202,1.0
2b8f3739,multi-session,cards_m11,0.6666666666666666,1.0,0.9325210919548239,1.0
2b8f3739,multi-session,pos_m11,0.6666666666666666,1.0,0.9325210919548239,1.0
2b8f3739,multi-session,cards_m13,0.3333333333333333,1.0,0.4899692203633839,1.0
2b8f3739,multi-session,pos_m13,0.6666666666666666,1.0,0.5508095940041026,1.0
2b8f3739,multi-session,cards_m17,0.6666666666666666,1.0,0.9325210919548239,1.0
2b8f3739,multi-session,pos_m17,0.6666666666666666,1.0,0.9325210919548239,1.0
2b8f3739,multi-session,bm25_turn,0.3333333333333333,0.3333333333333333,0.23463936301137822,0.6666666666666666
2b8f3739,multi-session,bm25_cards_hand,0.0,0.3333333333333333,0.15642624200758548,0.6666666666666666
2b8f3739,multi-session,rrf_turn,0.3333333333333333,1.0,0.49418556194058083,1.0
2b8f3739,multi-session,rrf_sentence,0.3333333333333333,0.6666666666666666,0.6364391809889587,1.0
2b8f3739,multi-session,rrf_cards_hand,0.3333333333333333,0.3333333333333333,0.2960819109658652,0.6666666666666666
2b8f3739,multi-session,rrf_cards_m11,0.3333333333333333,0.6666666666666666,0.6364391809889587,1.0
2b8f3739,multi-session,rrf_cards_m13,0.3333333333333333,0.6666666666666666,0.431733884398313,0.6666666666666666
2b8f3739,multi-session,rrf_cards_m17,0.3333333333333333,0.6666666666666666,0.6364391809889587,1.0
2b8f3739,multi-session,rrf_turn_route,0.6666666666666666,1.0,0.5833416105149332,1.0
2b8f3739,multi-session,dense_session_mean,,,,0.6666666666666666
2b8f3739,multi-session,bm25_session,,,,0.6666666666666666
1a8a66a6,multi-session,turn,0.0,0.0,0.0,0.5
1a8a66a6,multi-session,sentence,0.6666666666666666,0.6666666666666666,0.7653606369886217,0.5
1a8a66a6,multi-session,cards_hand,0.6666666666666666,0.6666666666666666,0.7653606369886217,0.5
1a8a66a6,multi-session,pos_hand,0.6666666666666666,0.6666666666666666,0.7653606369886217,0.5
1a8a66a6,multi-session,cards_m11,0.6666666666666666,0.6666666666666666,0.7653606369886217,0.5
1a8a66a6,multi-session,pos_m11,0.6666666666666666,0.6666666666666666,0.7653606369886217,0.5
1a8a66a6,multi-session,cards_m13,0.3333333333333333,0.3333333333333333,0.46927872602275644,0.5
1a8a66a6,multi-session,pos_m13,0.3333333333333333,0.3333333333333333,0.46927872602275644,0.5
1a8a66a6,multi-session,cards_m17,0.0,0.3333333333333333,0.16716045496620227,0.25
1a8a66a6,multi-session,pos_m17,0.3333333333333333,0.6666666666666666,0.6257049680303419,0.25
1a8a66a6,multi-session,bm25_turn,0.6666666666666666,0.6666666666666666,0.49818925746641285,0.5
1a8a66a6,multi-session,bm25_cards_hand,0.0,0.0,0.0,0.25
1a8a66a6,multi-session,rrf_turn,0.6666666666666666,0.6666666666666666,0.7039180890341347,0.5
1a8a66a6,multi-session,rrf_sentence,0.6666666666666666,0.6666666666666666,0.7653606369886217,0.5
1a8a66a6,multi-session,rrf_cards_hand,0.3333333333333333,0.6666666666666666,0.4632423659320675,0.5
1a8a66a6,multi-session,rrf_cards_m11,0.6666666666666666,0.6666666666666666,0.7653606369886217,0.5
1a8a66a6,multi-session,rrf_cards_m13,0.6666666666666666,0.6666666666666666,0.7039180890341347,0.5
1a8a66a6,multi-session,rrf_cards_m17,0.6666666666666666,0.6666666666666666,0.7653606369886217,0.5
1a8a66a6,multi-session,rrf_turn_route,0.6666666666666666,0.6666666666666666,0.7653606369886217,0.5
1a8a66a6,multi-session,dense_session_mean,,,,0.25
1a8a66a6,multi-session,bm25_session,,,,0.75
c2ac3c61,multi-session,turn,0.5,1.0,0.45560514958746035,1.0
c2ac3c61,multi-session,sentence,0.5,0.5,0.6131471927654584,1.0
c2ac3c61,multi-session,cards_hand,0.5,0.5,0.38685280723454163,1.0
c2ac3c61,multi-session,pos_hand,0.5,0.5,0.38685280723454163,1.0
c2ac3c61,multi-session,cards_m11,0.5,0.5,0.3065735963827292,1.0
c2ac3c61,multi-session,pos_m11,0.5,0.5,0.3065735963827292,1.0
c2ac3c61,multi-session,cards_m13,0.5,0.5,0.38685280723454163,1.0
c2ac3c61,multi-session,pos_m13,0.5,0.5,0.2640681225725909,1.0
c2ac3c61,multi-session,cards_m17,0.5,0.5,0.2640681225725909,1.0
c2ac3c61,multi-session,pos_m17,0.5,0.5,0.2640681225725909,1.0
c2ac3c61,multi-session,bm25_turn,1.0,1.0,0.5012658353418871,1.0
c2ac3c61,multi-session,bm25_cards_hand,1.0,1.0,0.9197207891481876,1.0
c2ac3c61,multi-session,rrf_turn,1.0,1.0,0.5706417189553201,1.0
c2ac3c61,multi-session,rrf_sentence,1.0,1.0,0.5437713091520254,1.0
c2ac3c61,multi-session,rrf_cards_hand,1.0,1.0,0.8772153153380493,1.0
c2ac3c61,multi-session,rrf_cards_m11,1.0,1.0,0.5437713091520254,1.0
c2ac3c61,multi-session,rrf_cards_m13,1.0,1.0,0.5437713091520254,1.0
c2ac3c61,multi-session,rrf_cards_m17,1.0,1.0,0.5437713091520254,1.0
c2ac3c61,multi-session,rrf_turn_route,1.0,1.0,0.6934264036172708,1.0
c2ac3c61,multi-session,dense_session_mean,,,,1.0
c2ac3c61,multi-session,bm25_session,,,,1.0
bf659f65,multi-session,turn,0.3333333333333333,0.3333333333333333,0.2960819109658652,1.0
bf659f65,multi-session,sentence,0.0,0.0,0.0,1.0
bf659f65,multi-session,cards_hand,0.3333333333333333,0.3333333333333333,0.20210734650054757,1.0
bf659f65,multi-session,pos_hand,0.3333333333333333,0.3333333333333333,0.20210734650054757,1.0
bf659f65,multi-session,cards_m11,0.3333333333333333,0.3333333333333333,0.18154179253735267,1.0
bf659f65,multi-session,pos_m11,0.3333333333333333,0.3333333333333333,0.18154179253735267,1.0
bf659f65,multi-session,cards_m13,0.3333333333333333,0.3333333333333333,0.23463936301137822,1.0
bf659f65,multi-session,pos_m13,0.3333333333333333,0.3333333333333333,0.20210734650054757,1.0
bf659f65,multi-session,cards_m17,0.0,0.3333333333333333,0.1480409554829326,1.0
bf659f65,multi-session,pos_m17,0.3333333333333333,0.3333333333333333,0.20210734650054757,1.0
bf659f65,multi-session,bm25_turn,0.3333333333333333,0.3333333333333333,0.46927872602275644,0.6666666666666666
bf659f65,multi-session,bm25_cards_hand,0.3333333333333333,0.3333333333333333,0.46927872602275644,0.6666666666666666
bf659f65,multi-session,rrf_turn,0.3333333333333333,0.3333333333333333,0.46927872602275644,1.0
bf659f65,multi-session,rrf_sentence,0.3333333333333333,0.3333333333333333,0.23463936301137822,1.0
bf659f65,multi-session,rrf_cards_hand,0.3333333333333333,0.3333333333333333,0.46927872602275644,1.0
bf659f65,multi-session,rrf_cards_m11,0.3333333333333333,0.3333333333333333,0.2960819109658652,1.0
bf659f65,multi-session,rrf_cards_m13,0.3333333333333333,0.3333333333333333,0.46927872602275644,1.0
bf659f65,multi-session,rrf_cards_m17,0.3333333333333333,0.3333333333333333,0.2960819109658652,1.0
bf659f65,multi-session,rrf_turn_route,0.3333333333333333,0.3333333333333333,0.46927872602275644,1.0
bf659f65,multi-session,dense_session_mean,,,,1.0
bf659f65,multi-session,bm25_session,,,,0.6666666666666666
gpt4_372c3eed,multi-session,turn,0.6666666666666666,0.6666666666666666,0.5307212739772434,0.6666666666666666
gpt4_372c3eed,multi-session,sentence,1.0,1.0,0.9060254355346823,1.0
gpt4_372c3eed,multi-session,cards_hand,1.0,1.0,0.9060254355346823,1.0
gpt4_372c3eed,multi-session,pos_hand,1.0,1.0,0.8854598815714874,1.0
gpt4_372c3eed,multi-session,cards_m11,1.0,1.0,0.8854598815714874,1.0
gpt4_372c3eed,multi-session,pos_m11,1.0,1.0,0.8854598815714874,1.0
gpt4_372c3eed,multi-session,cards_m13,0.6666666666666666,1.0,0.6719882468370725,0.6666666666666666
gpt4_372c3eed,multi-session,pos_m13,0.6666666666666666,1.0,0.9066276098484507,0.6666666666666666
gpt4_372c3eed,multi-session,cards_m17,1.0,1.0,0.9060254355346823,1.0
gpt4_372c3eed,multi-session,pos_m17,1.0,1.0,0.9060254355346823,1.0
gpt4_372c3eed,multi-session,bm25_turn,0.6666666666666666,1.0,0.8451850618939637,0.6666666666666666
gpt4_372c3eed,multi-session,bm25_cards_hand,0.6666666666666666,0.6666666666666666,0.7039180890341347,0.6666666666666666
gpt4_372c3eed,multi-session,rrf_turn,0.6666666666666666,1.0,0.9325210919548239,1.0
gpt4_372c3eed,multi-session,rrf_sentence,1.0,1.0,0.9060254355346823,1.0
gpt4_372c3eed,multi-session,rrf_cards_hand,1.0,1.0,0.8854598815714874,1.0
gpt4_372c3eed,multi-session,rrf_cards_m11,1.0,1.0,0.9060254355346823,1.0
gpt4_372c3eed,multi-session,rrf_cards_m13,0.6666666666666666,1.0,0.8710785440003369,1.0
gpt4_372c3eed,multi-session,rrf_cards_m17,1.0,1.0,0.9060254355346823,1.0
gpt4_372c3eed,multi-session,rrf_turn_route,1.0,1.0,0.9469024295259745,1.0
gpt4_372c3eed,multi-session,dense_session_mean,,,,0.6666666666666666
gpt4_372c3eed,multi-session,bm25_session,,,,0.6666666666666666
gpt4_2f91af09,multi-session,turn,0.6666666666666666,0.6666666666666666,0.4367467095119258,1.0
gpt4_2f91af09,multi-session,sentence,1.0,1.0,0.7328286204777911,1.0
gpt4_2f91af09,multi-session,cards_hand,0.6666666666666666,1.0,0.8710785440003369,1.0
gpt4_2f91af09,multi-session,pos_hand,0.6666666666666666,1.0,0.6978817289434457,1.0
gpt4_2f91af09,multi-session,cards_m11,0.6666666666666666,1.0,0.6978817289434457,1.0
gpt4_2f91af09,multi-session,pos_m11,0.6666666666666666,1.0,0.6978817289434457,1.0
gpt4_2f91af09,multi-session,cards_m13,1.0,1.0,0.7328286204777911,1.0
gpt4_2f91af09,multi-session,pos_m13,0.6666666666666666,1.0,0.6978817289434457,1.0
gpt4_2f91af09,multi-session,cards_m17,0.6666666666666666,1.0,0.6787622294601761,1.0
gpt4_2f91af09,multi-session,pos_m17,1.0,1.0,0.7328286204777911,1.0
gpt4_2f91af09,multi-session,bm25_turn,0.6666666666666666,0.6666666666666666,0.6508205185601091,1.0
gpt4_2f91af09,multi-session,bm25_cards_hand,0.3333333333333333,0.3333333333333333,0.2960819109658652,1.0
gpt4_2f91af09,multi-session,rrf_turn,0.3333333333333333,1.0,0.6045093387918965,1.0
gpt4_2f91af09,multi-session,rrf_sentence,0.6666666666666666,1.0,0.8179809735263114,1.0
gpt4_2f91af09,multi-session,rrf_cards_hand,0.6666666666666666,0.6666666666666666,0.6508205185601091,1.0
gpt4_2f91af09,multi-session,rrf_cards_m11,0.6666666666666666,1.0,0.86034433104172,1.0
gpt4_2f91af09,multi-session,rrf_cards_m13,0.6666666666666666,1.0,0.8179809735263114,1.0
gpt4_2f91af09,multi-session,rrf_cards_m17,0.6666666666666666,1.0,0.8194270280062366,1.0
gpt4_2f91af09,multi-session,rrf_turn_route,0.6666666666666666,1.0,0.8385465274895063,1.0
gpt4_2f91af09,multi-session,dense_session_mean,,,,1.0
gpt4_2f91af09,multi-session,bm25_session,,,,1.0
81507db6,multi-session,turn,0.0,0.0,0.0,0.4
81507db6,multi-session,sentence,0.3333333333333333,0.3333333333333333,0.2960819109658652,0.8
81507db6,multi-session,cards_hand,0.3333333333333333,0.3333333333333333,0.2960819109658652,0.8
81507db6,multi-session,pos_hand,0.3333333333333333,0.3333333333333333,0.2960819109658652,0.8
81507db6,multi-session,cards_m11,0.3333333333333333,0.3333333333333333,0.2960819109658652,0.8
81507db6,multi-session,pos_m11,0.3333333333333333,0.3333333333333333,0.2960819109658652,0.8
81507db6,multi-session,cards_m13,0.0,0.3333333333333333,0.1480409554829326,0.8
81507db6,multi-session,pos_m13,0.0,0.3333333333333333,0.15642624200758548,0.8
81507db6,multi-session,cards_m17,0.0,0.3333333333333333,0.14126697285982898,0.8
81507db6,multi-session,pos_m17,0.0,0.3333333333333333,0.1480409554829326,0.8
81507db6,multi-session,bm25_turn,1.0,1.0,1.0,0.6
81507db6,multi-session,bm25_cards_hand,0.6666666666666666,1.0,0.9325210919548239,0.6
81507db6,multi-session,rrf_turn,0.3333333333333333,0.6666666666666666,0.38268031849431083,0.6
81507db6,multi-session,rrf_sentence,0.6666666666666666,1.0,0.9217868789962071,0.8
81507db6,multi-session,rrf_cards_hand,0.6666666666666666,1.0,0.8710785440003369,0.6
81507db6,multi-session,rrf_cards_m11,0.6666666666666666,1.0,0.9217868789962071,0.8
81507db6,multi-session,rrf_cards_m13,0.6666666666666666,1.0,0.7920874914199381,0.6
81507db6,multi-session,rrf_cards_m17,0.3333333333333333,1.0,0.7844801364718913,0.8
81507db6,multi-session,rrf_turn_route,0.3333333333333333,0.6666666666666666,0.4632423659320675,0.6
81507db6,multi-session,dense_session_mean,,,,0.4
81507db6,multi-session,bm25_session,,,,0.8
8a2466db,single-session-preference,turn,1.0,1.0,1.0,1.0
8a2466db,single-session-preference,sentence,1.0,1.0,1.0,1.0
8a2466db,single-session-preference,cards_hand,1.0,1.0,1.0,1.0
8a2466db,single-session-preference,pos_hand,1.0,1.0,1.0,1.0
8a2466db,single-session-preference,cards_m11,1.0,1.0,1.0,1.0
8a2466db,single-session-preference,pos_m11,1.0,1.0,1.0,1.0
8a2466db,single-session-preference,cards_m13,1.0,1.0,1.0,1.0
8a2466db,single-session-preference,pos_m13,1.0,1.0,1.0,1.0
8a2466db,single-session-preference,cards_m17,1.0,1.0,1.0,1.0
8a2466db,single-session-preference,pos_m17,1.0,1.0,1.0,1.0
8a2466db,single-session-preference,bm25_turn,1.0,1.0,1.0,1.0
8a2466db,single-session-preference,bm25_cards_hand,1.0,1.0,1.0,1.0
8a2466db,single-session-preference,rrf_turn,1.0,1.0,1.0,1.0
8a2466db,single-session-preference,rrf_sentence,1.0,1.0,1.0,1.0
8a2466db,single-session-preference,rrf_cards_hand,1.0,1.0,1.0,1.0
8a2466db,single-session-preference,rrf_cards_m11,1.0,1.0,1.0,1.0
8a2466db,single-session-preference,rrf_cards_m13,1.0,1.0,1.0,1.0
8a2466db,single-session-preference,rrf_cards_m17,1.0,1.0,1.0,1.0
8a2466db,single-session-preference,rrf_turn_route,1.0,1.0,1.0,1.0
8a2466db,single-session-preference,dense_session_mean,,,,1.0
8a2466db,single-session-preference,bm25_session,,,,1.0
06878be2,single-session-preference,turn,0.3333333333333333,0.3333333333333333,0.2960819109658652,1.0
06878be2,single-session-preference,sentence,0.3333333333333333,0.3333333333333333,0.18154179253735267,1.0
06878be2,single-session-preference,cards_hand,0.3333333333333333,0.6666666666666666,0.3501483019834802,1.0
06878be2,single-session-preference,pos_hand,0.3333333333333333,0.6666666666666666,0.3501483019834802,1.0
06878be2,single-session-preference,cards_m11,0.3333333333333333,0.6666666666666666,0.34337431936037655,1.0
06878be2,single-session-preference,pos_m11,0.3333333333333333,0.6666666666666666,0.34337431936037655,1.0
06878be2,single-session-preference,cards_m13,0.3333333333333333,0.6666666666666666,0.39106560501896365,1.0
06878be2,single-session-preference,pos_m13,0.3333333333333333,0.6666666666666666,0.38268031849431083,1.0
06878be2,single-session-preference,cards_m17,0.3333333333333333,0.3333333333333333,0.18154179253735267,1.0
06878be2,single-session-preference,pos_m17,0.3333333333333333,0.3333333333333333,0.18154179253735267,1.0
06878be2,single-session-preference,bm25_turn,0.0,0.0,0.0,0.0
06878be2,single-session-preference,bm25_cards_hand,0.0,0.3333333333333333,0.13565197343244778,0.0
06878be2,single-session-preference,rrf_turn,0.0,0.6666666666666666,0.3152014104491349,1.0
06878be2,single-session-preference,rrf_sentence,0.0,0.3333333333333333,0.16716045496620227,1.0
06878be2,single-session-preference,rrf_cards_hand,0.3333333333333333,0.3333333333333333,0.2960819109658652,1.0
06878be2,single-session-preference,rrf_cards_m11,0.3333333333333333,0.3333333333333333,0.20210734650054757,1.0
06878be2,single-session-preference,rrf_cards_m13,0.3333333333333333,0.3333333333333333,0.20210734650054757,1.0
06878be2,single-session-preference,rrf_cards_m17,0.0,0.3333333333333333,0.16716045496620227,1.0
06878be2,single-session-preference,rrf_turn_route,0.0,0.6666666666666666,0.3152014104491349,1.0
06878be2,single-session-preference,dense_session_mean,,,,1.0
06878be2,single-session-preference,bm25_session,,,,1.0
75832dbd,single-session-preference,turn,0.0,0.0,0.0,1.0
75832dbd,single-session-preference,sentence,0.0,0.0,0.0,1.0
75832dbd,single-session-preference,cards_hand,0.0,0.0,0.0,1.0
75832dbd,single-session-preference,pos_hand,0.0,0.0,0.0,1.0
75832dbd,single-session-preference,cards_m11,0.0,0.0,0.0,1.0
75832dbd,single-session-preference,pos_m11,0.0,0.0,0.0,1.0
75832dbd,single-session-preference,cards_m13,0.0,0.0,0.0,1.0
75832dbd,single-session-preference,pos_m13,0.0,0.0,0.0,1.0
75832dbd,single-session-preference,cards_m17,0.0,0.0,0.0,1.0
75832dbd,single-session-preference,pos_m17,0.0,0.0,0.0,1.0
75832dbd,single-session-preference,bm25_turn,0.0,1.0,0.2890648263178879,0.0
75832dbd,single-session-preference,bm25_cards_hand,0.0,1.0,0.3333333333333333,1.0
75832dbd,single-session-preference,rrf_turn,1.0,1.0,0.38685280723454163,1.0
75832dbd,single-session-preference,rrf_sentence,0.0,0.0,0.0,1.0
75832dbd,single-session-preference,rrf_cards_hand,0.0,1.0,0.31546487678572877,1.0
75832dbd,single-session-preference,rrf_cards_m11,0.0,0.0,0.0,1.0
75832dbd,single-session-preference,rrf_cards_m13,0.0,0.0,0.0,1.0
75832dbd,single-session-preference,rrf_cards_m17,0.0,0.0,0.0,1.0
75832dbd,single-session-preference,rrf_turn_route,1.0,1.0,0.38685280723454163,1.0
75832dbd,single-session-preference,dense_session_mean,,,,1.0
75832dbd,single-session-preference,bm25_session,,,,0.0
0edc2aef,single-session-preference,turn,1.0,1.0,1.0,1.0
0edc2aef,single-session-preference,sentence,1.0,1.0,0.5,1.0
0edc2aef,single-session-preference,cards_hand,1.0,1.0,0.5,1.0
0edc2aef,single-session-preference,pos_hand,1.0,1.0,0.5,1.0
0edc2aef,single-session-preference,cards_m11,1.0,1.0,1.0,1.0
0edc2aef,single-session-preference,pos_m11,1.0,1.0,1.0,1.0
0edc2aef,single-session-preference,cards_m13,1.0,1.0,1.0,1.0
0edc2aef,single-session-preference,pos_m13,1.0,1.0,1.0,1.0
0edc2aef,single-session-preference,cards_m17,1.0,1.0,0.5,1.0
0edc2aef,single-session-preference,pos_m17,1.0,1.0,0.5,1.0
0edc2aef,single-session-preference,bm25_turn,0.0,0.0,0.0,1.0
0edc2aef,single-session-preference,bm25_cards_hand,0.0,0.0,0.0,1.0
0edc2aef,single-session-preference,rrf_turn,0.0,0.0,0.0,1.0
0edc2aef,single-session-preference,rrf_sentence,0.0,0.0,0.0,1.0
0edc2aef,single-session-preference,rrf_cards_hand,0.0,0.0,0.0,1.0
0edc2aef,single-session-preference,rrf_cards_m11,0.0,0.0,0.0,1.0
0edc2aef,single-session-preference,rrf_cards_m13,0.0,0.0,0.0,1.0
0edc2aef,single-session-preference,rrf_cards_m17,0.0,0.0,0.0,1.0
0edc2aef,single-session-preference,rrf_turn_route,0.0,0.0,0.0,1.0
0edc2aef,single-session-preference,dense_session_mean,,,,1.0
0edc2aef,single-session-preference,bm25_session,,,,1.0
35a27287,single-session-preference,turn,0.6666666666666666,0.6666666666666666,0.6713860725233041,1.0
35a27287,single-session-preference,sentence,0.6666666666666666,0.6666666666666666,0.7039180890341347,1.0
35a27287,single-session-preference,cards_hand,0.6666666666666666,0.6666666666666666,0.7039180890341347,1.0
35a27287,single-session-preference,pos_hand,0.6666666666666666,0.6666666666666666,0.7039180890341347,1.0
35a27287,single-session-preference,cards_m11,0.6666666666666666,0.6666666666666666,0.7039180890341347,1.0
35a27287,single-session-preference,pos_m11,0.6666666666666666,0.6666666666666666,0.7039180890341347,1.0
35a27287,single-session-preference,cards_m13,0.6666666666666666,0.6666666666666666,0.7039180890341347,1.0
35a27287,single-session-preference,pos_m13,0.6666666666666666,0.6666666666666666,0.7039180890341347,1.0
35a27287,single-session-preference,cards_m17,0.6666666666666666,0.6666666666666666,0.7039180890341347,1.0
35a27287,single-session-preference,pos_m17,0.6666666666666666,0.6666666666666666,0.7039180890341347,1.0
35a27287,single-session-preference,bm25_turn,0.6666666666666666,0.6666666666666666,0.4367467095119258,1.0
35a27287,single-session-preference,bm25_cards_hand,0.6666666666666666,0.6666666666666666,0.49818925746641285,1.0
35a27287,single-session-preference,rrf_turn,0.6666666666666666,0.6666666666666666,0.5307212739772434,1.0
35a27287,single-session-preference,rrf_sentence,0.6666666666666666,0.6666666666666666,0.5307212739772434,1.0
35a27287,single-session-preference,rrf_cards_hand,0.6666666666666666,0.6666666666666666,0.6713860725233041,1.0
35a27287,single-session-preference,rrf_cards_m11,0.6666666666666666,0.6666666666666666,0.5307212739772434,1.0
35a27287,single-session-preference,rrf_cards_m13,0.6666666666666666,0.6666666666666666,0.5307212739772434,1.0
35a27287,single-session-preference,rrf_cards_m17,0.6666666666666666,0.6666666666666666,0.5307212739772434,1.0
35a27287,single-session-preference,rrf_turn_route,0.6666666666666666,0.6666666666666666,0.5307212739772434,1.0
35a27287,single-session-preference,dense_session_mean,,,,1.0
35a27287,single-session-preference,bm25_session,,,,1.0
32260d93,single-session-preference,turn,1.0,1.0,0.5,1.0
32260d93,single-session-preference,sentence,1.0,1.0,1.0,1.0
32260d93,single-session-preference,cards_hand,1.0,1.0,0.43067655807339306,1.0
32260d93,single-session-preference,pos_hand,1.0,1.0,0.43067655807339306,1.0
32260d93,single-session-preference,cards_m11,0.0,1.0,0.3562071871080222,1.0
32260d93,single-session-preference,pos_m11,1.0,1.0,0.38685280723454163,1.0
32260d93,single-session-preference,cards_m13,1.0,1.0,0.38685280723454163,1.0
32260d93,single-session-preference,pos_m13,1.0,1.0,0.43067655807339306,1.0
32260d93,single-session-preference,cards_m17,1.0,1.0,1.0,1.0
32260d93,single-session-preference,pos_m17,1.0,1.0,1.0,1.0
32260d93,single-session-preference,bm25_turn,0.0,0.0,0.0,1.0
32260d93,single-session-preference,bm25_cards_hand,0.0,0.0,0.0,1.0
32260d93,single-session-preference,rrf_turn,1.0,1.0,0.5,1.0
32260d93,single-session-preference,rrf_sentence,1.0,1.0,1.0,1.0
32260d93,single-session-preference,rrf_cards_hand,1.0,1.0,0.38685280723454163,1.0
32260d93,single-session-preference,rrf_cards_m11,1.0,1.0,0.43067655807339306,1.0
32260d93,single-session-preference,rrf_cards_m13,1.0,1.0,0.43067655807339306,1.0
32260d93,single-session-preference,rrf_cards_m17,1.0,1.0,1.0,1.0
32260d93,single-session-preference,rrf_turn_route,1.0,1.0,0.5,1.0
32260d93,single-session-preference,dense_session_mean,,,,1.0
32260d93,single-session-preference,bm25_session,,,,0.0
195a1a1b,single-session-preference,turn,1.0,1.0,1.0,1.0
195a1a1b,single-session-preference,sentence,1.0,1.0,1.0,1.0
195a1a1b,single-session-preference,cards_hand,1.0,1.0,0.6309297535714575,1.0
195a1a1b,single-session-preference,pos_hand,1.0,1.0,1.0,1.0
195a1a1b,single-session-preference,cards_m11,1.0,1.0,1.0,1.0
195a1a1b,single-session-preference,pos_m11,1.0,1.0,1.0,1.0
195a1a1b,single-session-preference,cards_m13,1.0,1.0,1.0,1.0
195a1a1b,single-session-preference,pos_m13,1.0,1.0,1.0,1.0
195a1a1b,single-session-preference,cards_m17,1.0,1.0,0.6309297535714575,1.0
195a1a1b,single-session-preference,pos_m17,1.0,1.0,1.0,1.0
195a1a1b,single-session-preference,bm25_turn,0.0,0.0,0.0,1.0
195a1a1b,single-session-preference,bm25_cards_hand,0.0,0.0,0.0,1.0
195a1a1b,single-session-preference,rrf_turn,0.0,0.0,0.0,1.0
195a1a1b,single-session-preference,rrf_sentence,0.0,0.0,0.0,1.0
195a1a1b,single-session-preference,rrf_cards_hand,0.0,0.0,0.0,1.0
195a1a1b,single-session-preference,rrf_cards_m11,0.0,0.0,0.0,1.0
195a1a1b,single-session-preference,rrf_cards_m13,0.0,0.0,0.0,1.0
195a1a1b,single-session-preference,rrf_cards_m17,0.0,0.0,0.0,1.0
195a1a1b,single-session-preference,rrf_turn_route,0.0,0.0,0.0,1.0
195a1a1b,single-session-preference,dense_session_mean,,,,1.0
195a1a1b,single-session-preference,bm25_session,,,,1.0
afdc33df,single-session-preference,turn,0.3333333333333333,1.0,0.5256940434743352,1.0
afdc33df,single-session-preference,sentence,0.3333333333333333,0.6666666666666666,0.3379680345449381,1.0
afdc33df,single-session-preference,cards_hand,0.3333333333333333,0.6666666666666666,0.3379680345449381,1.0
afdc33df,single-session-preference,pos_hand,0.3333333333333333,0.6666666666666666,0.3379680345449381,1.0
afdc33df,single-session-preference,cards_m11,0.3333333333333333,0.6666666666666666,0.3379680345449381,1.0
afdc33df,single-session-preference,pos_m11,0.3333333333333333,0.6666666666666666,0.3379680345449381,1.0
afdc33df,single-session-preference,cards_m13,0.0,1.0,0.45646838330896394,1.0
afdc33df,single-session-preference,pos_m13,0.3333333333333333,1.0,0.4860089900278707,1.0
afdc33df,single-session-preference,cards_m17,0.3333333333333333,1.0,0.4736200079773859,1.0
afdc33df,single-session-preference,pos_m17,0.3333333333333333,0.6666666666666666,0.3379680345449381,1.0
afdc33df,single-session-preference,bm25_turn,0.6666666666666666,0.6666666666666666,0.4367467095119258,1.0
afdc33df,single-session-preference,bm25_cards_hand,0.6666666666666666,0.6666666666666666,0.6713860725233041,1.0
afdc33df,single-session-preference,rrf_turn,0.6666666666666666,1.0,0.5780136823717549,1.0
afdc33df,single-session-preference,rrf_sentence,0.6666666666666666,1.0,0.5642221110316635,1.0
afdc33df,single-session-preference,rrf_cards_hand,0.6666666666666666,1.0,0.6338412308988606,1.0
afdc33df,single-session-preference,rrf_cards_m11,0.6666666666666666,1.0,0.5642221110316635,1.0
afdc33df,single-session-preference,rrf_cards_m13,0.6666666666666666,1.0,0.5642221110316635,1.0
afdc33df,single-session-preference,rrf_cards_m17,0.6666666666666666,1.0,0.5642221110316635,1.0
afdc33df,single-session-preference,rrf_turn_route,0.6666666666666666,1.0,0.6978817289434457,1.0
afdc33df,single-session-preference,dense_session_mean,,,,1.0
afdc33df,single-session-preference,bm25_session,,,,1.0
caf03d32,single-session-preference,turn,1.0,1.0,0.9197207891481876,1.0
caf03d32,single-session-preference,sentence,1.0,1.0,0.5706417189553201,1.0
caf03d32,single-session-preference,cards_hand,1.0,1.0,0.6934264036172708,1.0
caf03d32,single-session-preference,pos_hand,1.0,1.0,0.6934264036172708,1.0
caf03d32,single-session-preference,cards_m11,1.0,1.0,0.6934264036172708,1.0
caf03d32,single-session-preference,pos_m11,1.0,1.0,0.6934264036172708,1.0
caf03d32,single-session-preference,cards_m13,1.0,1.0,0.6934264036172708,1.0
caf03d32,single-session-preference,pos_m13,1.0,1.0,0.6934264036172708,1.0
caf03d32,single-session-preference,cards_m17,1.0,1.0,0.6934264036172708,1.0
caf03d32,single-session-preference,pos_m17,1.0,1.0,0.6934264036172708,1.0
caf03d32,single-session-preference,bm25_turn,1.0,1.0,0.9197207891481876,1.0
caf03d32,single-session-preference,bm25_cards_hand,1.0,1.0,1.0,1.0
caf03d32,single-session-preference,rrf_turn,1.0,1.0,0.9197207891481876,1.0
caf03d32,single-session-preference,rrf_sentence,1.0,1.0,0.6934264036172708,1.0
caf03d32,single-session-preference,rrf_cards_hand,1.0,1.0,1.0,1.0
caf03d32,single-session-preference,rrf_cards_m11,1.0,1.0,1.0,1.0
caf03d32,single-session-preference,rrf_cards_m13,1.0,1.0,1.0,1.0
caf03d32,single-session-preference,rrf_cards_m17,1.0,1.0,0.9197207891481876,1.0
caf03d32,single-session-preference,rrf_turn_route,1.0,1.0,0.9197207891481876,1.0
caf03d32,single-session-preference,dense_session_mean,,,,1.0
caf03d32,single-session-preference,bm25_session,,,,1.0
54026fce,single-session-preference,turn,1.0,1.0,1.0,1.0
54026fce,single-session-preference,sentence,1.0,1.0,1.0,1.0
54026fce,single-session-preference,cards_hand,1.0,1.0,1.0,1.0
54026fce,single-session-preference,pos_hand,1.0,1.0,1.0,1.0
54026fce,single-session-preference,cards_m11,1.0,1.0,1.0,1.0
54026fce,single-session-preference,pos_m11,1.0,1.0,1.0,1.0
54026fce,single-session-preference,cards_m13,1.0,1.0,1.0,1.0
54026fce,single-session-preference,pos_m13,1.0,1.0,1.0,1.0
54026fce,single-session-preference,cards_m17,1.0,1.0,1.0,1.0
54026fce,single-session-preference,pos_m17,1.0,1.0,1.0,1.0
54026fce,single-session-preference,bm25_turn,1.0,1.0,0.5,1.0
54026fce,single-session-preference,bm25_cards_hand,1.0,1.0,0.43067655807339306,1.0
54026fce,single-session-preference,rrf_turn,1.0,1.0,1.0,1.0
54026fce,single-session-preference,rrf_sentence,1.0,1.0,1.0,1.0
54026fce,single-session-preference,rrf_cards_hand,1.0,1.0,0.6309297535714575,1.0
54026fce,single-session-preference,rrf_cards_m11,1.0,1.0,1.0,1.0
54026fce,single-session-preference,rrf_cards_m13,1.0,1.0,1.0,1.0
54026fce,single-session-preference,rrf_cards_m17,1.0,1.0,1.0,1.0
54026fce,single-session-preference,rrf_turn_route,1.0,1.0,1.0,1.0
54026fce,single-session-preference,dense_session_mean,,,,1.0
54026fce,single-session-preference,bm25_session,,,,1.0
06f04340,single-session-preference,turn,0.0,0.0,0.0,1.0
06f04340,single-session-preference,sentence,0.0,0.0,0.0,0.0
06f04340,single-session-preference,cards_hand,0.0,0.0,0.0,0.0
06f04340,single-session-preference,pos_hand,0.0,0.0,0.0,0.0
06f04340,single-session-preference,cards_m11,0.0,0.0,0.0,0.0
06f04340,single-session-preference,pos_m11,0.0,0.0,0.0,0.0
06f04340,single-session-preference,cards_m13,0.0,0.0,0.0,0.0
06f04340,single-session-preference,pos_m13,0.0,0.0,0.0,0.0
06f04340,single-session-preference,cards_m17,0.0,0.0,0.0,0.0
06f04340,single-session-preference,pos_m17,0.0,0.0,0.0,0.0
06f04340,single-session-preference,bm25_turn,0.0,0.0,0.0,0.0
06f04340,single-session-preference,bm25_cards_hand,0.0,0.0,0.0,0.0
06f04340,single-session-preference,rrf_turn,0.0,0.0,0.0,1.0
06f04340,single-session-preference,rrf_sentence,0.0,0.0,0.0,1.0
06f04340,single-session-preference,rrf_cards_hand,0.0,0.0,0.0,1.0
06f04340,single-session-preference,rrf_cards_m11,0.0,0.0,0.0,1.0
06f04340,single-session-preference,rrf_cards_m13,0.0,0.0,0.0,1.0
06f04340,single-session-preference,rrf_cards_m17,0.0,0.0,0.0,1.0
06f04340,single-session-preference,rrf_turn_route,0.0,0.0,0.0,0.0
06f04340,single-session-preference,dense_session_mean,,,,0.0
06f04340,single-session-preference,bm25_session,,,,0.0
6b7dfb22,single-session-preference,turn,1.0,1.0,0.5,1.0
6b7dfb22,single-session-preference,sentence,1.0,1.0,1.0,1.0
6b7dfb22,single-session-preference,cards_hand,1.0,1.0,1.0,1.0
6b7dfb22,single-session-preference,pos_hand,1.0,1.0,1.0,1.0
6b7dfb22,single-session-preference,cards_m11,1.0,1.0,0.38685280723454163,1.0
6b7dfb22,single-session-preference,pos_m11,1.0,1.0,0.38685280723454163,1.0
6b7dfb22,single-session-preference,cards_m13,1.0,1.0,0.38685280723454163,1.0
6b7dfb22,single-session-preference,pos_m13,1.0,1.0,1.0,1.0
6b7dfb22,single-session-preference,cards_m17,1.0,1.0,1.0,1.0
6b7dfb22,single-session-preference,pos_m17,1.0,1.0,1.0,1.0
6b7dfb22,single-session-preference,bm25_turn,0.0,1.0,0.3333333333333333,0.0
6b7dfb22,single-session-preference,bm25_cards_hand,0.0,0.0,0.0,1.0
6b7dfb22,single-session-preference,rrf_turn,1.0,1.0,1.0,1.0
6b7dfb22,single-session-preference,rrf_sentence,1.0,1.0,1.0,1.0
6b7dfb22,single-session-preference,rrf_cards_hand,0.0,1.0,0.3562071871080222,1.0
6b7dfb22,single-session-preference,rrf_cards_m11,1.0,1.0,1.0,1.0
6b7dfb22,single-session-preference,rrf_cards_m13,1.0,1.0,1.0,1.0
6b7dfb22,single-session-preference,rrf_cards_m17,1.0,1.0,1.0,1.0
6b7dfb22,single-session-preference,rrf_turn_route,1.0,1.0,1.0,1.0
6b7dfb22,single-session-preference,dense_session_mean,,,,1.0
6b7dfb22,single-session-preference,bm25_session,,,,1.0
1a1907b4,single-session-preference,turn,0.0,0.0,0.0,1.0
1a1907b4,single-session-preference,sentence,1.0,1.0,0.6309297535714575,1.0
1a1907b4,single-session-preference,cards_hand,1.0,1.0,0.6309297535714575,1.0
1a1907b4,single-session-preference,pos_hand,1.0,1.0,0.6309297535714575,1.0
1a1907b4,single-session-preference,cards_m11,1.0,1.0,0.6309297535714575,1.0
1a1907b4,single-session-preference,pos_m11,1.0,1.0,0.6309297535714575,1.0
1a1907b4,single-session-preference,cards_m13,1.0,1.0,0.6309297535714575,1.0
1a1907b4,single-session-preference,pos_m13,1.0,1.0,0.6309297535714575,1.0
1a1907b4,single-session-preference,cards_m17,1.0,1.0,0.6309297535714575,1.0
1a1907b4,single-session-preference,pos_m17,1.0,1.0,0.6309297535714575,1.0
1a1907b4,single-session-preference,bm25_turn,0.0,0.0,0.0,0.0
1a1907b4,single-session-preference,bm25_cards_hand,0.0,0.0,0.0,0.0
1a1907b4,single-session-preference,rrf_turn,0.0,0.0,0.0,1.0
1a1907b4,single-session-preference,rrf_sentence,0.0,0.0,0.0,1.0
1a1907b4,single-session-preference,rrf_cards_hand,0.0,0.0,0.0,0.0
1a1907b4,single-session-preference,rrf_cards_m11,0.0,0.0,0.0,1.0
1a1907b4,single-session-preference,rrf_cards_m13,0.0,0.0,0.0,1.0
1a1907b4,single-session-preference,rrf_cards_m17,0.0,0.0,0.0,1.0
1a1907b4,single-session-preference,rrf_turn_route,0.0,0.0,0.0,0.0
1a1907b4,single-session-preference,dense_session_mean,,,,1.0
1a1907b4,single-session-preference,bm25_session,,,,1.0
09d032c9,single-session-preference,turn,1.0,1.0,0.5,1.0
09d032c9,single-session-preference,sentence,0.0,0.0,0.0,1.0
09d032c9,single-session-preference,cards_hand,0.0,0.0,0.0,1.0
09d032c9,single-session-preference,pos_hand,0.0,0.0,0.0,1.0
09d032c9,single-session-preference,cards_m11,0.0,0.0,0.0,1.0
09d032c9,single-session-preference,pos_m11,0.0,0.0,0.0,1.0
09d032c9,single-session-preference,cards_m13,0.0,0.0,0.0,1.0
09d032c9,single-session-preference,pos_m13,0.0,0.0,0.0,1.0
09d032c9,single-session-preference,cards_m17,0.0,0.0,0.0,1.0
09d032c9,single-session-preference,pos_m17,0.0,0.0,0.0,1.0
09d032c9,single-session-preference,bm25_turn,0.0,0.0,0.0,0.0
09d032c9,single-session-preference,bm25_cards_hand,0.0,0.0,0.0,0.0
09d032c9,single-session-preference,rrf_turn,0.0,0.0,0.0,1.0
09d032c9,single-session-preference,rrf_sentence,0.0,0.0,0.0,0.0
09d032c9,single-session-preference,rrf_cards_hand,0.0,0.0,0.0,0.0
09d032c9,single-session-preference,rrf_cards_m11,0.0,0.0,0.0,0.0
09d032c9,single-session-preference,rrf_cards_m13,0.0,0.0,0.0,1.0
09d032c9,single-session-preference,rrf_cards_m17,0.0,0.0,0.0,0.0
09d032c9,single-session-preference,rrf_turn_route,0.0,0.0,0.0,0.0
09d032c9,single-session-preference,dense_session_mean,,,,1.0
09d032c9,single-session-preference,bm25_session,,,,0.0
38146c39,single-session-preference,turn,0.0,0.0,0.0,1.0
38146c39,single-session-preference,sentence,1.0,1.0,0.5,1.0
38146c39,single-session-preference,cards_hand,1.0,1.0,0.5,1.0
38146c39,single-session-preference,pos_hand,1.0,1.0,0.43067655807339306,1.0
38146c39,single-session-preference,cards_m11,1.0,1.0,0.38685280723454163,1.0
38146c39,single-session-preference,pos_m11,1.0,1.0,0.38685280723454163,1.0
38146c39,single-session-preference,cards_m13,1.0,1.0,0.38685280723454163,1.0
38146c39,single-session-preference,pos_m13,1.0,1.0,0.38685280723454163,1.0
38146c39,single-session-preference,cards_m17,1.0,1.0,0.5,1.0
38146c39,single-session-preference,pos_m17,1.0,1.0,0.43067655807339306,1.0
38146c39,single-session-preference,bm25_turn,0.0,0.0,0.0,1.0
38146c39,single-session-preference,bm25_cards_hand,0.0,0.0,0.0,0.0
38146c39,single-session-preference,rrf_turn,0.0,1.0,0.31546487678572877,1.0
38146c39,single-session-preference,rrf_sentence,1.0,1.0,0.5,1.0
38146c39,single-session-preference,rrf_cards_hand,1.0,1.0,0.5,1.0
38146c39,single-session-preference,rrf_cards_m11,1.0,1.0,0.6309297535714575,1.0
38146c39,single-session-preference,rrf_cards_m13,1.0,1.0,0.6309297535714575,1.0
38146c39,single-session-preference,rrf_cards_m17,1.0,1.0,0.5,1.0
38146c39,single-session-preference,rrf_turn_route,0.0,1.0,0.3562071871080222,1.0
38146c39,single-session-preference,dense_session_mean,,,,1.0
38146c39,single-session-preference,bm25_session,,,,1.0
d24813b1,single-session-preference,turn,0.0,0.0,0.0,1.0
d24813b1,single-session-preference,sentence,1.0,1.0,0.38685280723454163,1.0
d24813b1,single-session-preference,cards_hand,1.0,1.0,0.43067655807339306,1.0
d24813b1,single-session-preference,pos_hand,1.0,1.0,0.43067655807339306,1.0
d24813b1,single-session-preference,cards_m11,1.0,1.0,0.43067655807339306,1.0
d24813b1,single-session-preference,pos_m11,1.0,1.0,0.43067655807339306,1.0
d24813b1,single-session-preference,cards_m13,1.0,1.0,0.43067655807339306,1.0
d24813b1,single-session-preference,pos_m13,1.0,1.0,0.43067655807339306,1.0
d24813b1,single-session-preference,cards_m17,1.0,1.0,0.43067655807339306,1.0
d24813b1,single-session-preference,pos_m17,1.0,1.0,0.43067655807339306,1.0
d24813b1,single-session-preference,bm25_turn,0.0,0.0,0.0,0.0
d24813b1,single-session-preference,bm25_cards_hand,0.0,1.0,0.31546487678572877,0.0
d24813b1,single-session-preference,rrf_turn,1.0,1.0,0.43067655807339306,1.0
d24813b1,single-session-preference,rrf_sentence,1.0,1.0,0.6309297535714575,1.0
d24813b1,single-session-preference,rrf_cards_hand,1.0,1.0,0.6309297535714575,1.0
d24813b1,single-session-preference,rrf_cards_m11,1.0,1.0,0.6309297535714575,1.0
d24813b1,single-session-preference,rrf_cards_m13,1.0,1.0,0.6309297535714575,1.0
d24813b1,single-session-preference,rrf_cards_m17,1.0,1.0,0.6309297535714575,1.0
d24813b1,single-session-preference,rrf_turn_route,1.0,1.0,0.5,1.0
d24813b1,single-session-preference,dense_session_mean,,,,1.0
d24813b1,single-session-preference,bm25_session,,,,1.0
57f827a0,single-session-preference,turn,1.0,1.0,0.6309297535714575,1.0
57f827a0,single-session-preference,sentence,0.0,1.0,0.3333333333333333,1.0
57f827a0,single-session-preference,cards_hand,0.0,1.0,0.3333333333333333,1.0
57f827a0,single-session-preference,pos_hand,0.0,1.0,0.3333333333333333,1.0
57f827a0,single-session-preference,cards_m11,0.0,1.0,0.3562071871080222,1.0
57f827a0,single-session-preference,pos_m11,0.0,1.0,0.3333333333333333,1.0
57f827a0,single-session-preference,cards_m13,0.0,1.0,0.3333333333333333,1.0
57f827a0,single-session-preference,pos_m13,0.0,1.0,0.3010299956639812,1.0
57f827a0,single-session-preference,cards_m17,0.0,1.0,0.3010299956639812,1.0
57f827a0,single-session-preference,pos_m17,0.0,1.0,0.31546487678572877,1.0
57f827a0,single-session-preference,bm25_turn,0.0,1.0,0.31546487678572877,0.0
57f827a0,single-session-preference,bm25_cards_hand,0.0,0.0,0.0,0.0
57f827a0,single-session-preference,rrf_turn,1.0,1.0,0.5,1.0
57f827a0,single-session-preference,rrf_sentence,1.0,1.0,0.43067655807339306,1.0
57f827a0,single-session-preference,rrf_cards_hand,1.0,1.0,0.5,1.0
57f827a0,single-session-preference,rrf_cards_m11,1.0,1.0,0.43067655807339306,1.0
57f827a0,single-session-preference,rrf_cards_m13,1.0,1.0,0.43067655807339306,1.0
57f827a0,single-session-preference,rrf_cards_m17,1.0,1.0,0.38685280723454163,1.0
57f827a0,single-session-preference,rrf_turn_route,1.0,1.0,0.6309297535714575,1.0
57f827a0,single-session-preference,dense_session_mean,,,,1.0
57f827a0,single-session-preference,bm25_session,,,,1.0
95228167,single-session-preference,turn,0.0,1.0,0.3562071871080222,1.0
95228167,single-session-preference,sentence,1.0,1.0,1.0,1.0
95228167,single-session-preference,cards_hand,1.0,1.0,1.0,1.0
95228167,single-session-preference,pos_hand,1.0,1.0,1.0,1.0
95228167,single-session-preference,cards_m11,1.0,1.0,1.0,1.0
95228167,single-session-preference,pos_m11,1.0,1.0,1.0,1.0
95228167,single-session-preference,cards_m13,1.0,1.0,1.0,1.0
95228167,single-session-preference,pos_m13,1.0,1.0,1.0,1.0
95228167,single-session-preference,cards_m17,1.0,1.0,1.0,1.0
95228167,single-session-preference,pos_m17,1.0,1.0,1.0,1.0
95228167,single-session-preference,bm25_turn,0.0,0.0,0.0,0.0
95228167,single-session-preference,bm25_cards_hand,0.0,0.0,0.0,0.0
95228167,single-session-preference,rrf_turn,0.0,0.0,0.0,1.0
95228167,single-session-preference,rrf_sentence,0.0,0.0,0.0,1.0
95228167,single-session-preference,rrf_cards_hand,0.0,0.0,0.0,1.0
95228167,single-session-preference,rrf_cards_m11,0.0,0.0,0.0,1.0
95228167,single-session-preference,rrf_cards_m13,0.0,0.0,0.0,1.0
95228167,single-session-preference,rrf_cards_m17,0.0,0.0,0.0,1.0
95228167,single-session-preference,rrf_turn_route,0.0,0.0,0.0,1.0
95228167,single-session-preference,dense_session_mean,,,,1.0
95228167,single-session-preference,bm25_session,,,,1.0
505af2f5,single-session-preference,turn,1.0,1.0,0.6309297535714575,1.0
505af2f5,single-session-preference,sentence,1.0,1.0,1.0,1.0
505af2f5,single-session-preference,cards_hand,1.0,1.0,0.6309297535714575,1.0
505af2f5,single-session-preference,pos_hand,1.0,1.0,1.0,1.0
505af2f5,single-session-preference,cards_m11,1.0,1.0,1.0,1.0
505af2f5,single-session-preference,pos_m11,1.0,1.0,1.0,1.0
505af2f5,single-session-preference,cards_m13,1.0,1.0,0.43067655807339306,1.0
505af2f5,single-session-preference,pos_m13,1.0,1.0,0.5,1.0
505af2f5,single-session-preference,cards_m17,1.0,1.0,1.0,1.0
505af2f5,single-session-preference,pos_m17,1.0,1.0,1.0,1.0
505af2f5,single-session-preference,bm25_turn,0.0,1.0,0.3333333333333333,1.0
505af2f5,single-session-preference,bm25_cards_hand,0.0,1.0,0.3333333333333333,1.0
505af2f5,single-session-preference,rrf_turn,1.0,1.0,0.6309297535714575,1.0
505af2f5,single-session-preference,rrf_sentence,1.0,1.0,0.6309297535714575,1.0
505af2f5,single-session-preference,rrf_cards_hand,1.0,1.0,0.5,1.0
505af2f5,single-session-preference,rrf_cards_m11,1.0,1.0,0.6309297535714575,1.0
505af2f5,single-session-preference,rrf_cards_m13,1.0,1.0,0.38685280723454163,1.0
505af2f5,single-session-preference,rrf_cards_m17,1.0,1.0,0.6309297535714575,1.0
505af2f5,single-session-preference,rrf_turn_route,1.0,1.0,0.6309297535714575,1.0
505af2f5,single-session-preference,dense_session_mean,,,,1.0
505af2f5,single-session-preference,bm25_session,,,,1.0
75f70248,single-session-preference,turn,1.0,1.0,1.0,1.0
75f70248,single-session-preference,sentence,1.0,1.0,0.6309297535714575,1.0
75f70248,single-session-preference,cards_hand,1.0,1.0,0.6309297535714575,1.0
75f70248,single-session-preference,pos_hand,1.0,1.0,0.6309297535714575,1.0
75f70248,single-session-preference,cards_m11,1.0,1.0,0.6309297535714575,1.0
75f70248,single-session-preference,pos_m11,1.0,1.0,0.6309297535714575,1.0
75f70248,single-session-preference,cards_m13,1.0,1.0,0.6309297535714575,1.0
75f70248,single-session-preference,pos_m13,1.0,1.0,0.6309297535714575,1.0
75f70248,single-session-preference,cards_m17,1.0,1.0,0.6309297535714575,1.0
75f70248,single-session-preference,pos_m17,1.0,1.0,0.6309297535714575,1.0
75f70248,single-session-preference,bm25_turn,1.0,1.0,0.6309297535714575,1.0
75f70248,single-session-preference,bm25_cards_hand,1.0,1.0,0.38685280723454163,1.0
75f70248,single-session-preference,rrf_turn,1.0,1.0,1.0,1.0
75f70248,single-session-preference,rrf_sentence,1.0,1.0,1.0,1.0
75f70248,single-session-preference,rrf_cards_hand,1.0,1.0,1.0,1.0
75f70248,single-session-preference,rrf_cards_m11,1.0,1.0,1.0,1.0
75f70248,single-session-preference,rrf_cards_m13,1.0,1.0,1.0,1.0
75f70248,single-session-preference,rrf_cards_m17,1.0,1.0,1.0,1.0
75f70248,single-session-preference,rrf_turn_route,1.0,1.0,1.0,1.0
75f70248,single-session-preference,dense_session_mean,,,,1.0
75f70248,single-session-preference,bm25_session,,,,1.0
d6233ab6,single-session-preference,turn,0.0,0.0,0.0,0.0
d6233ab6,single-session-preference,sentence,1.0,1.0,0.9197207891481876,1.0
d6233ab6,single-session-preference,cards_hand,0.5,1.0,0.7977228895450266,1.0
d6233ab6,single-session-preference,pos_hand,0.5,1.0,0.7977228895450266,1.0
d6233ab6,single-session-preference,cards_m11,0.5,0.5,0.6131471927654584,1.0
d6233ab6,single-session-preference,pos_m11,0.5,1.0,0.7903864795495061,1.0
d6233ab6,single-session-preference,cards_m13,0.5,0.5,0.6131471927654584,1.0
d6233ab6,single-session-preference,pos_m13,0.5,0.5,0.6131471927654584,1.0
d6233ab6,single-session-preference,cards_m17,0.5,0.5,0.6131471927654584,1.0
d6233ab6,single-session-preference,pos_m17,0.5,1.0,0.7903864795495061,1.0
d6233ab6,single-session-preference,bm25_turn,0.0,0.0,0.0,0.0
d6233ab6,single-session-preference,bm25_cards_hand,0.0,0.0,0.0,0.0
d6233ab6,single-session-preference,rrf_turn,0.0,0.0,0.0,0.0
d6233ab6,single-session-preference,rrf_sentence,1.0,1.0,0.5706417189553201,1.0
d6233ab6,single-session-preference,rrf_cards_hand,0.5,0.5,0.2640681225725909,1.0
d6233ab6,single-session-preference,rrf_cards_m11,0.5,0.5,0.3065735963827292,1.0
d6233ab6,single-session-preference,rrf_cards_m13,0.5,1.0,0.45749452618986164,1.0
d6233ab6,single-session-preference,rrf_cards_m17,0.5,0.5,0.3065735963827292,1.0
d6233ab6,single-session-preference,rrf_turn_route,0.0,0.0,0.0,0.0
d6233ab6,single-session-preference,dense_session_mean,,,,0.0
d6233ab6,single-session-preference,bm25_session,,,,0.0
1da05512,single-session-preference,turn,0.5,1.0,0.7903864795495061,1.0
1da05512,single-session-preference,sentence,1.0,1.0,0.8772153153380493,1.0
1da05512,single-session-preference,cards_hand,0.5,1.0,0.8315546295836225,1.0
1da05512,single-session-preference,pos_hand,0.5,1.0,0.8315546295836225,1.0
1da05512,single-session-preference,cards_m11,0.5,1.0,0.8315546295836225,1.0
1da05512,single-session-preference,pos_m11,0.5,1.0,0.8315546295836225,1.0
1da05512,single-session-preference,cards_m13,0.5,1.0,0.42177340954886444,1.0
1da05512,single-session-preference,pos_m13,0.5,1.0,0.42177340954886444,1.0
1da05512,single-session-preference,cards_m17,1.0,1.0,0.8772153153380493,1.0
1da05512,single-session-preference,pos_m17,1.0,1.0,0.8772153153380493,1.0
1da05512,single-session-preference,bm25_turn,0.0,0.5,0.17723928678404774,1.0
1da05512,single-session-preference,bm25_cards_hand,0.0,0.0,0.0,1.0
1da05512,single-session-preference,rrf_turn,0.5,0.5,0.23719771276929622,1.0
1da05512,single-session-preference,rrf_sentence,0.5,1.0,0.5714285040141098,1.0
1da05512,single-session-preference,rrf_cards_hand,0.5,0.5,0.23719771276929622,1.0
1da05512,single-session-preference,rrf_cards_m11,0.5,0.5,0.38685280723454163,1.0
1da05512,single-session-preference,rrf_cards_m13,0.0,0.5,0.18457569677956817,1.0
1da05512,single-session-preference,rrf_cards_m17,0.5,1.0,0.5714285040141098,1.0
1da05512,single-session-preference,rrf_turn_route,0.5,0.5,0.23719771276929622,1.0
1da05512,single-session-preference,dense_session_mean,,,,1.0
1da05512,single-session-preference,bm25_session,,,,1.0
fca70973,single-session-preference,turn,1.0,1.0,1.0,1.0
fca70973,single-session-preference,sentence,1.0,1.0,1.0,1.0
fca70973,single-session-preference,cards_hand,1.0,1.0,1.0,1.0
fca70973,single-session-preference,pos_hand,1.0,1.0,1.0,1.0
fca70973,single-session-preference,cards_m11,1.0,1.0,1.0,1.0
fca70973,single-session-preference,pos_m11,1.0,1.0,1.0,1.0
fca70973,single-session-preference,cards_m13,1.0,1.0,1.0,1.0
fca70973,single-session-preference,pos_m13,1.0,1.0,1.0,1.0
fca70973,single-session-preference,cards_m17,1.0,1.0,1.0,1.0
fca70973,single-session-preference,pos_m17,1.0,1.0,1.0,1.0
fca70973,single-session-preference,bm25_turn,1.0,1.0,0.43067655807339306,1.0
fca70973,single-session-preference,bm25_cards_hand,1.0,1.0,0.43067655807339306,1.0
fca70973,single-session-preference,rrf_turn,1.0,1.0,1.0,1.0
fca70973,single-session-preference,rrf_sentence,1.0,1.0,1.0,1.0
fca70973,single-session-preference,rrf_cards_hand,1.0,1.0,1.0,1.0
fca70973,single-session-preference,rrf_cards_m11,1.0,1.0,1.0,1.0
fca70973,single-session-preference,rrf_cards_m13,1.0,1.0,1.0,1.0
fca70973,single-session-preference,rrf_cards_m17,1.0,1.0,1.0,1.0
fca70973,single-session-preference,rrf_turn_route,1.0,1.0,1.0,1.0
fca70973,single-session-preference,dense_session_mean,,,,1.0
fca70973,single-session-preference,bm25_session,,,,1.0
b6025781,single-session-preference,turn,1.0,1.0,0.6309297535714575,1.0
b6025781,single-session-preference,sentence,1.0,1.0,0.5,1.0
b6025781,single-session-preference,cards_hand,1.0,1.0,0.38685280723454163,1.0
b6025781,single-session-preference,pos_hand,1.0,1.0,0.38685280723454163,1.0
b6025781,single-session-preference,cards_m11,1.0,1.0,0.43067655807339306,1.0
b6025781,single-session-preference,pos_m11,1.0,1.0,0.43067655807339306,1.0
b6025781,single-session-preference,cards_m13,1.0,1.0,0.38685280723454163,1.0
b6025781,single-session-preference,pos_m13,1.0,1.0,0.38685280723454163,1.0
b6025781,single-session-preference,cards_m17,1.0,1.0,0.43067655807339306,1.0
b6025781,single-session-preference,pos_m17,1.0,1.0,0.43067655807339306,1.0
b6025781,single-session-preference,bm25_turn,1.0,1.0,0.5,1.0
b6025781,single-session-preference,bm25_cards_hand,1.0,1.0,0.5,1.0
b6025781,single-session-preference,rrf_turn,1.0,1.0,1.0,1.0
b6025781,single-session-preference,rrf_sentence,1.0,1.0,0.5,1.0
b6025781,single-session-preference,rrf_cards_hand,1.0,1.0,0.5,1.0
b6025781,single-session-preference,rrf_cards_m11,1.0,1.0,0.5,1.0
b6025781,single-session-preference,rrf_cards_m13,1.0,1.0,0.6309297535714575,1.0
b6025781,single-session-preference,rrf_cards_m17,1.0,1.0,0.5,1.0
b6025781,single-session-preference,rrf_turn_route,1.0,1.0,1.0,1.0
b6025781,single-session-preference,dense_session_mean,,,,1.0
b6025781,single-session-preference,bm25_session,,,,1.0
a89d7624,single-session-preference,turn,1.0,1.0,1.0,1.0
a89d7624,single-session-preference,sentence,1.0,1.0,0.6934264036172708,1.0
a89d7624,single-session-preference,cards_hand,1.0,1.0,0.6934264036172708,1.0
a89d7624,single-session-preference,pos_hand,1.0,1.0,0.6934264036172708,1.0
a89d7624,single-session-preference,cards_m11,1.0,1.0,0.6934264036172708,1.0
a89d7624,single-session-preference,pos_m11,1.0,1.0,0.6934264036172708,1.0
a89d7624,single-session-preference,cards_m13,1.0,1.0,0.6934264036172708,1.0
a89d7624,single-session-preference,pos_m13,1.0,1.0,0.6934264036172708,1.0
a89d7624,single-session-preference,cards_m17,1.0,1.0,0.6934264036172708,1.0
a89d7624,single-session-preference,pos_m17,1.0,1.0,0.6934264036172708,1.0
a89d7624,single-session-preference,bm25_turn,0.0,1.0,0.41183384043543503,1.0
a89d7624,single-session-preference,bm25_cards_hand,0.0,0.5,0.17723928678404774,0.0
a89d7624,single-session-preference,rrf_turn,1.0,1.0,0.9197207891481876,1.0
a89d7624,single-session-preference,rrf_sentence,1.0,1.0,0.6934264036172708,1.0
a89d7624,single-session-preference,rrf_cards_hand,0.5,1.0,0.8315546295836225,1.0
a89d7624,single-session-preference,rrf_cards_m11,1.0,1.0,0.6509209298071326,1.0
a89d7624,single-session-preference,rrf_cards_m13,1.0,1.0,0.6509209298071326,1.0
a89d7624,single-session-preference,rrf_cards_m17,1.0,1.0,0.6509209298071326,1.0
a89d7624,single-session-preference,rrf_turn_route,1.0,1.0,0.9197207891481876,1.0
a89d7624,single-session-preference,dense_session_mean,,,,1.0
a89d7624,single-session-preference,bm25_session,,,,1.0
b0479f84,single-session-preference,turn,1.0,1.0,1.0,1.0
b0479f84,single-session-preference,sentence,1.0,1.0,1.0,1.0
b0479f84,single-session-preference,cards_hand,1.0,1.0,1.0,1.0
b0479f84,single-session-preference,pos_hand,1.0,1.0,1.0,1.0
b0479f84,single-session-preference,cards_m11,1.0,1.0,1.0,1.0
b0479f84,single-session-preference,pos_m11,1.0,1.0,1.0,1.0
b0479f84,single-session-preference,cards_m13,1.0,1.0,1.0,1.0
b0479f84,single-session-preference,pos_m13,1.0,1.0,1.0,1.0
b0479f84,single-session-preference,cards_m17,1.0,1.0,1.0,1.0
b0479f84,single-session-preference,pos_m17,1.0,1.0,1.0,1.0
b0479f84,single-session-preference,bm25_turn,1.0,1.0,1.0,1.0
b0479f84,single-session-preference,bm25_cards_hand,1.0,1.0,0.38685280723454163,1.0
b0479f84,single-session-preference,rrf_turn,1.0,1.0,1.0,1.0
b0479f84,single-session-preference,rrf_sentence,1.0,1.0,1.0,1.0
b0479f84,single-session-preference,rrf_cards_hand,1.0,1.0,1.0,1.0
b0479f84,single-session-preference,rrf_cards_m11,1.0,1.0,1.0,1.0
b0479f84,single-session-preference,rrf_cards_m13,1.0,1.0,1.0,1.0
b0479f84,single-session-preference,rrf_cards_m17,1.0,1.0,1.0,1.0
b0479f84,single-session-preference,rrf_turn_route,1.0,1.0,1.0,1.0
b0479f84,single-session-preference,dense_session_mean,,,,1.0
b0479f84,single-session-preference,bm25_session,,,,1.0
1d4e3b97,single-session-preference,turn,0.0,0.0,0.0,1.0
1d4e3b97,single-session-preference,sentence,0.5,0.5,0.6131471927654584,1.0
1d4e3b97,single-session-preference,cards_hand,0.5,0.5,0.6131471927654584,1.0
1d4e3b97,single-session-preference,pos_hand,0.5,0.5,0.6131471927654584,1.0
1d4e3b97,single-session-preference,cards_m11,0.5,0.5,0.6131471927654584,1.0
1d4e3b97,single-session-preference,pos_m11,0.5,0.5,0.6131471927654584,1.0
1d4e3b97,single-session-preference,cards_m13,0.5,0.5,0.6131471927654584,1.0
1d4e3b97,single-session-preference,pos_m13,0.5,0.5,0.6131471927654584,1.0
1d4e3b97,single-session-preference,cards_m17,0.5,0.5,0.6131471927654584,1.0
1d4e3b97,single-session-preference,pos_m17,0.5,0.5,0.6131471927654584,1.0
1d4e3b97,single-session-preference,bm25_turn,0.0,0.5,0.17723928678404774,1.0
1d4e3b97,single-session-preference,bm25_cards_hand,0.5,0.5,0.2640681225725909,1.0
1d4e3b97,single-session-preference,rrf_turn,0.0,0.5,0.20438239758848611,1.0
1d4e3b97,single-session-preference,rrf_sentence,0.5,1.0,0.48381288316677695,1.0
1d4e3b97,single-session-preference,rrf_cards_hand,0.5,1.0,0.6052602440527057,1.0
1d4e3b97,single-session-preference,rrf_cards_m11,0.5,1.0,0.48381288316677695,1.0
1d4e3b97,single-session-preference,rrf_cards_m13,0.5,1.0,0.4911492931622974,1.0
1d4e3b97,single-session-preference,rrf_cards_m17,0.5,1.0,0.45749452618986164,1.0
1d4e3b97,single-session-preference,rrf_turn_route,0.5,1.0,0.46845052016107697,1.0
1d4e3b97,single-session-preference,dense_session_mean,,,,1.0
1d4e3b97,single-session-preference,bm25_session,,,,1.0
07b6f563,single-session-preference,turn,1.0,1.0,0.8503449055347546,1.0
07b6f563,single-session-preference,sentence,0.5,0.5,0.38685280723454163,1.0
07b6f563,single-session-preference,cards_hand,0.5,1.0,0.5640920940185894,1.0
07b6f563,single-session-preference,pos_hand,0.5,1.0,0.5640920940185894,1.0
07b6f563,single-session-preference,cards_m11,0.5,1.0,0.7903864795495061,1.0
07b6f563,single-session-preference,pos_m11,0.5,1.0,0.7903864795495061,1.0
07b6f563,single-session-preference,cards_m13,0.5,0.5,0.6131471927654584,1.0
07b6f563,single-session-preference,pos_m13,0.5,0.5,0.6131471927654584,1.0
07b6f563,single-session-preference,cards_m17,0.5,1.0,0.7903864795495061,1.0
07b6f563,single-session-preference,pos_m17,0.5,1.0,0.7903864795495061,1.0
07b6f563,single-session-preference,bm25_turn,0.5,0.5,0.2640681225725909,1.0
07b6f563,single-session-preference,bm25_cards_hand,0.0,0.0,0.0,1.0
07b6f563,single-session-preference,rrf_turn,1.0,1.0,0.8503449055347546,1.0
07b6f563,single-session-preference,rrf_sentence,0.5,1.0,0.7903864795495061,1.0
07b6f563,single-session-preference,rrf_cards_hand,0.5,1.0,0.5109559939712153,1.0
07b6f563,single-session-preference,rrf_cards_m11,0.5,1.0,0.8175295903539445,1.0
07b6f563,single-session-preference,rrf_cards_m13,0.5,1.0,0.8175295903539445,1.0
07b6f563,single-session-preference,rrf_cards_m17,0.5,1.0,0.8175295903539445,1.0
07b6f563,single-session-preference,rrf_turn_route,1.0,1.0,0.8503449055347546,1.0
07b6f563,single-session-preference,dense_session_mean,,,,1.0
07b6f563,single-session-preference,bm25_session,,,,1.0
1c0ddc50,single-session-preference,turn,0.0,0.0,0.0,1.0
1c0ddc50,single-session-preference,sentence,0.0,0.5,0.18457569677956817,1.0
1c0ddc50,single-session-preference,cards_hand,0.0,0.0,0.0,1.0
1c0ddc50,single-session-preference,pos_hand,0.0,0.0,0.0,1.0
1c0ddc50,single-session-preference,cards_m11,0.0,0.5,0.17723928678404774,1.0
1c0ddc50,single-session-preference,pos_m11,0.0,0.5,0.18457569677956817,1.0
1c0ddc50,single-session-preference,cards_m13,0.0,0.5,0.17723928678404774,1.0
1c0ddc50,single-session-preference,pos_m13,0.0,0.5,0.18457569677956817,1.0
1c0ddc50,single-session-preference,cards_m17,0.0,0.5,0.19342640361727081,1.0
1c0ddc50,single-session-preference,pos_m17,0.0,0.5,0.19342640361727081,1.0
1c0ddc50,single-session-preference,bm25_turn,0.0,1.0,0.39780880120575696,1.0
1c0ddc50,single-session-preference,bm25_cards_hand,0.0,0.5,0.19342640361727081,0.0
1c0ddc50,single-session-preference,rrf_turn,0.0,1.0,0.41183384043543503,1.0
1c0ddc50,single-session-preference,rrf_sentence,0.5,1.0,0.4415801103577823,1.0
1c0ddc50,single-session-preference,rrf_cards_hand,0.0,0.5,0.19342640361727081,1.0
1c0ddc50,single-session-preference,rrf_cards_m11,0.0,1.0,0.3889580943680543,1.0
1c0ddc50,single-session-preference,rrf_cards_m13,0.0,1.0,0.38162168437253385,1.0
1c0ddc50,single-session-preference,rrf_cards_m17,0.5,0.5,0.23719771276929622,1.0
1c0ddc50,single-session-preference,rrf_turn_route,0.0,1.0,0.41183384043543503,1.0
1c0ddc50,single-session-preference,dense_session_mean,,,,1.0
1c0ddc50,single-session-preference,bm25_session,,,,1.0
0a34ad58,single-session-preference,turn,0.0,0.0,0.0,1.0
0a34ad58,single-session-preference,sentence,0.0,0.0,0.0,1.0
0a34ad58,single-session-preference,cards_hand,0.0,0.0,0.0,1.0
0a34ad58,single-session-preference,pos_hand,0.0,0.0,0.0,1.0
0a34ad58,single-session-preference,cards_m11,0.0,0.0,0.0,1.0
0a34ad58,single-session-preference,pos_m11,0.0,0.0,0.0,1.0
0a34ad58,single-session-preference,cards_m13,0.0,0.0,0.0,1.0
0a34ad58,single-session-preference,pos_m13,0.0,0.0,0.0,1.0
0a34ad58,single-session-preference,cards_m17,0.0,0.0,0.0,1.0
0a34ad58,single-session-preference,pos_m17,0.0,0.0,0.0,1.0
0a34ad58,single-session-preference,bm25_turn,0.0,0.0,0.0,1.0
0a34ad58,single-session-preference,bm25_cards_hand,0.0,0.0,0.0,0.0
0a34ad58,single-session-preference,rrf_turn,0.0,0.0,0.0,1.0
0a34ad58,single-session-preference,rrf_sentence,0.0,0.0,0.0,1.0
0a34ad58,single-session-preference,rrf_cards_hand,0.0,0.0,0.0,1.0
0a34ad58,single-session-preference,rrf_cards_m11,0.0,0.0,0.0,1.0
0a34ad58,single-session-preference,rrf_cards_m13,0.0,0.0,0.0,1.0
0a34ad58,single-session-preference,rrf_cards_m17,0.0,0.0,0.0,1.0
0a34ad58,single-session-preference,rrf_turn_route,0.0,0.0,0.0,1.0
0a34ad58,single-session-preference,dense_session_mean,,,,1.0
0a34ad58,single-session-preference,bm25_session,,,,1.0
d3ab962e,multi-session,turn,0.0,0.5,0.17723928678404774,1.0
d3ab962e,multi-session,sentence,0.5,1.0,0.5249810332008933,1.0
d3ab962e,multi-session,cards_hand,0.5,1.0,0.5109559939712153,1.0
d3ab962e,multi-session,pos_hand,0.5,1.0,0.5109559939712153,1.0
d3ab962e,multi-session,cards_m11,0.0,0.5,0.21840743681816419,1.0
d3ab962e,multi-session,pos_m11,0.0,0.5,0.21840743681816419,1.0
d3ab962e,multi-session,cards_m13,0.0,0.5,0.20438239758848611,1.0
d3ab962e,multi-session,pos_m13,0.0,0.5,0.21840743681816419,1.0
d3ab962e,multi-session,cards_m17,0.0,0.5,0.21840743681816419,1.0
d3ab962e,multi-session,pos_m17,0.0,0.5,0.21840743681816419,1.0
d3ab962e,multi-session,bm25_turn,1.0,1.0,0.8503449055347546,1.0
d3ab962e,multi-session,bm25_cards_hand,0.5,1.0,0.7977228895450266,0.5
d3ab962e,multi-session,rrf_turn,1.0,1.0,0.9197207891481876,1.0
d3ab962e,multi-session,rrf_sentence,1.0,1.0,1.0,1.0
d3ab962e,multi-session,rrf_cards_hand,1.0,1.0,1.0,1.0
d3ab962e,multi-session,rrf_cards_m11,1.0,1.0,0.9197207891481876,1.0
d3ab962e,multi-session,rrf_cards_m13,1.0,1.0,0.8772153153380493,1.0
d3ab962e,multi-session,rrf_cards_m17,1.0,1.0,0.8772153153380493,1.0
d3ab962e,multi-session,rrf_turn_route,1.0,1.0,0.9197207891481876,1.0
d3ab962e,multi-session,dense_session_mean,,,,0.5
d3ab962e,multi-session,bm25_session,,,,0.0
2311e44b,multi-session,turn,1.0,1.0,0.8772153153380493,1.0
2311e44b,multi-session,sentence,1.0,1.0,0.8772153153380493,1.0
2311e44b,multi-session,cards_hand,1.0,1.0,0.8503449055347546,1.0
2311e44b,multi-session,pos_hand,1.0,1.0,0.8503449055347546,1.0
2311e44b,multi-session,cards_m11,1.0,1.0,0.8772153153380493,1.0
2311e44b,multi-session,pos_m11,1.0,1.0,0.8503449055347546,1.0
2311e44b,multi-session,cards_m13,1.0,1.0,0.8503449055347546,1.0
2311e44b,multi-session,pos_m13,1.0,1.0,0.8503449055347546,1.0
2311e44b,multi-session,cards_m17,1.0,1.0,0.8503449055347546,1.0
2311e44b,multi-session,pos_m17,1.0,1.0,0.8503449055347546,1.0
2311e44b,multi-session,bm25_turn,0.5,1.0,0.5714285040141098,1.0
2311e44b,multi-session,bm25_cards_hand,0.5,0.5,0.2640681225725909,1.0
2311e44b,multi-session,rrf_turn,0.5,1.0,0.8315546295836225,1.0
2311e44b,multi-session,rrf_sentence,0.5,1.0,0.8315546295836225,1.0
2311e44b,multi-session,rrf_cards_hand,0.5,1.0,0.5640920940185894,1.0
2311e44b,multi-session,rrf_cards_m11,0.5,1.0,0.8175295903539445,1.0
2311e44b,multi-session,rrf_cards_m13,0.5,1.0,0.8065735963827293,1.0
2311e44b,multi-session,rrf_cards_m17,0.5,1.0,0.8065735963827293,1.0
2311e44b,multi-session,rrf_turn_route,1.0,1.0,1.0,1.0
2311e44b,multi-session,dense_session_mean,,,,1.0
2311e44b,multi-session,bm25_session,,,,1.0
cc06de0d,multi-session,turn,1.0,1.0,0.5012658353418871,1.0
cc06de0d,multi-session,sentence,1.0,1.0,0.5437713091520254,1.0
cc06de0d,multi-session,cards_hand,1.0,1.0,0.5706417189553201,1.0
cc06de0d,multi-session,pos_hand,0.5,1.0,0.5,1.0
cc06de0d,multi-session,cards_m11,1.0,1.0,0.5437713091520254,1.0
cc06de0d,multi-session,pos_m11,1.0,1.0,0.5437713091520254,1.0
cc06de0d,multi-session,cards_m13,0.5,1.0,0.45560514958746035,1.0
cc06de0d,multi-session,pos_m13,1.0,1.0,0.5012658353418871,1.0
cc06de0d,multi-session,cards_m17,1.0,1.0,0.5437713091520254,1.0
cc06de0d,multi-session,pos_m17,0.5,1.0,0.5249810332008933,1.0
cc06de0d,multi-session,bm25_turn,1.0,1.0,0.6240505200038379,1.0
cc06de0d,multi-session,bm25_cards_hand,0.5,1.0,0.5714285040141098,1.0
cc06de0d,multi-session,rrf_turn,1.0,1.0,0.5012658353418871,1.0
cc06de0d,multi-session,rrf_sentence,1.0,1.0,0.6934264036172708,1.0
cc06de0d,multi-session,rrf_cards_hand,0.5,1.0,0.6052602440527057,1.0
cc06de0d,multi-session,rrf_cards_m11,1.0,1.0,0.6934264036172708,1.0
cc06de0d,multi-session,rrf_cards_m13,1.0,1.0,0.5012658353418871,1.0
cc06de0d,multi-session,rrf_cards_m17,1.0,1.0,0.6509209298071326,1.0
cc06de0d,multi-session,rrf_turn_route,1.0,1.0,0.5706417189553201,1.0
cc06de0d,multi-session,dense_session_mean,,,,1.0
cc06de0d,multi-session,bm25_session,,,,1.0
a11281a2,multi-session,turn,0.5,0.5,0.6131471927654584,1.0
a11281a2,multi-session,sentence,1.0,1.0,0.9197207891481876,1.0
a11281a2,multi-session,cards_hand,1.0,1.0,0.8503449055347546,1.0
a11281a2,multi-session,pos_hand,1.0,1.0,0.9197207891481876,1.0
a11281a2,multi-session,cards_m11,1.0,1.0,0.8503449055347546,1.0
a11281a2,multi-session,pos_m11,1.0,1.0,0.9197207891481876,1.0
a11281a2,multi-session,cards_m13,1.0,1.0,0.9197207891481876,1.0
a11281a2,multi-session,pos_m13,1.0,1.0,0.9197207891481876,1.0
a11281a2,multi-session,cards_m17,0.5,0.5,0.6131471927654584,1.0
a11281a2,multi-session,pos_m17,0.5,1.0,0.7903864795495061,1.0
a11281a2,multi-session,bm25_turn,1.0,1.0,0.9197207891481876,1.0
a11281a2,multi-session,bm25_cards_hand,1.0,1.0,0.8772153153380493,1.0
a11281a2,multi-session,rrf_turn,0.5,1.0,0.8065735963827293,1.0
a11281a2,multi-session,rrf_sentence,1.0,1.0,0.9197207891481876,1.0
a11281a2,multi-session,rrf_cards_hand,1.0,1.0,0.8772153153380493,1.0
a11281a2,multi-session,rrf_cards_m11,1.0,1.0,0.8772153153380493,1.0
a11281a2,multi-session,rrf_cards_m13,1.0,1.0,0.9197207891481876,1.0
a11281a2,multi-session,rrf_cards_m17,0.5,1.0,0.8315546295836225,1.0
a11281a2,multi-session,rrf_turn_route,1.0,1.0,0.8772153153380493,1.0
a11281a2,multi-session,dense_session_mean,,,,1.0
a11281a2,multi-session,bm25_session,,,,1.0
4f54b7c9,multi-session,turn,0.5,0.5,0.6131471927654584,1.0
4f54b7c9,multi-session,sentence,0.5,1.0,0.8065735963827293,1.0
4f54b7c9,multi-session,cards_hand,0.5,1.0,0.5249810332008933,1.0
4f54b7c9,multi-session,pos_hand,0.5,1.0,0.48247555939075504,1.0
4f54b7c9,multi-session,cards_m11,1.0,1.0,0.8772153153380493,1.0
4f54b7c9,multi-session,pos_m11,1.0,1.0,0.5437713091520254,1.0
4f54b7c9,multi-session,cards_m13,1.0,1.0,0.9197207891481876,1.0
4f54b7c9,multi-session,pos_m13,1.0,1.0,0.6509209298071326,1.0
4f54b7c9,multi-session,cards_m17,0.5,1.0,0.8065735963827293,1.0
4f54b7c9,multi-session,pos_m17,0.5,1.0,0.7977228895450266,1.0
4f54b7c9,multi-session,bm25_turn,0.5,1.0,0.8315546295836225,1.0
4f54b7c9,multi-session,bm25_cards_hand,0.5,0.5,0.6131471927654584,1.0
4f54b7c9,multi-session,rrf_turn,0.5,1.0,0.7977228895450266,1.0
4f54b7c9,multi-session,rrf_sentence,0.5,1.0,0.8315546295836225,1.0
4f54b7c9,multi-session,rrf_cards_hand,0.5,1.0,0.8175295903539445,1.0
4f54b7c9,multi-session,rrf_cards_m11,1.0,1.0,0.8772153153380493,1.0
4f54b7c9,multi-session,rrf_cards_m13,1.0,1.0,0.9197207891481876,1.0
4f54b7c9,multi-session,rrf_cards_m17,0.5,1.0,0.8175295903539445,1.0
4f54b7c9,multi-session,rrf_turn_route,0.5,1.0,0.8315546295836225,1.0
4f54b7c9,multi-session,dense_session_mean,,,,1.0
4f54b7c9,multi-session,bm25_session,,,,1.0
85fa3a3f,multi-session,turn,0.6666666666666666,1.0,0.5400753810454857,1.0
85fa3a3f,multi-session,sentence,0.3333333333333333,1.0,0.558226059985166,1.0
85fa3a3f,multi-session,cards_hand,0.3333333333333333,1.0,0.5051284895111403,1.0
85fa3a3f,multi-session,pos_hand,0.3333333333333333,1.0,0.558226059985166,1.0
85fa3a3f,multi-session,cards_m11,0.3333333333333333,0.6666666666666666,0.34870224750355494,1.0
85fa3a3f,multi-session,pos_m11,0.3333333333333333,1.0,0.5498407734605131,1.0
85fa3a3f,multi-session,cards_m13,0.6666666666666666,0.6666666666666666,0.4367467095119258,1.0
85fa3a3f,multi-session,pos_m13,0.6666666666666666,1.0,0.5931729515195112,1.0
85fa3a3f,multi-session,cards_m17,0.3333333333333333,1.0,0.5498407734605131,1.0
85fa3a3f,multi-session,pos_m17,0.3333333333333333,1.0,0.5498407734605131,1.0
85fa3a3f,multi-session,bm25_turn,0.3333333333333333,1.0,0.619668607939653,1.0
85fa3a3f,multi-session,bm25_cards_hand,0.3333333333333333,1.0,0.5853898393086269,1.0
85fa3a3f,multi-session,rrf_turn,0.6666666666666666,1.0,0.5508095940041026,1.0
85fa3a3f,multi-session,rrf_sentence,0.6666666666666666,1.0,0.5726073975563163,1.0
85fa3a3f,multi-session,rrf_cards_hand,0.6666666666666666,1.0,0.5316900945208328,1.0
85fa3a3f,multi-session,rrf_cards_m11,0.3333333333333333,1.0,0.5173087569496825,1.0
85fa3a3f,multi-session,rrf_cards_m13,0.6666666666666666,1.0,0.5400753810454857,1.0
85fa3a3f,multi-session,rrf_cards_m17,0.3333333333333333,1.0,0.5498407734605131,1.0
85fa3a3f,multi-session,rrf_turn_route,1.0,1.0,0.7328286204777911,1.0
85fa3a3f,multi-session,dense_session_mean,,,,1.0
85fa3a3f,multi-session,bm25_session,,,,1.0
9aaed6a3,multi-session,turn,0.0,0.0,0.0,1.0
9aaed6a3,multi-session,sentence,0.5,0.5,0.3065735963827292,1.0
9aaed6a3,multi-session,cards_hand,0.5,0.5,0.3065735963827292,1.0
9aaed6a3,multi-session,pos_hand,0.5,0.5,0.3065735963827292,1.0
9aaed6a3,multi-session,cards_m11,0.5,0.5,0.2640681225725909,1.0
9aaed6a3,multi-session,pos_m11,0.5,0.5,0.3065735963827292,1.0
9aaed6a3,multi-session,cards_m13,0.0,0.0,0.0,1.0
9aaed6a3,multi-session,pos_m13,0.0,0.0,0.0,1.0
9aaed6a3,multi-session,cards_m17,0.0,0.0,0.0,1.0
9aaed6a3,multi-session,pos_m17,0.0,0.0,0.0,1.0
9aaed6a3,multi-session,bm25_turn,1.0,1.0,0.9197207891481876,1.0
9aaed6a3,multi-session,bm25_cards_hand,0.5,1.0,0.8175295903539445,1.0
9aaed6a3,multi-session,rrf_turn,0.5,1.0,0.45560514958746035,1.0
9aaed6a3,multi-session,rrf_sentence,0.5,1.0,0.5802792108518124,1.0
9aaed6a3,multi-session,rrf_cards_hand,0.5,1.0,0.8065735963827293,1.0
9aaed6a3,multi-session,rrf_cards_m11,0.5,1.0,0.6052602440527057,1.0
9aaed6a3,multi-session,rrf_cards_m13,0.5,1.0,0.45560514958746035,1.0
9aaed6a3,multi-session,rrf_cards_m17,0.5,1.0,0.430624116386567,1.0
9aaed6a3,multi-session,rrf_turn_route,1.0,1.0,1.0,1.0
9aaed6a3,multi-session,dense_session_mean,,,,1.0
9aaed6a3,multi-session,bm25_session,,,,1.0
1f2b8d4f,multi-session,turn,0.0,1.0,0.37800210039683896,1.0
1f2b8d4f,multi-session,sentence,0.0,0.5,0.21840743681816419,1.0
1f2b8d4f,multi-session,cards_hand,0.5,1.0,0.41443699955334395,1.0
1f2b8d4f,multi-session,pos_hand,0.5,0.5,0.23719771276929622,1.0
1f2b8d4f,multi-session,cards_m11,0.0,0.5,0.21840743681816419,1.0
1f2b8d4f,multi-session,pos_m11,0.0,0.5,0.21840743681816419,1.0
1f2b8d4f,multi-session,cards_m13,0.0,0.5,0.17723928678404774,1.0
1f2b8d4f,multi-session,pos_m13,0.0,0.5,0.17723928678404774,1.0
1f2b8d4f,multi-session,cards_m17,0.0,0.5,0.17723928678404774,1.0
1f2b8d4f,multi-session,pos_m17,0.0,0.5,0.17723928678404774,1.0
1f2b8d4f,multi-session,bm25_turn,0.5,1.0,0.5714285040141098,1.0
1f2b8d4f,multi-session,bm25_cards_hand,0.5,1.0,0.7903864795495061,1.0
1f2b8d4f,multi-session,rrf_turn,0.5,1.0,0.448643819352159,1.0
1f2b8d4f,multi-session,rrf_sentence,0.5,1.0,0.448643819352159,1.0
1f2b8d4f,multi-session,rrf_cards_hand,0.5,1.0,0.7977228895450266,1.0
1f2b8d4f,multi-session,rrf_cards_m11,0.5,1.0,0.448643819352159,1.0
1f2b8d4f,multi-session,rrf_cards_m13,0.0,0.5,0.21840743681816419,1.0
1f2b8d4f,multi-session,rrf_cards_m17,0.0,1.0,0.40298313359773236,1.0
1f2b8d4f,multi-session,rrf_turn_route,0.5,1.0,0.6052602440527057,1.0
1f2b8d4f,multi-session,dense_session_mean,,,,1.0
1f2b8d4f,multi-session,bm25_session,,,,1.0
e6041065,multi-session,turn,0.5,1.0,0.48381288316677695,1.0
e6041065,multi-session,sentence,1.0,1.0,1.0,1.0
e6041065,multi-session,cards_hand,1.0,1.0,0.8772153153380493,1.0
e6041065,multi-session,pos_hand,1.0,1.0,0.8772153153380493,1.0
e6041065,multi-session,cards_m11,1.0,1.0,0.8503449055347546,1.0
e6041065,multi-session,pos_m11,0.5,1.0,0.8315546295836225,1.0
e6041065,multi-session,cards_m13,0.5,1.0,0.8065735963827293,1.0
e6041065,multi-session,pos_m13,0.5,1.0,0.8315546295836225,1.0
e6041065,multi-session,cards_m17,1.0,1.0,0.8503449055347546,1.0
e6041065,multi-session,pos_m17,1.0,1.0,0.8772153153380493,1.0
e6041065,multi-session,bm25_turn,1.0,1.0,1.0,1.0
e6041065,multi-session,bm25_cards_hand,1.0,1.0,0.9197207891481876,1.0
e6041065,multi-session,rrf_turn,1.0,1.0,1.0,1.0
e6041065,multi-session,rrf_sentence,1.0,1.0,1.0,1.0
e6041065,multi-session,rrf_cards_hand,1.0,1.0,1.0,1.0
e6041065,multi-session,rrf_cards_m11,1.0,1.0,1.0,1.0
e6041065,multi-session,rrf_cards_m13,1.0,1.0,1.0,1.0
e6041065,multi-session,rrf_cards_m17,1.0,1.0,1.0,1.0
e6041065,multi-session,rrf_turn_route,1.0,1.0,1.0,1.0
e6041065,multi-session,dense_session_mean,,,,1.0
e6041065,multi-session,bm25_session,,,,1.0
51c32626,multi-session,turn,0.0,0.0,0.0,1.0
51c32626,multi-session,sentence,0.5,0.5,0.3065735963827292,1.0
51c32626,multi-session,cards_hand,0.0,0.5,0.18457569677956817,1.0
51c32626,multi-session,pos_hand,0.0,1.0,0.3706656904013186,1.0
51c32626,multi-session,cards_m11,0.5,1.0,0.5640920940185894,1.0
51c32626,multi-session,pos_m11,0.5,1.0,0.5640920940185894,1.0
51c32626,multi-session,cards_m13,0.0,0.5,0.17723928678404774,1.0
51c32626,multi-session,pos_m13,0.0,1.0,0.36181498356361597,1.0
51c32626,multi-session,cards_m17,0.5,1.0,0.42177340954886444,1.0
51c32626,multi-session,pos_m17,0.0,1.0,0.3706656904013186,1.0
51c32626,multi-session,bm25_turn,0.5,0.5,0.6131471927654584,1.0
51c32626,multi-session,bm25_cards_hand,0.5,0.5,0.38685280723454163,1.0
51c32626,multi-session,rrf_turn,0.0,0.5,0.20438239758848611,1.0
51c32626,multi-session,rrf_sentence,0.5,0.5,0.38685280723454163,1.0
51c32626,multi-session,rrf_cards_hand,0.5,0.5,0.2640681225725909,1.0
51c32626,multi-session,rrf_cards_m11,0.5,0.5,0.6131471927654584,1.0
51c32626,multi-session,rrf_cards_m13,0.5,0.5,0.2640681225725909,1.0
51c32626,multi-session,rrf_cards_m17,0.5,0.5,0.38685280723454163,1.0
51c32626,multi-session,rrf_turn_route,0.5,0.5,0.3065735963827292,1.0
51c32626,multi-session,dense_session_mean,,,,1.0
51c32626,multi-session,bm25_session,,,,1.0
d905b33f,multi-session,turn,1.0,1.0,0.8772153153380493,1.0
d905b33f,multi-session,sentence,1.0,1.0,0.5706417189553201,1.0
d905b33f,multi-session,cards_hand,0.5,1.0,0.5249810332008933,1.0
d905b33f,multi-session,pos_hand,0.5,1.0,0.5249810332008933,1.0
d905b33f,multi-session,cards_m11,1.0,1.0,0.5437713091520254,1.0
d905b33f,multi-session,pos_m11,0.5,1.0,0.45560514958746035,1.0
d905b33f,multi-session,cards_m13,0.5,1.0,0.5249810332008933,1.0
d905b33f,multi-session,pos_m13,0.5,1.0,0.5109559939712153,1.0
d905b33f,multi-session,cards_m17,1.0,1.0,0.5437713091520254,1.0
d905b33f,multi-session,pos_m17,0.5,1.0,0.5249810332008933,1.0
d905b33f,multi-session,bm25_turn,1.0,1.0,0.6509209298071326,1.0
d905b33f,multi-session,bm25_cards_hand,1.0,1.0,0.6509209298071326,1.0
d905b33f,multi-session,rrf_turn,1.0,1.0,0.8772153153380493,1.0
d905b33f,multi-session,rrf_sentence,1.0,1.0,0.5706417189553201,1.0
d905b33f,multi-session,rrf_cards_hand,1.0,1.0,0.5706417189553201,1.0
d905b33f,multi-session,rrf_cards_m11,1.0,1.0,0.5706417189553201,1.0
d905b33f,multi-session,rrf_cards_m13,1.0,1.0,0.5706417189553201,1.0
d905b33f,multi-session,rrf_cards_m17,1.0,1.0,0.5706417189553201,1.0
d905b33f,multi-session,rrf_turn_route,1.0,1.0,1.0,1.0
d905b33f,multi-session,dense_session_mean,,,,0.5
d905b33f,multi-session,bm25_session,,,,1.0
7405e8b1,multi-session,turn,0.5,1.0,0.8175295903539445,1.0
7405e8b1,multi-session,sentence,1.0,1.0,1.0,1.0
7405e8b1,multi-session,cards_hand,1.0,1.0,1.0,1.0
7405e8b1,multi-session,pos_hand,1.0,1.0,1.0,1.0
7405e8b1,multi-session,cards_m11,1.0,1.0,0.9197207891481876,1.0
7405e8b1,multi-session,pos_m11,1.0,1.0,0.9197207891481876,1.0
7405e8b1,multi-session,cards_m13,1.0,1.0,0.9197207891481876,1.0
7405e8b1,multi-session,pos_m13,1.0,1.0,0.9197207891481876,1.0
7405e8b1,multi-session,cards_m17,1.0,1.0,1.0,1.0
7405e8b1,multi-session,pos_m17,1.0,1.0,1.0,1.0
7405e8b1,multi-session,bm25_turn,0.5,1.0,0.8315546295836225,1.0
7405e8b1,multi-session,bm25_cards_hand,1.0,1.0,0.8772153153380493,1.0
7405e8b1,multi-session,rrf_turn,1.0,1.0,0.6509209298071326,1.0
7405e8b1,multi-session,rrf_sentence,1.0,1.0,0.9197207891481876,1.0
7405e8b1,multi-session,rrf_cards_hand,1.0,1.0,1.0,1.0
7405e8b1,multi-session,rrf_cards_m11,1.0,1.0,0.9197207891481876,1.0
7405e8b1,multi-session,rrf_cards_m13,1.0,1.0,0.9197207891481876,1.0
7405e8b1,multi-session,rrf_cards_m17,1.0,1.0,0.9197207891481876,1.0
7405e8b1,multi-session,rrf_turn_route,1.0,1.0,1.0,1.0
7405e8b1,multi-session,dense_session_mean,,,,1.0
7405e8b1,multi-session,bm25_session,,,,1.0
f35224e0,multi-session,turn,0.5,0.5,0.6131471927654584,0.5
f35224e0,multi-session,sentence,0.5,1.0,0.8175295903539445,1.0
f35224e0,multi-session,cards_hand,1.0,1.0,0.8772153153380493,1.0
f35224e0,multi-session,pos_hand,0.5,1.0,0.8315546295836225,1.0
f35224e0,multi-session,cards_m11,0.5,1.0,0.8175295903539445,1.0
f35224e0,multi-session,pos_m11,0.5,1.0,0.8175295903539445,1.0
f35224e0,multi-session,cards_m13,0.5,1.0,0.8315546295836225,1.0
f35224e0,multi-session,pos_m13,0.5,1.0,0.8315546295836225,1.0
f35224e0,multi-session,cards_m17,0.5,1.0,0.8065735963827293,1.0
f35224e0,multi-session,pos_m17,0.5,1.0,0.8065735963827293,1.0
f35224e0,multi-session,bm25_turn,0.5,1.0,0.5,1.0
f35224e0,multi-session,bm25_cards_hand,0.0,0.5,0.20438239758848611,1.0
f35224e0,multi-session,rrf_turn,0.5,1.0,0.5249810332008933,1.0
f35224e0,multi-session,rrf_sentence,1.0,1.0,1.0,1.0
f35224e0,multi-session,rrf_cards_hand,1.0,1.0,0.5706417189553201,1.0
f35224e0,multi-session,rrf_cards_m11,1.0,1.0,1.0,1.0
f35224e0,multi-session,rrf_cards_m13,1.0,1.0,0.9197207891481876,1.0
f35224e0,multi-session,rrf_cards_m17,1.0,1.0,0.6509209298071326,1.0
f35224e0,multi-session,rrf_turn_route,1.0,1.0,0.5437713091520254,1.0
f35224e0,multi-session,dense_session_mean,,,,1.0
f35224e0,multi-session,bm25_session,,,,1.0
6456829e,multi-session,turn,0.0,1.0,0.39780880120575696,1.0
6456829e,multi-session,sentence,1.0,1.0,1.0,1.0
6456829e,multi-session,cards_hand,1.0,1.0,1.0,1.0
6456829e,multi-session,pos_hand,0.5,1.0,0.7903864795495061,1.0
6456829e,multi-session,cards_m11,0.5,0.5,0.6131471927654584,1.0
6456829e,multi-session,pos_m11,1.0,1.0,0.8772153153380493,1.0
6456829e,multi-session,cards_m13,1.0,1.0,0.9197207891481876,1.0
6456829e,multi-session,pos_m13,1.0,1.0,0.8772153153380493,1.0
6456829e,multi-session,cards_m17,0.5,1.0,0.7977228895450266,1.0
6456829e,multi-session,pos_m17,1.0,1.0,0.8772153153380493,1.0
6456829e,multi-session,bm25_turn,0.5,1.0,0.5912352048230277,1.0
6456829e,multi-session,bm25_cards_hand,0.5,1.0,0.8175295903539445,1.0
6456829e,multi-session,rrf_turn,1.0,1.0,0.5706417189553201,1.0
6456829e,multi-session,rrf_sentence,1.0,1.0,0.6934264036172708,1.0
6456829e,multi-session,rrf_cards_hand,1.0,1.0,0.9197207891481876,1.0
6456829e,multi-session,rrf_cards_m11,1.0,1.0,0.5437713091520254,1.0
6456829e,multi-session,rrf_cards_m13,1.0,1.0,0.6934264036172708,1.0
6456829e,multi-session,rrf_cards_m17,1.0,1.0,0.6509209298071326,1.0
6456829e,multi-session,rrf_turn_route,1.0,1.0,0.6934264036172708,1.0
6456829e,multi-session,dense_session_mean,,,,1.0
6456829e,multi-session,bm25_session,,,,1.0
a4996e51,multi-session,turn,0.0,1.0,0.3706656904013186,1.0
a4996e51,multi-session,sentence,0.5,1.0,0.8065735963827293,1.0
a4996e51,multi-session,cards_hand,0.5,1.0,0.8065735963827293,1.0
a4996e51,multi-session,pos_hand,0.5,1.0,0.8175295903539445,1.0
a4996e51,multi-session,cards_m11,0.0,1.0,0.4227898344066503,1.0
a4996e51,multi-session,pos_m11,0.5,1.0,0.8175295903539445,1.0
a4996e51,multi-session,cards_m13,0.5,1.0,0.45560514958746035,1.0
a4996e51,multi-session,pos_m13,0.5,1.0,0.8315546295836225,1.0
a4996e51,multi-session,cards_m17,0.5,1.0,0.45560514958746035,1.0
a4996e51,multi-session,pos_m17,0.5,1.0,0.45560514958746035,1.0
a4996e51,multi-session,bm25_turn,0.5,1.0,0.46845052016107697,1.0
a4996e51,multi-session,bm25_cards_hand,0.5,1.0,0.5,1.0
a4996e51,multi-session,rrf_turn,0.0,1.0,0.4227898344066503,1.0
a4996e51,multi-session,rrf_sentence,0.5,1.0,0.5802792108518124,1.0
a4996e51,multi-session,rrf_cards_hand,0.5,1.0,0.5912352048230277,1.0
a4996e51,multi-session,rrf_cards_m11,0.5,1.0,0.430624116386567,1.0
a4996e51,multi-session,rrf_cards_m13,0.5,1.0,0.45749452618986164,1.0
a4996e51,multi-session,rrf_cards_m17,0.5,1.0,0.45560514958746035,1.0
a4996e51,multi-session,rrf_turn_route,1.0,1.0,0.5706417189553201,1.0
a4996e51,multi-session,dense_session_mean,,,,1.0
a4996e51,multi-session,bm25_session,,,,1.0
3c1045c8,multi-session,turn,1.0,1.0,1.0,1.0
3c1045c8,multi-session,sentence,0.5,1.0,0.7977228895450266,1.0
3c1045c8,multi-session,cards_hand,0.5,1.0,0.8315546295836225,1.0
3c1045c8,multi-session,pos_hand,0.5,1.0,0.7977228895450266,1.0
3c1045c8,multi-session,cards_m11,0.5,1.0,0.8065735963827293,1.0
3c1045c8,multi-session,pos_m11,0.5,1.0,0.8065735963827293,1.0
3c1045c8,multi-session,cards_m13,0.5,1.0,0.8065735963827293,1.0
3c1045c8,multi-session,pos_m13,0.5,1.0,0.8175295903539445,1.0
3c1045c8,multi-session,cards_m17,0.5,1.0,0.8315546295836225,1.0
3c1045c8,multi-session,pos_m17,0.5,1.0,0.7977228895450266,1.0
3c1045c8,multi-session,bm25_turn,0.5,1.0,0.7903864795495061,0.5
3c1045c8,multi-session,bm25_cards_hand,0.5,1.0,0.7977228895450266,0.5
3c1045c8,multi-session,rrf_turn,1.0,1.0,1.0,1.0
3c1045c8,multi-session,rrf_sentence,1.0,1.0,0.8772153153380493,1.0
3c1045c8,multi-session,rrf_cards_hand,1.0,1.0,0.8503449055347546,1.0
3c1045c8,multi-session,rrf_cards_m11,1.0,1.0,0.8772153153380493,1.0
3c1045c8,multi-session,rrf_cards_m13,1.0,1.0,0.8772153153380493,1.0
3c1045c8,multi-session,rrf_cards_m17,1.0,1.0,0.8772153153380493,1.0
3c1045c8,multi-session,rrf_turn_route,1.0,1.0,1.0,1.0
3c1045c8,multi-session,dense_session_mean,,,,0.5
3c1045c8,multi-session,bm25_session,,,,0.5
60036106,multi-session,turn,0.5,0.5,0.38685280723454163,1.0
60036106,multi-session,sentence,1.0,1.0,1.0,1.0
60036106,multi-session,cards_hand,1.0,1.0,1.0,1.0
60036106,multi-session,pos_hand,1.0,1.0,1.0,1.0
60036106,multi-session,cards_m11,1.0,1.0,1.0,1.0
60036106,multi-session,pos_m11,1.0,1.0,1.0,1.0
60036106,multi-session,cards_m13,1.0,1.0,1.0,1.0
60036106,multi-session,pos_m13,1.0,1.0,1.0,1.0
60036106,multi-session,cards_m17,1.0,1.0,1.0,1.0
60036106,multi-session,pos_m17,1.0,1.0,1.0,1.0
60036106,multi-session,bm25_turn,0.5,1.0,0.7977228895450266,1.0
60036106,multi-session,bm25_cards_hand,0.5,1.0,0.7903864795495061,1.0
60036106,multi-session,rrf_turn,0.5,0.5,0.6131471927654584,1.0
60036106,multi-session,rrf_sentence,1.0,1.0,0.8503449055347546,1.0
60036106,multi-session,rrf_cards_hand,0.5,1.0,0.8315546295836225,1.0
60036106,multi-session,rrf_cards_m11,1.0,1.0,0.8503449055347546,1.0
60036106,multi-session,rrf_cards_m13,1.0,1.0,0.8503449055347546,1.0
60036106,multi-session,rrf_cards_m17,1.0,1.0,0.8503449055347546,1.0
60036106,multi-session,rrf_turn_route,0.5,1.0,0.8315546295836225,1.0
60036106,multi-session,dense_session_mean,,,,1.0
60036106,multi-session,bm25_session,,,,1.0
681a1674,multi-session,turn,0.5,1.0,0.7977228895450266,1.0
681a1674,multi-session,sentence,0.5,1.0,0.8065735963827293,1.0
681a1674,multi-session,cards_hand,0.5,1.0,0.8065735963827293,1.0
681a1674,multi-session,pos_hand,0.5,1.0,0.8065735963827293,1.0
681a1674,multi-session,cards_m11,0.5,1.0,0.8065735963827293,1.0
681a1674,multi-session,pos_m11,0.5,1.0,0.8065735963827293,1.0
681a1674,multi-session,cards_m13,0.5,1.0,0.8065735963827293,1.0
681a1674,multi-session,pos_m13,0.5,1.0,0.8065735963827293,1.0
681a1674,multi-session,cards_m17,0.5,1.0,0.8065735963827293,1.0
681a1674,multi-session,pos_m17,0.5,1.0,0.8065735963827293,1.0
681a1674,multi-session,bm25_turn,1.0,1.0,0.9197207891481876,1.0
681a1674,multi-session,bm25_cards_hand,0.5,1.0,0.8065735963827293,1.0
681a1674,multi-session,rrf_turn,1.0,1.0,0.8503449055347546,1.0
681a1674,multi-session,rrf_sentence,1.0,1.0,0.8503449055347546,1.0
681a1674,multi-session,rrf_cards_hand,0.5,1.0,0.8065735963827293,1.0
681a1674,multi-session,rrf_cards_m11,1.0,1.0,0.8503449055347546,1.0
681a1674,multi-session,rrf_cards_m13,1.0,1.0,0.9197207891481876,1.0
681a1674,multi-session,rrf_cards_m17,1.0,1.0,0.9197207891481876,1.0
681a1674,multi-session,rrf_turn_route,1.0,1.0,0.8503449055347546,1.0
681a1674,multi-session,dense_session_mean,,,,1.0
681a1674,multi-session,bm25_session,,,,1.0
e25c3b8d,multi-session,turn,1.0,1.0,0.8772153153380493,1.0
e25c3b8d,multi-session,sentence,1.0,1.0,0.8772153153380493,1.0
e25c3b8d,multi-session,cards_hand,1.0,1.0,0.5706417189553201,1.0
e25c3b8d,multi-session,pos_hand,1.0,1.0,0.5706417189553201,1.0
e25c3b8d,multi-session,cards_m11,0.5,1.0,0.8315546295836225,1.0
e25c3b8d,multi-session,pos_m11,0.5,1.0,0.8315546295836225,1.0
e25c3b8d,multi-session,cards_m13,0.5,1.0,0.5912352048230277,1.0
e25c3b8d,multi-session,pos_m13,0.5,1.0,0.5912352048230277,1.0
e25c3b8d,multi-session,cards_m17,1.0,1.0,0.8772153153380493,1.0
e25c3b8d,multi-session,pos_m17,1.0,1.0,0.8772153153380493,1.0
e25c3b8d,multi-session,bm25_turn,0.5,1.0,0.7977228895450266,1.0
e25c3b8d,multi-session,bm25_cards_hand,0.5,1.0,0.6052602440527057,1.0
e25c3b8d,multi-session,rrf_turn,0.5,1.0,0.8315546295836225,1.0
e25c3b8d,multi-session,rrf_sentence,0.5,1.0,0.8175295903539445,1.0
e25c3b8d,multi-session,rrf_cards_hand,1.0,1.0,0.5706417189553201,1.0
e25c3b8d,multi-session,rrf_cards_m11,0.5,1.0,0.8065735963827293,1.0
e25c3b8d,multi-session,rrf_cards_m13,0.5,1.0,0.8065735963827293,1.0
e25c3b8d,multi-session,rrf_cards_m17,0.5,1.0,0.8175295903539445,1.0
e25c3b8d,multi-session,rrf_turn_route,1.0,1.0,0.9197207891481876,1.0
e25c3b8d,multi-session,dense_session_mean,,,,1.0
e25c3b8d,multi-session,bm25_session,,,,1.0
4adc0475,multi-session,turn,1.0,1.0,0.9197207891481876,1.0
4adc0475,multi-session,sentence,1.0,1.0,1.0,1.0
4adc0475,multi-session,cards_hand,1.0,1.0,1.0,1.0
4adc0475,multi-session,pos_hand,1.0,1.0,1.0,1.0
4adc0475,multi-session,cards_m11,1.0,1.0,0.9197207891481876,1.0
4adc0475,multi-session,pos_m11,1.0,1.0,1.0,1.0
4adc0475,multi-session,cards_m13,1.0,1.0,0.9197207891481876,1.0
4adc0475,multi-session,pos_m13,1.0,1.0,0.9197207891481876,1.0
4adc0475,multi-session,cards_m17,1.0,1.0,1.0,1.0
4adc0475,multi-session,pos_m17,1.0,1.0,1.0,1.0
4adc0475,multi-session,bm25_turn,1.0,1.0,1.0,1.0
4adc0475,multi-session,bm25_cards_hand,1.0,1.0,1.0,1.0
4adc0475,multi-session,rrf_turn,1.0,1.0,1.0,1.0
4adc0475,multi-session,rrf_sentence,1.0,1.0,1.0,1.0
4adc0475,multi-session,rrf_cards_hand,1.0,1.0,1.0,1.0
4adc0475,multi-session,rrf_cards_m11,1.0,1.0,0.9197207891481876,1.0
4adc0475,multi-session,rrf_cards_m13,1.0,1.0,1.0,1.0
4adc0475,multi-session,rrf_cards_m17,1.0,1.0,1.0,1.0
4adc0475,multi-session,rrf_turn_route,1.0,1.0,1.0,1.0
4adc0475,multi-session,dense_session_mean,,,,1.0
4adc0475,multi-session,bm25_session,,,,1.0
4bc144e2,multi-session,turn,0.0,1.0,0.39780880120575696,1.0
4bc144e2,multi-session,sentence,0.5,1.0,0.8175295903539445,1.0
4bc144e2,multi-session,cards_hand,0.5,1.0,0.8175295903539445,1.0
4bc144e2,multi-session,pos_hand,0.5,1.0,0.8175295903539445,1.0
4bc144e2,multi-session,cards_m11,0.5,1.0,0.8175295903539445,1.0
4bc144e2,multi-session,pos_m11,0.5,1.0,0.8175295903539445,1.0
4bc144e2,multi-session,cards_m13,0.5,1.0,0.6052602440527057,1.0
4bc144e2,multi-session,pos_m13,0.5,1.0,0.6052602440527057,1.0
4bc144e2,multi-session,cards_m17,0.5,1.0,0.8065735963827293,1.0
4bc144e2,multi-session,pos_m17,0.5,1.0,0.8175295903539445,1.0
4bc144e2,multi-session,bm25_turn,0.0,0.5,0.19342640361727081,1.0
4bc144e2,multi-session,bm25_cards_hand,0.0,0.0,0.0,1.0
4bc144e2,multi-session,rrf_turn,0.0,1.0,0.39780880120575696,1.0
4bc144e2,multi-session,rrf_sentence,0.5,1.0,0.42177340954886444,1.0
4bc144e2,multi-session,rrf_cards_hand,0.5,1.0,0.430624116386567,1.0
4bc144e2,multi-session,rrf_cards_m11,0.5,1.0,0.42177340954886444,1.0
4bc144e2,multi-session,rrf_cards_m13,0.5,1.0,0.42177340954886444,1.0
4bc144e2,multi-session,rrf_cards_m17,0.5,1.0,0.42177340954886444,1.0
4bc144e2,multi-session,rrf_turn_route,1.0,1.0,1.0,1.0
4bc144e2,multi-session,dense_session_mean,,,,1.0
4bc144e2,multi-session,bm25_session,,,,1.0
ef66a6e5,multi-session,turn,0.5,0.5,0.6131471927654584,1.0
ef66a6e5,multi-session,sentence,1.0,1.0,0.6934264036172708,1.0
ef66a6e5,multi-session,cards_hand,0.5,1.0,0.5912352048230277,1.0
ef66a6e5,multi-session,pos_hand,0.5,1.0,0.5912352048230277,1.0
ef66a6e5,multi-session,cards_m11,1.0,1.0,0.6934264036172708,1.0
ef66a6e5,multi-session,pos_m11,1.0,1.0,0.6934264036172708,1.0
ef66a6e5,multi-session,cards_m13,0.5,1.0,0.5912352048230277,1.0
ef66a6e5,multi-session,pos_m13,0.5,1.0,0.5912352048230277,1.0
ef66a6e5,multi-session,cards_m17,1.0,1.0,0.6934264036172708,1.0
ef66a6e5,multi-session,pos_m17,1.0,1.0,0.6934264036172708,1.0
ef66a6e5,multi-session,bm25_turn,0.5,1.0,0.4415801103577823,1.0
ef66a6e5,multi-session,bm25_cards_hand,0.0,0.5,0.19342640361727081,0.5
ef66a6e5,multi-session,rrf_turn,1.0,1.0,0.8772153153380493,1.0
ef66a6e5,multi-session,rrf_sentence,1.0,1.0,1.0,1.0
ef66a6e5,multi-session,rrf_cards_hand,1.0,1.0,0.8503449055347546,1.0
ef66a6e5,multi-session,rrf_cards_m11,1.0,1.0,1.0,1.0
ef66a6e5,multi-session,rrf_cards_m13,1.0,1.0,1.0,1.0
ef66a6e5,multi-session,rrf_cards_m17,1.0,1.0,1.0,1.0
ef66a6e5,multi-session,rrf_turn_route,1.0,1.0,0.8772153153380493,1.0
ef66a6e5,multi-session,dense_session_mean,,,,1.0
ef66a6e5,multi-session,bm25_session,,,,0.5
5025383b,multi-session,turn,0.5,0.5,0.23719771276929622,1.0
5025383b,multi-session,sentence,0.0,0.5,0.17723928678404774,1.0
5025383b,multi-session,cards_hand,0.0,0.5,0.17723928678404774,1.0
5025383b,multi-session,pos_hand,0.0,0.5,0.17723928678404774,1.0
5025383b,multi-session,cards_m11,0.0,0.5,0.18457569677956817,1.0
5025383b,multi-session,pos_m11,0.0,0.5,0.17723928678404774,1.0
5025383b,multi-session,cards_m13,0.0,0.5,0.20438239758848611,1.0
5025383b,multi-session,pos_m13,0.0,0.0,0.0,1.0
5025383b,multi-session,cards_m17,0.0,0.0,0.0,1.0
5025383b,multi-session,pos_m17,0.0,0.0,0.0,1.0
5025383b,multi-session,bm25_turn,0.5,0.5,0.38685280723454163,0.5
5025383b,multi-session,bm25_cards_hand,0.5,0.5,0.38685280723454163,1.0
5025383b,multi-session,rrf_turn,0.5,0.5,0.3065735963827292,1.0
5025383b,multi-session,rrf_sentence,0.5,0.5,0.2640681225725909,1.0
5025383b,multi-session,rrf_cards_hand,0.5,0.5,0.2640681225725909,1.0
5025383b,multi-session,rrf_cards_m11,0.5,0.5,0.2640681225725909,1.0
5025383b,multi-session,rrf_cards_m13,0.5,0.5,0.2640681225725909,1.0
5025383b,multi-session,rrf_cards_m17,0.5,1.0,0.41443699955334395,1.0
5025383b,multi-session,rrf_turn_route,0.5,0.5,0.38685280723454163,1.0
5025383b,multi-session,dense_session_mean,,,,1.0
5025383b,multi-session,bm25_session,,,,1.0
a1cc6108,multi-session,turn,0.5,0.5,0.6131471927654584,0.5
a1cc6108,multi-session,sentence,0.0,0.5,0.21840743681816419,1.0
a1cc6108,multi-session,cards_hand,0.0,0.5,0.21840743681816419,1.0
a1cc6108,multi-session,pos_hand,0.0,0.5,0.21840743681816419,1.0
a1cc6108,multi-session,cards_m11,0.5,0.5,0.23719771276929622,1.0
a1cc6108,multi-session,pos_m11,0.0,0.5,0.21840743681816419,1.0
a1cc6108,multi-session,cards_m13,0.5,0.5,0.23719771276929622,1.0
a1cc6108,multi-session,pos_m13,0.5,0.5,0.2640681225725909,1.0
a1cc6108,multi-session,cards_m17,0.5,0.5,0.2640681225725909,1.0
a1cc6108,multi-session,pos_m17,0.5,0.5,0.2640681225725909,0.5
a1cc6108,multi-session,bm25_turn,0.5,0.5,0.2640681225725909,0.5
a1cc6108,multi-session,bm25_cards_hand,0.0,0.0,0.0,0.5
a1cc6108,multi-session,rrf_turn,0.5,0.5,0.38685280723454163,0.5
a1cc6108,multi-session,rrf_sentence,0.5,0.5,0.2640681225725909,0.5
a1cc6108,multi-session,rrf_cards_hand,0.5,0.5,0.23719771276929622,0.5
a1cc6108,multi-session,rrf_cards_m11,0.5,0.5,0.2640681225725909,0.5
a1cc6108,multi-session,rrf_cards_m13,0.5,0.5,0.3065735963827292,0.5
a1cc6108,multi-session,rrf_cards_m17,0.5,0.5,0.3065735963827292,0.5
a1cc6108,multi-session,rrf_turn_route,0.5,0.5,0.6131471927654584,0.5
a1cc6108,multi-session,dense_session_mean,,,,0.5
a1cc6108,multi-session,bm25_session,,,,0.5
9ee3ecd6,multi-session,turn,1.0,1.0,0.9197207891481876,1.0
9ee3ecd6,multi-session,sentence,1.0,1.0,0.8503449055347546,1.0
9ee3ecd6,multi-session,cards_hand,1.0,1.0,0.8772153153380493,1.0
9ee3ecd6,multi-session,pos_hand,1.0,1.0,0.8772153153380493,1.0
9ee3ecd6,multi-session,cards_m11,1.0,1.0,0.8503449055347546,1.0
9ee3ecd6,multi-session,pos_m11,1.0,1.0,0.8503449055347546,1.0
9ee3ecd6,multi-session,cards_m13,1.0,1.0,0.8772153153380493,1.0
9ee3ecd6,multi-session,pos_m13,1.0,1.0,0.9197207891481876,1.0
9ee3ecd6,multi-session,cards_m17,1.0,1.0,0.8503449055347546,1.0
9ee3ecd6,multi-session,pos_m17,1.0,1.0,0.9197207891481876,1.0
9ee3ecd6,multi-session,bm25_turn,1.0,1.0,0.6240505200038379,1.0
9ee3ecd6,multi-session,bm25_cards_hand,0.5,1.0,0.6052602440527057,1.0
9ee3ecd6,multi-session,rrf_turn,1.0,1.0,0.6934264036172708,1.0
9ee3ecd6,multi-session,rrf_sentence,1.0,1.0,0.6240505200038379,1.0
9ee3ecd6,multi-session,rrf_cards_hand,1.0,1.0,0.6509209298071326,1.0
9ee3ecd6,multi-session,rrf_cards_m11,1.0,1.0,0.6240505200038379,1.0
9ee3ecd6,multi-session,rrf_cards_m13,1.0,1.0,0.6509209298071326,1.0
9ee3ecd6,multi-session,rrf_cards_m17,1.0,1.0,0.6240505200038379,1.0
9ee3ecd6,multi-session,rrf_turn_route,1.0,1.0,1.0,1.0
9ee3ecd6,multi-session,dense_session_mean,,,,1.0
9ee3ecd6,multi-session,bm25_session,,,,1.0
3fdac837,multi-session,turn,0.5,0.5,0.3065735963827292,1.0
3fdac837,multi-session,sentence,0.5,0.5,0.6131471927654584,1.0
3fdac837,multi-session,cards_hand,0.5,0.5,0.6131471927654584,1.0
3fdac837,multi-session,pos_hand,0.5,0.5,0.6131471927654584,1.0
3fdac837,multi-session,cards_m11,0.5,0.5,0.6131471927654584,1.0
3fdac837,multi-session,pos_m11,0.5,0.5,0.6131471927654584,1.0
3fdac837,multi-session,cards_m13,0.5,0.5,0.6131471927654584,1.0
3fdac837,multi-session,pos_m13,0.5,0.5,0.6131471927654584,1.0
3fdac837,multi-session,cards_m17,0.5,0.5,0.6131471927654584,1.0
3fdac837,multi-session,pos_m17,0.5,0.5,0.6131471927654584,1.0
3fdac837,multi-session,bm25_turn,0.0,0.0,0.0,1.0
3fdac837,multi-session,bm25_cards_hand,0.0,0.5,0.17723928678404774,1.0
3fdac837,multi-session,rrf_turn,1.0,1.0,0.6240505200038379,1.0
3fdac837,multi-session,rrf_sentence,0.5,0.5,0.6131471927654584,1.0
3fdac837,multi-session,rrf_cards_hand,0.5,0.5,0.6131471927654584,1.0
3fdac837,multi-session,rrf_cards_m11,0.5,0.5,0.6131471927654584,1.0
3fdac837,multi-session,rrf_cards_m13,0.5,0.5,0.6131471927654584,1.0
3fdac837,multi-session,rrf_cards_m17,0.5,0.5,0.6131471927654584,1.0
3fdac837,multi-session,rrf_turn_route,1.0,1.0,0.9197207891481876,1.0
3fdac837,multi-session,dense_session_mean,,,,1.0
3fdac837,multi-session,bm25_session,,,,1.0
91b15a6e,multi-session,turn,1.0,1.0,0.6240505200038379,1.0
91b15a6e,multi-session,sentence,1.0,1.0,0.6934264036172708,1.0
91b15a6e,multi-session,cards_hand,1.0,1.0,0.6934264036172708,1.0
91b15a6e,multi-session,pos_hand,1.0,1.0,0.6934264036172708,1.0
91b15a6e,multi-session,cards_m11,1.0,1.0,0.6240505200038379,1.0
91b15a6e,multi-session,pos_m11,1.0,1.0,0.6934264036172708,1.0
91b15a6e,multi-session,cards_m13,1.0,1.0,0.6934264036172708,1.0
91b15a6e,multi-session,pos_m13,1.0,1.0,0.6934264036172708,1.0
91b15a6e,multi-session,cards_m17,1.0,1.0,0.6934264036172708,1.0
91b15a6e,multi-session,pos_m17,1.0,1.0,0.6934264036172708,1.0
91b15a6e,multi-session,bm25_turn,0.5,0.5,0.3065735963827292,1.0
91b15a6e,multi-session,bm25_cards_hand,0.5,0.5,0.6131471927654584,1.0
91b15a6e,multi-session,rrf_turn,0.5,1.0,0.6052602440527057,1.0
91b15a6e,multi-session,rrf_sentence,0.5,1.0,0.8315546295836225,1.0
91b15a6e,multi-session,rrf_cards_hand,0.5,1.0,0.8175295903539445,1.0
91b15a6e,multi-session,rrf_cards_m11,1.0,1.0,0.5437713091520254,1.0
91b15a6e,multi-session,rrf_cards_m13,0.5,1.0,0.8315546295836225,1.0
91b15a6e,multi-session,rrf_cards_m17,0.5,1.0,0.8315546295836225,1.0
91b15a6e,multi-session,rrf_turn_route,1.0,1.0,0.9197207891481876,1.0
91b15a6e,multi-session,dense_session_mean,,,,1.0
91b15a6e,multi-session,bm25_session,,,,1.0
27016adc,multi-session,turn,1.0,1.0,0.8503449055347546,1.0
27016adc,multi-session,sentence,0.5,0.5,0.2640681225725909,1.0
27016adc,multi-session,cards_hand,0.5,0.5,0.6131471927654584,1.0
27016adc,multi-session,pos_hand,0.5,0.5,0.6131471927654584,1.0
27016adc,multi-session,cards_m11,0.5,0.5,0.23719771276929622,1.0
27016adc,multi-session,pos_m11,0.5,0.5,0.23719771276929622,1.0
27016adc,multi-session,cards_m13,0.5,1.0,0.5249810332008933,1.0
27016adc,multi-session,pos_m13,0.5,0.5,0.3065735963827292,1.0
27016adc,multi-session,cards_m17,0.5,1.0,0.48247555939075504,1.0
27016adc,multi-session,pos_m17,0.5,0.5,0.2640681225725909,1.0
27016adc,multi-session,bm25_turn,0.5,0.5,0.38685280723454163,1.0
27016adc,multi-session,bm25_cards_hand,0.5,0.5,0.38685280723454163,1.0
27016adc,multi-session,rrf_turn,0.5,1.0,0.7977228895450266,1.0
27016adc,multi-session,rrf_sentence,0.5,0.5,0.3065735963827292,1.0
27016adc,multi-session,rrf_cards_hand,0.5,0.5,0.6131471927654584,1.0
27016adc,multi-session,rrf_cards_m11,0.5,0.5,0.2640681225725909,1.0
27016adc,multi-session,rrf_cards_m13,0.5,1.0,0.5640920940185894,1.0
27016adc,multi-session,rrf_cards_m17,0.5,1.0,0.448643819352159,1.0
27016adc,multi-session,rrf_turn_route,0.5,1.0,0.8315546295836225,1.0
27016adc,multi-session,dense_session_mean,,,,1.0
27016adc,multi-session,bm25_session,,,,1.0
720133ac,multi-session,turn,0.5,1.0,0.8315546295836225,1.0
720133ac,multi-session,sentence,1.0,1.0,0.9197207891481876,1.0
720133ac,multi-session,cards_hand,1.0,1.0,0.6934264036172708,1.0
720133ac,multi-session,pos_hand,1.0,1.0,0.6934264036172708,1.0
720133ac,multi-session,cards_m11,1.0,1.0,0.9197207891481876,1.0
720133ac,multi-session,pos_m11,1.0,1.0,0.9197207891481876,1.0
720133ac,multi-session,cards_m13,1.0,1.0,0.9197207891481876,1.0
720133ac,multi-session,pos_m13,1.0,1.0,0.9197207891481876,1.0
720133ac,multi-session,cards_m17,1.0,1.0,0.9197207891481876,1.0
720133ac,multi-session,pos_m17,1.0,1.0,0.9197207891481876,1.0
720133ac,multi-session,bm25_turn,1.0,1.0,0.8503449055347546,1.0
720133ac,multi-session,bm25_cards_hand,0.5,1.0,0.8175295903539445,1.0
720133ac,multi-session,rrf_turn,1.0,1.0,0.6934264036172708,1.0
720133ac,multi-session,rrf_sentence,1.0,1.0,1.0,1.0
720133ac,multi-session,rrf_cards_hand,1.0,1.0,0.8772153153380493,1.0
720133ac,multi-session,rrf_cards_m11,1.0,1.0,1.0,1.0
720133ac,multi-session,rrf_cards_m13,1.0,1.0,1.0,1.0
720133ac,multi-session,rrf_cards_m17,1.0,1.0,1.0,1.0
720133ac,multi-session,rrf_turn_route,1.0,1.0,1.0,1.0
720133ac,multi-session,dense_session_mean,,,,1.0
720133ac,multi-session,bm25_session,,,,1.0
77eafa52,multi-session,turn,0.0,1.0,0.39780880120575696,1.0
77eafa52,multi-session,sentence,1.0,1.0,0.6934264036172708,1.0
77eafa52,multi-session,cards_hand,0.0,1.0,0.4227898344066503,1.0
77eafa52,multi-session,pos_hand,0.5,1.0,0.42177340954886444,1.0
77eafa52,multi-session,cards_m11,1.0,1.0,0.6934264036172708,1.0
77eafa52,multi-session,pos_m11,1.0,1.0,0.6934264036172708,1.0
77eafa52,multi-session,cards_m13,0.5,1.0,0.4415801103577823,1.0
77eafa52,multi-session,pos_m13,0.0,1.0,0.41183384043543503,1.0
77eafa52,multi-session,cards_m17,0.5,1.0,0.5109559939712153,1.0
77eafa52,multi-session,pos_m17,0.5,1.0,0.5,1.0
77eafa52,multi-session,bm25_turn,0.0,0.0,0.0,1.0
77eafa52,multi-session,bm25_cards_hand,0.0,0.0,0.0,1.0
77eafa52,multi-session,rrf_turn,0.0,1.0,0.39564672360221187,1.0
77eafa52,multi-session,rrf_sentence,0.0,1.0,0.39564672360221187,1.0
77eafa52,multi-session,rrf_cards_hand,0.0,0.5,0.21840743681816419,1.0
77eafa52,multi-session,rrf_cards_m11,0.0,1.0,0.39564672360221187,1.0
77eafa52,multi-session,rrf_cards_m13,0.0,0.5,0.21840743681816419,1.0
77eafa52,multi-session,rrf_cards_m17,0.0,1.0,0.39564672360221187,1.0
77eafa52,multi-session,rrf_turn_route,0.0,1.0,0.4227898344066503,1.0
77eafa52,multi-session,dense_session_mean,,,,1.0
77eafa52,multi-session,bm25_session,,,,1.0
8979f9ec,multi-session,turn,0.5,1.0,0.5714285040141098,1.0
8979f9ec,multi-session,sentence,1.0,1.0,1.0,1.0
8979f9ec,multi-session,cards_hand,1.0,1.0,1.0,1.0
8979f9ec,multi-session,pos_hand,1.0,1.0,1.0,1.0
8979f9ec,multi-session,cards_m11,1.0,1.0,1.0,1.0
8979f9ec,multi-session,pos_m11,1.0,1.0,1.0,1.0
8979f9ec,multi-session,cards_m13,1.0,1.0,1.0,1.0
8979f9ec,multi-session,pos_m13,1.0,1.0,1.0,1.0
8979f9ec,multi-session,cards_m17,1.0,1.0,0.9197207891481876,1.0
8979f9ec,multi-session,pos_m17,1.0,1.0,1.0,1.0
8979f9ec,multi-session,bm25_turn,1.0,1.0,0.8503449055347546,1.0
8979f9ec,multi-session,bm25_cards_hand,0.5,1.0,0.6052602440527057,1.0
8979f9ec,multi-session,rrf_turn,1.0,1.0,0.5706417189553201,1.0
8979f9ec,multi-session,rrf_sentence,1.0,1.0,0.9197207891481876,1.0
8979f9ec,multi-session,rrf_cards_hand,1.0,1.0,0.9197207891481876,1.0
8979f9ec,multi-session,rrf_cards_m11,1.0,1.0,0.9197207891481876,1.0
8979f9ec,multi-session,rrf_cards_m13,1.0,1.0,0.9197207891481876,1.0
8979f9ec,multi-session,rrf_cards_m17,1.0,1.0,0.9197207891481876,1.0
8979f9ec,multi-session,rrf_turn_route,1.0,1.0,1.0,1.0
8979f9ec,multi-session,dense_session_mean,,,,1.0
8979f9ec,multi-session,bm25_session,,,,1.0
0100672e,multi-session,turn,1.0,1.0,0.6934264036172708,1.0
0100672e,multi-session,sentence,1.0,1.0,0.8503449055347546,1.0
0100672e,multi-session,cards_hand,1.0,1.0,0.6240505200038379,1.0
0100672e,multi-session,pos_hand,1.0,1.0,0.8772153153380493,1.0
0100672e,multi-session,cards_m11,1.0,1.0,0.5706417189553201,1.0
0100672e,multi-session,pos_m11,1.0,1.0,0.6509209298071326,1.0
0100672e,multi-session,cards_m13,1.0,1.0,0.5706417189553201,1.0
0100672e,multi-session,pos_m13,1.0,1.0,0.5706417189553201,1.0
0100672e,multi-session,cards_m17,1.0,1.0,0.8772153153380493,1.0
0100672e,multi-session,pos_m17,1.0,1.0,0.6509209298071326,1.0
0100672e,multi-session,bm25_turn,1.0,1.0,0.6240505200038379,1.0
0100672e,multi-session,bm25_cards_hand,0.0,0.5,0.21840743681816419,1.0
0100672e,multi-session,rrf_turn,1.0,1.0,1.0,1.0
0100672e,multi-session,rrf_sentence,1.0,1.0,0.6934264036172708,1.0
0100672e,multi-session,rrf_cards_hand,0.5,1.0,0.5912352048230277,1.0
0100672e,multi-session,rrf_cards_m11,1.0,1.0,0.6934264036172708,1.0
0100672e,multi-session,rrf_cards_m13,1.0,1.0,0.6934264036172708,1.0
0100672e,multi-session,rrf_cards_m17,1.0,1.0,0.6934264036172708,1.0
0100672e,multi-session,rrf_turn_route,1.0,1.0,1.0,1.0
0100672e,multi-session,dense_session_mean,,,,1.0
0100672e,multi-session,bm25_session,,,,1.0
a96c20ee,multi-session,turn,0.0,0.0,0.0,0.5
a96c20ee,multi-session,sentence,0.5,1.0,0.7977228895450266,0.5
a96c20ee,multi-session,cards_hand,0.0,0.0,0.0,0.5
a96c20ee,multi-session,pos_hand,0.0,0.0,0.0,0.5
a96c20ee,multi-session,cards_m11,0.0,0.5,0.20438239758848611,0.5
a96c20ee,multi-session,pos_m11,0.0,0.5,0.20438239758848611,0.5
a96c20ee,multi-session,cards_m13,0.0,0.0,0.0,0.5
a96c20ee,multi-session,pos_m13,0.0,0.5,0.21840743681816419,1.0
a96c20ee,multi-session,cards_m17,0.5,1.0,0.5802792108518124,1.0
a96c20ee,multi-session,pos_m17,0.5,1.0,0.8065735963827293,1.0
a96c20ee,multi-session,bm25_turn,1.0,1.0,1.0,1.0
a96c20ee,multi-session,bm25_cards_hand,1.0,1.0,1.0,1.0
a96c20ee,multi-session,rrf_turn,1.0,1.0,0.6934264036172708,1.0
a96c20ee,multi-session,rrf_sentence,1.0,1.0,0.8772153153380493,1.0
a96c20ee,multi-session,rrf_cards_hand,0.5,1.0,0.6052602440527057,1.0
a96c20ee,multi-session,rrf_cards_m11,1.0,1.0,0.6934264036172708,1.0
a96c20ee,multi-session,rrf_cards_m13,0.5,1.0,0.5109559939712153,1.0
a96c20ee,multi-session,rrf_cards_m17,1.0,1.0,0.8772153153380493,1.0
a96c20ee,multi-session,rrf_turn_route,1.0,1.0,0.6934264036172708,1.0
a96c20ee,multi-session,dense_session_mean,,,,0.0
a96c20ee,multi-session,bm25_session,,,,1.0
92a0aa75,multi-session,turn,0.0,0.0,0.0,0.0
92a0aa75,multi-session,sentence,1.0,1.0,1.0,1.0
92a0aa75,multi-session,cards_hand,1.0,1.0,1.0,1.0
92a0aa75,multi-session,pos_hand,0.5,0.5,0.6131471927654584,0.5
92a0aa75,multi-session,cards_m11,1.0,1.0,1.0,1.0
92a0aa75,multi-session,pos_m11,0.5,0.5,0.6131471927654584,1.0
92a0aa75,multi-session,cards_m13,0.5,0.5,0.6131471927654584,0.5
92a0aa75,multi-session,pos_m13,0.5,0.5,0.6131471927654584,0.5
92a0aa75,multi-session,cards_m17,0.5,0.5,0.6131471927654584,0.5
92a0aa75,multi-session,pos_m17,0.5,0.5,0.6131471927654584,0.5
92a0aa75,multi-session,bm25_turn,0.0,0.0,0.0,0.0
92a0aa75,multi-session,bm25_cards_hand,0.0,0.0,0.0,0.0
92a0aa75,multi-session,rrf_turn,0.0,0.0,0.0,0.0
92a0aa75,multi-session,rrf_sentence,0.5,1.0,0.4415801103577823,1.0
92a0aa75,multi-session,rrf_cards_hand,0.0,1.0,0.39780880120575696,0.0
92a0aa75,multi-session,rrf_cards_m11,0.5,1.0,0.4415801103577823,1.0
92a0aa75,multi-session,rrf_cards_m13,0.0,1.0,0.38162168437253385,0.5
92a0aa75,multi-session,rrf_cards_m17,0.0,0.5,0.19342640361727081,0.5
92a0aa75,multi-session,rrf_turn_route,0.0,0.5,0.17723928678404774,0.0
92a0aa75,multi-session,dense_session_mean,,,,0.0
92a0aa75,multi-session,bm25_session,,,,0.5
3fe836c9,multi-session,turn,1.0,1.0,0.9197207891481876,1.0
3fe836c9,multi-session,sentence,1.0,1.0,0.6934264036172708,1.0
3fe836c9,multi-session,cards_hand,1.0,1.0,0.6934264036172708,1.0
3fe836c9,multi-session,pos_hand,1.0,1.0,0.6934264036172708,1.0
3fe836c9,multi-session,cards_m11,1.0,1.0,0.6509209298071326,1.0
3fe836c9,multi-session,pos_m11,1.0,1.0,0.6509209298071326,1.0
3fe836c9,multi-session,cards_m13,1.0,1.0,0.6934264036172708,1.0
3fe836c9,multi-session,pos_m13,1.0,1.0,0.6934264036172708,1.0
3fe836c9,multi-session,cards_m17,1.0,1.0,0.6934264036172708,1.0
3fe836c9,multi-session,pos_m17,1.0,1.0,0.6934264036172708,1.0
3fe836c9,multi-session,bm25_turn,1.0,1.0,1.0,1.0
3fe836c9,multi-session,bm25_cards_hand,1.0,1.0,0.9197207891481876,1.0
3fe836c9,multi-session,rrf_turn,1.0,1.0,1.0,1.0
3fe836c9,multi-session,rrf_sentence,1.0,1.0,0.9197207891481876,1.0
3fe836c9,multi-session,rrf_cards_hand,1.0,1.0,0.6934264036172708,1.0
3fe836c9,multi-session,rrf_cards_m11,1.0,1.0,0.9197207891481876,1.0
3fe836c9,multi-session,rrf_cards_m13,1.0,1.0,1.0,1.0
3fe836c9,multi-session,rrf_cards_m17,1.0,1.0,1.0,1.0
3fe836c9,multi-session,rrf_turn_route,1.0,1.0,1.0,1.0
3fe836c9,multi-session,dense_session_mean,,,,1.0
3fe836c9,multi-session,bm25_session,,,,1.0
1c549ce4,multi-session,turn,0.5,1.0,0.8315546295836225,1.0
1c549ce4,multi-session,sentence,1.0,1.0,0.8772153153380493,1.0
1c549ce4,multi-session,cards_hand,1.0,1.0,0.8772153153380493,1.0
1c549ce4,multi-session,pos_hand,1.0,1.0,0.8772153153380493,1.0
1c549ce4,multi-session,cards_m11,1.0,1.0,0.8772153153380493,1.0
1c549ce4,multi-session,pos_m11,1.0,1.0,0.8772153153380493,1.0
1c549ce4,multi-session,cards_m13,1.0,1.0,0.9197207891481876,1.0
1c549ce4,multi-session,pos_m13,1.0,1.0,0.9197207891481876,1.0
1c549ce4,multi-session,cards_m17,1.0,1.0,0.8772153153380493,1.0
1c549ce4,multi-session,pos_m17,1.0,1.0,0.8772153153380493,1.0
1c549ce4,multi-session,bm25_turn,0.5,1.0,0.6052602440527057,1.0
1c549ce4,multi-session,bm25_cards_hand,1.0,1.0,0.6240505200038379,1.0
1c549ce4,multi-session,rrf_turn,0.5,1.0,0.8315546295836225,1.0
1c549ce4,multi-session,rrf_sentence,1.0,1.0,0.8772153153380493,1.0
1c549ce4,multi-session,rrf_cards_hand,1.0,1.0,0.8772153153380493,1.0
1c549ce4,multi-session,rrf_cards_m11,1.0,1.0,0.8503449055347546,1.0
1c549ce4,multi-session,rrf_cards_m13,1.0,1.0,0.8772153153380493,1.0
1c549ce4,multi-session,rrf_cards_m17,1.0,1.0,0.8772153153380493,1.0
1c549ce4,multi-session,rrf_turn_route,1.0,1.0,0.9197207891481876,1.0
1c549ce4,multi-session,dense_session_mean,,,,1.0
1c549ce4,multi-session,bm25_session,,,,1.0
6c49646a,multi-session,turn,0.5,1.0,0.5714285040141098,1.0
6c49646a,multi-session,sentence,1.0,1.0,1.0,1.0
6c49646a,multi-session,cards_hand,0.5,1.0,0.8065735963827293,1.0
6c49646a,multi-session,pos_hand,0.5,1.0,0.8065735963827293,1.0
6c49646a,multi-session,cards_m11,0.5,1.0,0.7977228895450266,1.0
6c49646a,multi-session,pos_m11,0.5,1.0,0.7977228895450266,1.0
6c49646a,multi-session,cards_m13,1.0,1.0,0.8503449055347546,1.0
6c49646a,multi-session,pos_m13,1.0,1.0,0.8772153153380493,1.0
6c49646a,multi-session,cards_m17,1.0,1.0,1.0,1.0
6c49646a,multi-session,pos_m17,1.0,1.0,0.8772153153380493,1.0
6c49646a,multi-session,bm25_turn,1.0,1.0,1.0,1.0
6c49646a,multi-session,bm25_cards_hand,1.0,1.0,1.0,1.0
6c49646a,multi-session,rrf_turn,1.0,1.0,0.9197207891481876,1.0
6c49646a,multi-session,rrf_sentence,1.0,1.0,1.0,1.0
6c49646a,multi-session,rrf_cards_hand,1.0,1.0,1.0,1.0
6c49646a,multi-session,rrf_cards_m11,1.0,1.0,0.9197207891481876,1.0
6c49646a,multi-session,rrf_cards_m13,1.0,1.0,1.0,1.0
6c49646a,multi-session,rrf_cards_m17,1.0,1.0,1.0,1.0
6c49646a,multi-session,rrf_turn_route,1.0,1.0,1.0,1.0
6c49646a,multi-session,dense_session_mean,,,,1.0
6c49646a,multi-session,bm25_session,,,,1.0
1192316e,multi-session,turn,0.5,0.5,0.6131471927654584,0.5
1192316e,multi-session,sentence,1.0,1.0,1.0,1.0
1192316e,multi-session,cards_hand,1.0,1.0,0.8772153153380493,1.0
1192316e,multi-session,pos_hand,1.0,1.0,0.8772153153380493,1.0
1192316e,multi-session,cards_m11,1.0,1.0,0.9197207891481876,1.0
1192316e,multi-session,pos_m11,1.0,1.0,0.8772153153380493,1.0
1192316e,multi-session,cards_m13,0.5,0.5,0.6131471927654584,0.5
1192316e,multi-session,pos_m13,0.5,0.5,0.6131471927654584,0.5
1192316e,multi-session,cards_m17,0.5,0.5,0.6131471927654584,0.5
1192316e,multi-session,pos_m17,0.5,0.5,0.6131471927654584,0.5
1192316e,multi-session,bm25_turn,1.0,1.0,1.0,1.0
1192316e,multi-session,bm25_cards_hand,1.0,1.0,0.9197207891481876,1.0
1192316e,multi-session,rrf_turn,0.5,1.0,0.8175295903539445,1.0
1192316e,multi-session,rrf_sentence,1.0,1.0,1.0,1.0
1192316e,multi-session,rrf_cards_hand,1.0,1.0,1.0,1.0
1192316e,multi-session,rrf_cards_m11,1.0,1.0,1.0,1.0
1192316e,multi-session,rrf_cards_m13,1.0,1.0,0.8772153153380493,1.0
1192316e,multi-session,rrf_cards_m17,1.0,1.0,0.8772153153380493,1.0
1192316e,multi-session,rrf_turn_route,1.0,1.0,0.8503449055347546,1.0
1192316e,multi-session,dense_session_mean,,,,1.0
1192316e,multi-session,bm25_session,,,,1.0
0ea62687,multi-session,turn,1.0,1.0,0.5706417189553201,1.0
0ea62687,multi-session,sentence,1.0,1.0,0.9197207891481876,1.0
0ea62687,multi-session,cards_hand,1.0,1.0,0.9197207891481876,1.0
0ea62687,multi-session,pos_hand,1.0,1.0,0.9197207891481876,1.0
0ea62687,multi-session,cards_m11,1.0,1.0,0.8503449055347546,1.0
0ea62687,multi-session,pos_m11,1.0,1.0,0.8503449055347546,1.0
0ea62687,multi-session,cards_m13,1.0,1.0,0.8503449055347546,1.0
0ea62687,multi-session,pos_m13,1.0,1.0,0.8503449055347546,1.0
0ea62687,multi-session,cards_m17,1.0,1.0,0.9197207891481876,1.0
0ea62687,multi-session,pos_m17,1.0,1.0,0.9197207891481876,1.0
0ea62687,multi-session,bm25_turn,1.0,1.0,1.0,1.0
0ea62687,multi-session,bm25_cards_hand,1.0,1.0,0.9197207891481876,1.0
0ea62687,multi-session,rrf_turn,1.0,1.0,1.0,1.0
0ea62687,multi-session,rrf_sentence,1.0,1.0,1.0,1.0
0ea62687,multi-session,rrf_cards_hand,1.0,1.0,1.0,1.0
0ea62687,multi-session,rrf_cards_m11,1.0,1.0,1.0,1.0
0ea62687,multi-session,rrf_cards_m13,1.0,1.0,1.0,1.0
0ea62687,multi-session,rrf_cards_m17,1.0,1.0,1.0,1.0
0ea62687,multi-session,rrf_turn_route,1.0,1.0,1.0,1.0
0ea62687,multi-session,dense_session_mean,,,,1.0
0ea62687,multi-session,bm25_session,,,,1.0
67e0d0f2,multi-session,turn,0.5,0.5,0.23719771276929622,1.0
67e0d0f2,multi-session,sentence,0.0,0.5,0.21840743681816419,1.0
67e0d0f2,multi-session,cards_hand,0.5,0.5,0.2640681225725909,1.0
67e0d0f2,multi-session,pos_hand,0.5,0.5,0.2640681225725909,1.0
67e0d0f2,multi-session,cards_m11,0.5,0.5,0.23719771276929622,1.0
67e0d0f2,multi-session,pos_m11,0.5,0.5,0.23719771276929622,1.0
67e0d0f2,multi-session,cards_m13,0.0,0.0,0.0,1.0
67e0d0f2,multi-session,pos_m13,0.0,0.0,0.0,1.0
67e0d0f2,multi-session,cards_m17,0.5,0.5,0.23719771276929622,1.0
67e0d0f2,multi-session,pos_m17,0.5,0.5,0.23719771276929622,1.0
67e0d0f2,multi-session,bm25_turn,0.5,0.5,0.6131471927654584,1.0
67e0d0f2,multi-session,bm25_cards_hand,0.5,0.5,0.6131471927654584,1.0
67e0d0f2,multi-session,rrf_turn,0.5,0.5,0.38685280723454163,1.0
67e0d0f2,multi-session,rrf_sentence,0.5,0.5,0.6131471927654584,1.0
67e0d0f2,multi-session,rrf_cards_hand,0.5,0.5,0.6131471927654584,1.0
67e0d0f2,multi-session,rrf_cards_m11,0.5,0.5,0.6131471927654584,1.0
67e0d0f2,multi-session,rrf_cards_m13,0.5,0.5,0.38685280723454163,1.0
67e0d0f2,multi-session,rrf_cards_m17,0.5,0.5,0.6131471927654584,1.0
67e0d0f2,multi-session,rrf_turn_route,0.5,0.5,0.38685280723454163,1.0
67e0d0f2,multi-session,dense_session_mean,,,,1.0
67e0d0f2,multi-session,bm25_session,,,,1.0
bb7c3b45,multi-session,turn,0.5,1.0,0.7977228895450266,1.0
bb7c3b45,multi-session,sentence,1.0,1.0,1.0,1.0
bb7c3b45,multi-session,cards_hand,0.5,1.0,0.42177340954886444,1.0
bb7c3b45,multi-session,pos_hand,0.5,1.0,0.8315546295836225,1.0
bb7c3b45,multi-session,cards_m11,0.5,1.0,0.8175295903539445,1.0
bb7c3b45,multi-session,pos_m11,0.5,1.0,0.8065735963827293,1.0
bb7c3b45,multi-session,cards_m13,0.0,0.5,0.21840743681816419,1.0
bb7c3b45,multi-session,pos_m13,0.5,1.0,0.8065735963827293,1.0
bb7c3b45,multi-session,cards_m17,0.5,1.0,0.8315546295836225,1.0
bb7c3b45,multi-session,pos_m17,0.5,1.0,0.8175295903539445,1.0
bb7c3b45,multi-session,bm25_turn,1.0,1.0,0.5437713091520254,1.0
bb7c3b45,multi-session,bm25_cards_hand,0.0,1.0,0.40298313359773236,1.0
bb7c3b45,multi-session,rrf_turn,1.0,1.0,0.6240505200038379,1.0
bb7c3b45,multi-session,rrf_sentence,1.0,1.0,1.0,1.0
bb7c3b45,multi-session,rrf_cards_hand,0.0,1.0,0.4227898344066503,1.0
bb7c3b45,multi-session,rrf_cards_m11,0.5,1.0,0.8315546295836225,1.0
bb7c3b45,multi-session,rrf_cards_m13,0.5,1.0,0.448643819352159,1.0
bb7c3b45,multi-session,rrf_cards_m17,1.0,1.0,0.8772153153380493,1.0
bb7c3b45,multi-session,rrf_turn_route,1.0,1.0,0.6509209298071326,1.0
bb7c3b45,multi-session,dense_session_mean,,,,1.0
bb7c3b45,multi-session,bm25_session,,,,1.0
ba358f49,multi-session,turn,0.5,0.5,0.6131471927654584,0.5
ba358f49,multi-session,sentence,0.5,0.5,0.6131471927654584,0.5
ba358f49,multi-session,cards_hand,0.5,0.5,0.6131471927654584,0.5
ba358f49,multi-session,pos_hand,0.5,0.5,0.6131471927654584,0.5
ba358f49,multi-session,cards_m11,0.5,0.5,0.6131471927654584,0.5
ba358f49,multi-session,pos_m11,0.5,0.5,0.6131471927654584,0.5
ba358f49,multi-session,cards_m13,0.5,0.5,0.6131471927654584,0.5
ba358f49,multi-session,pos_m13,0.5,0.5,0.6131471927654584,0.5
ba358f49,multi-session,cards_m17,0.5,0.5,0.6131471927654584,0.5
ba358f49,multi-session,pos_m17,0.5,0.5,0.6131471927654584,0.5
ba358f49,multi-session,bm25_turn,0.5,0.5,0.6131471927654584,0.5
ba358f49,multi-session,bm25_cards_hand,0.5,0.5,0.6131471927654584,0.5
ba358f49,multi-session,rrf_turn,0.5,0.5,0.6131471927654584,0.5
ba358f49,multi-session,rrf_sentence,0.5,1.0,0.7903864795495061,0.5
ba358f49,multi-session,rrf_cards_hand,0.5,1.0,0.8175295903539445,0.5
ba358f49,multi-session,rrf_cards_m11,0.5,0.5,0.6131471927654584,0.5
ba358f49,multi-session,rrf_cards_m13,0.5,0.5,0.6131471927654584,0.5
ba358f49,multi-session,rrf_cards_m17,0.5,1.0,0.8315546295836225,1.0
ba358f49,multi-session,rrf_turn_route,0.5,0.5,0.6131471927654584,0.5
ba358f49,multi-session,dense_session_mean,,,,0.5
ba358f49,multi-session,bm25_session,,,,0.5
61f8c8f8,multi-session,turn,0.5,0.5,0.3065735963827292,0.5
61f8c8f8,multi-session,sentence,1.0,1.0,1.0,1.0
61f8c8f8,multi-session,cards_hand,1.0,1.0,1.0,1.0
61f8c8f8,multi-session,pos_hand,1.0,1.0,1.0,1.0
61f8c8f8,multi-session,cards_m11,1.0,1.0,0.8772153153380493,1.0
61f8c8f8,multi-session,pos_m11,1.0,1.0,1.0,1.0
61f8c8f8,multi-session,cards_m13,0.5,1.0,0.7903864795495061,1.0
61f8c8f8,multi-session,pos_m13,0.5,0.5,0.6131471927654584,1.0
61f8c8f8,multi-session,cards_m17,1.0,1.0,0.8772153153380493,1.0
61f8c8f8,multi-session,pos_m17,1.0,1.0,1.0,1.0
61f8c8f8,multi-session,bm25_turn,0.5,0.5,0.6131471927654584,1.0
61f8c8f8,multi-session,bm25_cards_hand,0.5,0.5,0.6131471927654584,1.0
61f8c8f8,multi-session,rrf_turn,0.5,0.5,0.38685280723454163,1.0
61f8c8f8,multi-session,rrf_sentence,0.5,1.0,0.7977228895450266,1.0
61f8c8f8,multi-session,rrf_cards_hand,0.5,1.0,0.7977228895450266,1.0
61f8c8f8,multi-session,rrf_cards_m11,0.5,0.5,0.6131471927654584,1.0
61f8c8f8,multi-session,rrf_cards_m13,0.5,0.5,0.6131471927654584,1.0
61f8c8f8,multi-session,rrf_cards_m17,0.5,0.5,0.6131471927654584,1.0
61f8c8f8,multi-session,rrf_turn_route,0.5,0.5,0.6131471927654584,1.0
61f8c8f8,multi-session,dense_session_mean,,,,0.5
61f8c8f8,multi-session,bm25_session,,,,1.0
60159905,multi-session,turn,0.5,1.0,0.8065735963827293,1.0
60159905,multi-session,sentence,0.5,0.5,0.38685280723454163,1.0
60159905,multi-session,cards_hand,0.5,0.5,0.38685280723454163,1.0
60159905,multi-session,pos_hand,0.5,1.0,0.5640920940185894,1.0
60159905,multi-session,cards_m11,0.5,0.5,0.38685280723454163,1.0
60159905,multi-session,pos_m11,0.5,1.0,0.5714285040141098,1.0
60159905,multi-session,cards_m13,0.5,0.5,0.38685280723454163,1.0
60159905,multi-session,pos_m13,0.5,1.0,0.5714285040141098,1.0
60159905,multi-session,cards_m17,0.5,0.5,0.38685280723454163,1.0
60159905,multi-session,pos_m17,0.5,1.0,0.5714285040141098,1.0
60159905,multi-session,bm25_turn,1.0,1.0,0.6509209298071326,1.0
60159905,multi-session,bm25_cards_hand,0.0,0.5,0.17723928678404774,0.5
60159905,multi-session,rrf_turn,1.0,1.0,0.8772153153380493,1.0
60159905,multi-session,rrf_sentence,1.0,1.0,0.6509209298071326,1.0
60159905,multi-session,rrf_cards_hand,0.5,1.0,0.5,1.0
60159905,multi-session,rrf_cards_m11,1.0,1.0,0.6509209298071326,1.0
60159905,multi-session,rrf_cards_m13,1.0,1.0,0.6509209298071326,1.0
60159905,multi-session,rrf_cards_m17,1.0,1.0,0.6509209298071326,1.0
60159905,multi-session,rrf_turn_route,1.0,1.0,0.8772153153380493,1.0
60159905,multi-session,dense_session_mean,,,,1.0
60159905,multi-session,bm25_session,,,,1.0
ef9cf60a,multi-session,turn,1.0,1.0,0.6240505200038379,1.0
ef9cf60a,multi-session,sentence,1.0,1.0,0.9197207891481876,1.0
ef9cf60a,multi-session,cards_hand,0.5,1.0,0.5109559939712153,1.0
ef9cf60a,multi-session,pos_hand,1.0,1.0,0.8772153153380493,1.0
ef9cf60a,multi-session,cards_m11,0.5,1.0,0.46845052016107697,1.0
ef9cf60a,multi-session,pos_m11,0.5,1.0,0.8065735963827293,1.0
ef9cf60a,multi-session,cards_m13,0.5,1.0,0.8315546295836225,1.0
ef9cf60a,multi-session,pos_m13,0.5,1.0,0.8315546295836225,1.0
ef9cf60a,multi-session,cards_m17,0.5,1.0,0.8315546295836225,1.0
ef9cf60a,multi-session,pos_m17,0.5,1.0,0.8175295903539445,1.0
ef9cf60a,multi-session,bm25_turn,0.0,0.5,0.20438239758848611,1.0
ef9cf60a,multi-session,bm25_cards_hand,0.0,0.5,0.20438239758848611,0.5
ef9cf60a,multi-session,rrf_turn,0.5,1.0,0.6052602440527057,1.0
ef9cf60a,multi-session,rrf_sentence,1.0,1.0,0.6240505200038379,1.0
ef9cf60a,multi-session,rrf_cards_hand,0.5,1.0,0.5109559939712153,1.0
ef9cf60a,multi-session,rrf_cards_m11,0.5,1.0,0.5249810332008933,1.0
ef9cf60a,multi-session,rrf_cards_m13,1.0,1.0,0.8503449055347546,1.0
ef9cf60a,multi-session,rrf_cards_m17,0.5,1.0,0.8315546295836225,1.0
ef9cf60a,multi-session,rrf_turn_route,1.0,1.0,0.8772153153380493,1.0
ef9cf60a,multi-session,dense_session_mean,,,,1.0
ef9cf60a,multi-session,bm25_session,,,,1.0
73d42213,multi-session,turn,0.5,0.5,0.6131471927654584,1.0
73d42213,multi-session,sentence,0.5,1.0,0.7903864795495061,1.0
73d42213,multi-session,cards_hand,0.5,0.5,0.6131471927654584,1.0
73d42213,multi-session,pos_hand,0.5,0.5,0.6131471927654584,1.0
73d42213,multi-session,cards_m11,0.5,1.0,0.5640920940185894,1.0
73d42213,multi-session,pos_m11,0.5,0.5,0.6131471927654584,1.0
73d42213,multi-session,cards_m13,0.5,1.0,0.7977228895450266,1.0
73d42213,multi-session,pos_m13,0.5,1.0,0.7903864795495061,1.0
73d42213,multi-session,cards_m17,0.5,0.5,0.6131471927654584,1.0
73d42213,multi-session,pos_m17,0.5,0.5,0.6131471927654584,1.0
73d42213,multi-session,bm25_turn,0.0,1.0,0.36181498356361597,1.0
73d42213,multi-session,bm25_cards_hand,0.0,0.5,0.21840743681816419,1.0
73d42213,multi-session,rrf_turn,0.5,1.0,0.46845052016107697,1.0
73d42213,multi-session,rrf_sentence,0.5,1.0,0.45749452618986164,1.0
73d42213,multi-session,rrf_cards_hand,0.5,1.0,0.5714285040141098,1.0
73d42213,multi-session,rrf_cards_m11,0.5,1.0,0.46845052016107697,1.0
73d42213,multi-session,rrf_cards_m13,0.5,1.0,0.46845052016107697,1.0
73d42213,multi-session,rrf_cards_m17,0.5,1.0,0.45749452618986164,1.0
73d42213,multi-session,rrf_turn_route,1.0,1.0,0.9197207891481876,1.0
73d42213,multi-session,dense_session_mean,,,,1.0
73d42213,multi-session,bm25_session,,,,1.0
bc149d6b,multi-session,turn,0.5,0.5,0.6131471927654584,1.0
bc149d6b,multi-session,sentence,0.5,0.5,0.6131471927654584,1.0
bc149d6b,multi-session,cards_hand,0.5,0.5,0.6131471927654584,1.0
bc149d6b,multi-session,pos_hand,0.5,0.5,0.6131471927654584,1.0
bc149d6b,multi-session,cards_m11,0.5,0.5,0.6131471927654584,1.0
bc149d6b,multi-session,pos_m11,0.5,0.5,0.6131471927654584,1.0
bc149d6b,multi-session,cards_m13,0.5,0.5,0.6131471927654584,1.0
bc149d6b,multi-session,pos_m13,0.5,0.5,0.6131471927654584,1.0
bc149d6b,multi-session,cards_m17,0.5,0.5,0.6131471927654584,1.0
bc149d6b,multi-session,pos_m17,0.5,0.5,0.6131471927654584,1.0
bc149d6b,multi-session,bm25_turn,0.5,0.5,0.3065735963827292,0.5
bc149d6b,multi-session,bm25_cards_hand,0.5,0.5,0.3065735963827292,0.5
bc149d6b,multi-session,rrf_turn,0.5,0.5,0.38685280723454163,0.5
bc149d6b,multi-session,rrf_sentence,0.5,0.5,0.38685280723454163,0.5
bc149d6b,multi-session,rrf_cards_hand,0.5,0.5,0.38685280723454163,1.0
bc149d6b,multi-session,rrf_cards_m11,0.5,0.5,0.38685280723454163,0.5
bc149d6b,multi-session,rrf_cards_m13,0.5,0.5,0.38685280723454163,0.5
bc149d6b,multi-session,rrf_cards_m17,0.5,0.5,0.38685280723454163,0.5
bc149d6b,multi-session,rrf_turn_route,0.5,0.5,0.6131471927654584,0.5
bc149d6b,multi-session,dense_session_mean,,,,1.0
bc149d6b,multi-session,bm25_session,,,,0.5
099778bb,multi-session,turn,0.5,1.0,0.5109559939712153,1.0
099778bb,multi-session,sentence,0.5,1.0,0.4911492931622974,1.0
099778bb,multi-session,cards_hand,0.5,1.0,0.45749452618986164,1.0
099778bb,multi-session,pos_hand,0.5,1.0,0.5,1.0
099778bb,multi-session,cards_m11,0.5,1.0,0.5714285040141098,1.0
099778bb,multi-session,pos_m11,0.5,1.0,0.5714285040141098,1.0
099778bb,multi-session,cards_m13,0.5,1.0,0.48381288316677695,1.0
099778bb,multi-session,pos_m13,0.5,1.0,0.5714285040141098,1.0
099778bb,multi-session,cards_m17,0.5,1.0,0.430624116386567,1.0
099778bb,multi-session,pos_m17,0.5,1.0,0.5,1.0
099778bb,multi-session,bm25_turn,0.5,1.0,0.4415801103577823,1.0
099778bb,multi-session,bm25_cards_hand,0.5,1.0,0.430624116386567,1.0
099778bb,multi-session,rrf_turn,1.0,1.0,0.5437713091520254,1.0
099778bb,multi-session,rrf_sentence,0.5,1.0,0.48247555939075504,1.0
099778bb,multi-session,rrf_cards_hand,0.5,1.0,0.46845052016107697,1.0
099778bb,multi-session,rrf_cards_m11,0.5,1.0,0.5249810332008933,1.0
099778bb,multi-session,rrf_cards_m13,0.5,1.0,0.48247555939075504,1.0
099778bb,multi-session,rrf_cards_m17,0.5,1.0,0.48247555939075504,1.0
099778bb,multi-session,rrf_turn_route,1.0,1.0,0.6934264036172708,1.0
099778bb,multi-session,dense_session_mean,,,,1.0
099778bb,multi-session,bm25_session,,,,1.0
09ba9854,multi-session,turn,1.0,1.0,1.0,1.0
09ba9854,multi-session,sentence,1.0,1.0,1.0,1.0
09ba9854,multi-session,cards_hand,1.0,1.0,1.0,1.0
09ba9854,multi-session,pos_hand,1.0,1.0,1.0,1.0
09ba9854,multi-session,cards_m11,1.0,1.0,1.0,1.0
09ba9854,multi-session,pos_m11,1.0,1.0,1.0,1.0
09ba9854,multi-session,cards_m13,1.0,1.0,1.0,1.0
09ba9854,multi-session,pos_m13,1.0,1.0,1.0,1.0
09ba9854,multi-session,cards_m17,1.0,1.0,1.0,1.0
09ba9854,multi-session,pos_m17,1.0,1.0,1.0,1.0
09ba9854,multi-session,bm25_turn,1.0,1.0,1.0,1.0
09ba9854,multi-session,bm25_cards_hand,1.0,1.0,0.9197207891481876,1.0
09ba9854,multi-session,rrf_turn,1.0,1.0,1.0,1.0
09ba9854,multi-session,rrf_sentence,1.0,1.0,1.0,1.0
09ba9854,multi-session,rrf_cards_hand,1.0,1.0,1.0,1.0
09ba9854,multi-session,rrf_cards_m11,1.0,1.0,1.0,1.0
09ba9854,multi-session,rrf_cards_m13,1.0,1.0,1.0,1.0
09ba9854,multi-session,rrf_cards_m17,1.0,1.0,1.0,1.0
09ba9854,multi-session,rrf_turn_route,1.0,1.0,1.0,1.0
09ba9854,multi-session,dense_session_mean,,,,1.0
09ba9854,multi-session,bm25_session,,,,1.0
d6062bb9,multi-session,turn,1.0,1.0,0.8772153153380493,1.0
d6062bb9,multi-session,sentence,1.0,1.0,0.9197207891481876,1.0
d6062bb9,multi-session,cards_hand,1.0,1.0,0.6509209298071326,1.0
d6062bb9,multi-session,pos_hand,1.0,1.0,0.6509209298071326,1.0
d6062bb9,multi-session,cards_m11,1.0,1.0,0.6934264036172708,1.0
d6062bb9,multi-session,pos_m11,1.0,1.0,0.9197207891481876,1.0
d6062bb9,multi-session,cards_m13,1.0,1.0,0.6934264036172708,1.0
d6062bb9,multi-session,pos_m13,1.0,1.0,0.9197207891481876,1.0
d6062bb9,multi-session,cards_m17,1.0,1.0,0.6934264036172708,1.0
d6062bb9,multi-session,pos_m17,1.0,1.0,0.9197207891481876,1.0
d6062bb9,multi-session,bm25_turn,0.5,1.0,0.6052602440527057,1.0
d6062bb9,multi-session,bm25_cards_hand,0.5,0.5,0.23719771276929622,1.0
d6062bb9,multi-session,rrf_turn,1.0,1.0,0.8503449055347546,1.0
d6062bb9,multi-session,rrf_sentence,1.0,1.0,1.0,1.0
d6062bb9,multi-session,rrf_cards_hand,0.5,1.0,0.6052602440527057,1.0
d6062bb9,multi-session,rrf_cards_m11,1.0,1.0,0.9197207891481876,1.0
d6062bb9,multi-session,rrf_cards_m13,1.0,1.0,0.9197207891481876,1.0
d6062bb9,multi-session,rrf_cards_m17,1.0,1.0,0.8772153153380493,1.0
d6062bb9,multi-session,rrf_turn_route,1.0,1.0,0.8772153153380493,1.0
d6062bb9,multi-session,dense_session_mean,,,,1.0
d6062bb9,multi-session,bm25_session,,,,1.0
157a136e,multi-session,turn,0.3333333333333333,0.6666666666666666,0.38268031849431083,1.0
157a136e,multi-session,sentence,0.6666666666666666,1.0,0.6039071644781281,1.0
157a136e,multi-session,cards_hand,0.6666666666666666,0.6666666666666666,0.4367467095119258,1.0
157a136e,multi-session,pos_hand,0.6666666666666666,0.6666666666666666,0.4367467095119258,1.0
157a136e,multi-session,cards_m11,0.6666666666666666,0.6666666666666666,0.4367467095119258,1.0
157a136e,multi-session,pos_m11,0.6666666666666666,0.6666666666666666,0.4367467095119258,1.0
157a136e,multi-session,cards_m13,1.0,1.0,0.6182885020492784,1.0
157a136e,multi-session,pos_m13,0.3333333333333333,0.3333333333333333,0.20210734650054757,1.0
157a136e,multi-session,cards_m17,0.6666666666666666,1.0,0.6039071644781281,1.0
157a136e,multi-session,pos_m17,0.6666666666666666,1.0,0.6039071644781281,1.0
157a136e,multi-session,bm25_turn,0.6666666666666666,0.6666666666666666,0.4367467095119258,0.5
157a136e,multi-session,bm25_cards_hand,0.3333333333333333,0.6666666666666666,0.4525081529734507,0.5
157a136e,multi-session,rrf_turn,0.6666666666666666,0.6666666666666666,0.5307212739772434,0.5
157a136e,multi-session,rrf_sentence,0.6666666666666666,0.6666666666666666,0.5307212739772434,1.0
157a136e,multi-session,rrf_cards_hand,0.6666666666666666,0.6666666666666666,0.49818925746641285,1.0
157a136e,multi-session,rrf_cards_m11,0.3333333333333333,0.6666666666666666,0.4525081529734507,1.0
157a136e,multi-session,rrf_cards_m13,0.6666666666666666,0.6666666666666666,0.5307212739772434,1.0
157a136e,multi-session,rrf_cards_m17,0.6666666666666666,0.6666666666666666,0.5307212739772434,1.0
157a136e,multi-session,rrf_turn_route,0.6666666666666666,0.6666666666666666,0.5307212739772434,0.5
157a136e,multi-session,dense_session_mean,,,,0.5
157a136e,multi-session,bm25_session,,,,0.5
c18a7dc8,multi-session,turn,0.0,0.0,0.0,0.5
c18a7dc8,multi-session,sentence,0.5,1.0,0.8315546295836225,1.0
c18a7dc8,multi-session,cards_hand,0.5,1.0,0.8315546295836225,1.0
c18a7dc8,multi-session,pos_hand,0.5,1.0,0.8315546295836225,1.0
c18a7dc8,multi-session,cards_m11,0.5,1.0,0.48381288316677695,1.0
c18a7dc8,multi-session,pos_m11,0.5,0.5,0.6131471927654584,0.5
c18a7dc8,multi-session,cards_m13,0.0,0.0,0.0,0.0
c18a7dc8,multi-session,pos_m13,0.5,0.5,0.6131471927654584,0.5
c18a7dc8,multi-session,cards_m17,0.5,0.5,0.6131471927654584,0.5
c18a7dc8,multi-session,pos_m17,0.5,0.5,0.6131471927654584,0.5
c18a7dc8,multi-session,bm25_turn,0.0,0.0,0.0,0.0
c18a7dc8,multi-session,bm25_cards_hand,0.0,0.0,0.0,0.0
c18a7dc8,multi-session,rrf_turn,0.0,0.0,0.0,0.5
c18a7dc8,multi-session,rrf_sentence,0.0,0.0,0.0,0.5
c18a7dc8,multi-session,rrf_cards_hand,0.0,0.0,0.0,0.5
c18a7dc8,multi-session,rrf_cards_m11,0.0,0.0,0.0,0.5
c18a7dc8,multi-session,rrf_cards_m13,0.0,0.0,0.0,0.5
c18a7dc8,multi-session,rrf_cards_m17,0.0,0.0,0.0,0.5
c18a7dc8,multi-session,rrf_turn_route,0.0,0.0,0.0,0.5
c18a7dc8,multi-session,dense_session_mean,,,,1.0
c18a7dc8,multi-session,bm25_session,,,,0.0
a3332713,multi-session,turn,0.0,0.5,0.21840743681816419,1.0
a3332713,multi-session,sentence,0.0,1.0,0.38162168437253385,1.0
a3332713,multi-session,cards_hand,0.0,1.0,0.38162168437253385,1.0
a3332713,multi-session,pos_hand,0.0,1.0,0.38162168437253385,1.0
a3332713,multi-session,cards_m11,0.5,0.5,0.2640681225725909,1.0
a3332713,multi-session,pos_m11,0.5,0.5,0.23719771276929622,1.0
a3332713,multi-session,cards_m13,0.5,1.0,0.4911492931622974,1.0
a3332713,multi-session,pos_m13,0.5,1.0,0.448643819352159,1.0
a3332713,multi-session,cards_m17,0.5,1.0,0.41443699955334395,1.0
a3332713,multi-session,pos_m17,0.5,0.5,0.23719771276929622,1.0
a3332713,multi-session,bm25_turn,0.5,1.0,0.7977228895450266,1.0
a3332713,multi-session,bm25_cards_hand,0.5,0.5,0.6131471927654584,1.0
a3332713,multi-session,rrf_turn,0.5,0.5,0.23719771276929622,1.0
a3332713,multi-session,rrf_sentence,0.5,1.0,0.448643819352159,1.0
a3332713,multi-session,rrf_cards_hand,0.5,0.5,0.3065735963827292,1.0
a3332713,multi-session,rrf_cards_m11,0.5,1.0,0.7977228895450266,1.0
a3332713,multi-session,rrf_cards_m13,0.5,1.0,0.8065735963827293,1.0
a3332713,multi-session,rrf_cards_m17,0.5,1.0,0.5,1.0
a3332713,multi-session,rrf_turn_route,1.0,1.0,0.8503449055347546,1.0
a3332713,multi-session,dense_session_mean,,,,1.0
a3332713,multi-session,bm25_session,,,,1.0
55241a1f,multi-session,turn,0.5,0.5,0.38685280723454163,1.0
55241a1f,multi-session,sentence,1.0,1.0,1.0,1.0
55241a1f,multi-session,cards_hand,1.0,1.0,0.8772153153380493,1.0
55241a1f,multi-session,pos_hand,1.0,1.0,0.8772153153380493,1.0
55241a1f,multi-session,cards_m11,1.0,1.0,1.0,1.0
55241a1f,multi-session,pos_m11,1.0,1.0,0.8772153153380493,1.0
55241a1f,multi-session,cards_m13,1.0,1.0,0.8772153153380493,1.0
55241a1f,multi-session,pos_m13,0.5,1.0,0.5249810332008933,1.0
55241a1f,multi-session,cards_m17,1.0,1.0,1.0,1.0
55241a1f,multi-session,pos_m17,1.0,1.0,0.9197207891481876,1.0
55241a1f,multi-session,bm25_turn,0.5,1.0,0.8065735963827293,1.0
55241a1f,multi-session,bm25_cards_hand,1.0,1.0,0.6934264036172708,1.0
55241a1f,multi-session,rrf_turn,0.5,0.5,0.6131471927654584,1.0
55241a1f,multi-session,rrf_sentence,1.0,1.0,0.8772153153380493,1.0
55241a1f,multi-session,rrf_cards_hand,1.0,1.0,1.0,1.0
55241a1f,multi-session,rrf_cards_m11,1.0,1.0,0.9197207891481876,1.0
55241a1f,multi-session,rrf_cards_m13,1.0,1.0,0.8503449055347546,1.0
55241a1f,multi-session,rrf_cards_m17,1.0,1.0,0.8772153153380493,1.0
55241a1f,multi-session,rrf_turn_route,0.5,1.0,0.8065735963827293,1.0
55241a1f,multi-session,dense_session_mean,,,,1.0
55241a1f,multi-session,bm25_session,,,,1.0
a08a253f,multi-session,turn,0.5,0.5,0.6131471927654584,1.0
a08a253f,multi-session,sentence,0.5,0.5,0.6131471927654584,1.0
a08a253f,multi-session,cards_hand,0.5,0.5,0.6131471927654584,1.0
a08a253f,multi-session,pos_hand,0.5,0.5,0.6131471927654584,1.0
a08a253f,multi-session,cards_m11,0.5,0.5,0.6131471927654584,1.0
a08a253f,multi-session,pos_m11,0.5,0.5,0.6131471927654584,1.0
a08a253f,multi-session,cards_m13,0.5,0.5,0.6131471927654584,1.0
a08a253f,multi-session,pos_m13,0.5,0.5,0.6131471927654584,1.0
a08a253f,multi-session,cards_m17,0.5,0.5,0.6131471927654584,1.0
a08a253f,multi-session,pos_m17,0.5,0.5,0.6131471927654584,1.0
a08a253f,multi-session,bm25_turn,0.5,0.5,0.6131471927654584,1.0
a08a253f,multi-session,bm25_cards_hand,0.5,0.5,0.38685280723454163,0.5
a08a253f,multi-session,rrf_turn,0.5,0.5,0.6131471927654584,1.0
a08a253f,multi-session,rrf_sentence,0.5,0.5,0.6131471927654584,1.0
a08a253f,multi-session,rrf_cards_hand,0.5,0.5,0.6131471927654584,0.5
a08a253f,multi-session,rrf_cards_m11,0.5,0.5,0.6131471927654584,1.0
a08a253f,multi-session,rrf_cards_m13,0.5,0.5,0.6131471927654584,1.0
a08a253f,multi-session,rrf_cards_m17,0.5,0.5,0.6131471927654584,1.0
a08a253f,multi-session,rrf_turn_route,0.5,0.5,0.6131471927654584,1.0
a08a253f,multi-session,dense_session_mean,,,,1.0
a08a253f,multi-session,bm25_session,,,,1.0
f0e564bc,multi-session,turn,0.5,1.0,0.45749452618986164,1.0
f0e564bc,multi-session,sentence,0.5,0.5,0.38685280723454163,1.0
f0e564bc,multi-session,cards_hand,0.5,0.5,0.6131471927654584,1.0
f0e564bc,multi-session,pos_hand,0.5,0.5,0.6131471927654584,1.0
f0e564bc,multi-session,cards_m11,0.5,0.5,0.6131471927654584,1.0
f0e564bc,multi-session,pos_m11,0.5,0.5,0.6131471927654584,1.0
f0e564bc,multi-session,cards_m13,0.0,1.0,0.41183384043543503,1.0
f0e564bc,multi-session,pos_m13,0.5,1.0,0.4415801103577823,1.0
f0e564bc,multi-session,cards_m17,0.5,0.5,0.38685280723454163,1.0
f0e564bc,multi-session,pos_m17,0.5,0.5,0.6131471927654584,1.0
f0e564bc,multi-session,bm25_turn,0.5,1.0,0.46845052016107697,1.0
f0e564bc,multi-session,bm25_cards_hand,0.0,1.0,0.39564672360221187,1.0
f0e564bc,multi-session,rrf_turn,0.5,1.0,0.5,1.0
f0e564bc,multi-session,rrf_sentence,0.5,1.0,0.45749452618986164,1.0
f0e564bc,multi-session,rrf_cards_hand,0.5,1.0,0.430624116386567,1.0
f0e564bc,multi-session,rrf_cards_m11,0.5,1.0,0.45749452618986164,1.0
f0e564bc,multi-session,rrf_cards_m13,0.5,1.0,0.4415801103577823,1.0
f0e564bc,multi-session,rrf_cards_m17,0.5,1.0,0.45749452618986164,1.0
f0e564bc,multi-session,rrf_turn_route,1.0,1.0,0.6240505200038379,1.0
f0e564bc,multi-session,dense_session_mean,,,,1.0
f0e564bc,multi-session,bm25_session,,,,1.0
078150f1,multi-session,turn,0.6666666666666666,1.0,0.8519590445170673,1.0
078150f1,multi-session,sentence,1.0,1.0,0.9674679834891693,1.0
078150f1,multi-session,cards_hand,1.0,1.0,0.7328286204777911,1.0
078150f1,multi-session,pos_hand,1.0,1.0,0.7328286204777911,1.0
078150f1,multi-session,cards_m11,1.0,1.0,0.9060254355346823,1.0
078150f1,multi-session,pos_m11,1.0,1.0,0.7328286204777911,1.0
078150f1,multi-session,cards_m13,1.0,1.0,0.9060254355346823,1.0
078150f1,multi-session,pos_m13,1.0,1.0,0.7328286204777911,1.0
078150f1,multi-session,cards_m17,1.0,1.0,0.7328286204777911,1.0
078150f1,multi-session,pos_m17,1.0,1.0,0.7328286204777911,1.0
078150f1,multi-session,bm25_turn,0.6666666666666666,0.6666666666666666,0.7653606369886217,1.0
078150f1,multi-session,bm25_cards_hand,1.0,1.0,0.7122630665145961,1.0
078150f1,multi-session,rrf_turn,1.0,1.0,0.9674679834891693,1.0
078150f1,multi-session,rrf_sentence,1.0,1.0,0.9674679834891693,1.0
078150f1,multi-session,rrf_cards_hand,1.0,1.0,0.7328286204777911,1.0
078150f1,multi-session,rrf_cards_m11,1.0,1.0,0.9674679834891693,1.0
078150f1,multi-session,rrf_cards_m13,1.0,1.0,0.9674679834891693,1.0
078150f1,multi-session,rrf_cards_m17,1.0,1.0,0.9060254355346823,1.0
078150f1,multi-session,rrf_turn_route,0.6666666666666666,0.6666666666666666,0.7653606369886217,1.0
078150f1,multi-session,dense_session_mean,,,,1.0
078150f1,multi-session,bm25_session,,,,1.0
8cf4d046,multi-session,turn,0.5,0.5,0.3065735963827292,1.0
8cf4d046,multi-session,sentence,1.0,1.0,1.0,1.0
8cf4d046,multi-session,cards_hand,1.0,1.0,1.0,1.0
8cf4d046,multi-session,pos_hand,0.5,0.5,0.6131471927654584,1.0
8cf4d046,multi-session,cards_m11,1.0,1.0,1.0,1.0
8cf4d046,multi-session,pos_m11,0.5,0.5,0.6131471927654584,1.0
8cf4d046,multi-session,cards_m13,0.5,1.0,0.8315546295836225,1.0
8cf4d046,multi-session,pos_m13,1.0,1.0,0.8503449055347546,1.0
8cf4d046,multi-session,cards_m17,0.5,1.0,0.8315546295836225,1.0
8cf4d046,multi-session,pos_m17,1.0,1.0,0.9197207891481876,1.0
8cf4d046,multi-session,bm25_turn,1.0,1.0,0.6509209298071326,1.0
8cf4d046,multi-session,bm25_cards_hand,1.0,1.0,0.5437713091520254,1.0
8cf4d046,multi-session,rrf_turn,1.0,1.0,0.8772153153380493,1.0
8cf4d046,multi-session,rrf_sentence,1.0,1.0,1.0,1.0
8cf4d046,multi-session,rrf_cards_hand,1.0,1.0,0.9197207891481876,1.0
8cf4d046,multi-session,rrf_cards_m11,1.0,1.0,1.0,1.0
8cf4d046,multi-session,rrf_cards_m13,1.0,1.0,0.8772153153380493,1.0
8cf4d046,multi-session,rrf_cards_m17,1.0,1.0,0.8772153153380493,1.0
8cf4d046,multi-session,rrf_turn_route,1.0,1.0,0.9197207891481876,1.0
8cf4d046,multi-session,dense_session_mean,,,,1.0
8cf4d046,multi-session,bm25_session,,,,1.0
a346bb18,multi-session,turn,0.0,0.5,0.20438239758848611,1.0
a346bb18,multi-session,sentence,1.0,1.0,0.6240505200038379,1.0
a346bb18,multi-session,cards_hand,0.5,0.5,0.3065735963827292,1.0
a346bb18,multi-session,pos_hand,0.5,0.5,0.3065735963827292,1.0
a346bb18,multi-session,cards_m11,0.5,0.5,0.38685280723454163,1.0
a346bb18,multi-session,pos_m11,0.5,0.5,0.38685280723454163,1.0
a346bb18,multi-session,cards_m13,0.5,0.5,0.3065735963827292,1.0
a346bb18,multi-session,pos_m13,0.5,0.5,0.3065735963827292,1.0
a346bb18,multi-session,cards_m17,1.0,1.0,0.6240505200038379,1.0
a346bb18,multi-session,pos_m17,1.0,1.0,0.6240505200038379,1.0
a346bb18,multi-session,bm25_turn,0.5,0.5,0.6131471927654584,1.0
a346bb18,multi-session,bm25_cards_hand,0.5,0.5,0.6131471927654584,0.5
a346bb18,multi-session,rrf_turn,0.5,1.0,0.4911492931622974,1.0
a346bb18,multi-session,rrf_sentence,1.0,1.0,0.6240505200038379,1.0
a346bb18,multi-session,rrf_cards_hand,0.5,1.0,0.5802792108518124,1.0
a346bb18,multi-session,rrf_cards_m11,0.5,1.0,0.5802792108518124,1.0
a346bb18,multi-session,rrf_cards_m13,0.5,1.0,0.5912352048230277,1.0
a346bb18,multi-session,rrf_cards_m17,1.0,1.0,0.6240505200038379,1.0
a346bb18,multi-session,rrf_turn_route,1.0,1.0,0.6240505200038379,1.0
a346bb18,multi-session,dense_session_mean,,,,1.0
a346bb18,multi-session,bm25_session,,,,1.0
37f165cf,multi-session,turn,1.0,1.0,1.0,1.0
37f165cf,multi-session,sentence,1.0,1.0,0.9197207891481876,1.0
37f165cf,multi-session,cards_hand,1.0,1.0,0.9197207891481876,1.0
37f165cf,multi-session,pos_hand,1.0,1.0,0.8772153153380493,1.0
37f165cf,multi-session,cards_m11,0.5,1.0,0.6052602440527057,1.0
37f165cf,multi-session,pos_m11,0.5,1.0,0.5912352048230277,1.0
37f165cf,multi-session,cards_m13,1.0,1.0,0.5437713091520254,1.0
37f165cf,multi-session,pos_m13,1.0,1.0,0.8503449055347546,1.0
37f165cf,multi-session,cards_m17,0.5,1.0,0.6052602440527057,1.0
37f165cf,multi-session,pos_m17,0.5,1.0,0.6052602440527057,1.0
37f165cf,multi-session,bm25_turn,0.5,1.0,0.7977228895450266,1.0
37f165cf,multi-session,bm25_cards_hand,0.5,1.0,0.5640920940185894,1.0
37f165cf,multi-session,rrf_turn,1.0,1.0,0.9197207891481876,1.0
37f165cf,multi-session,rrf_sentence,1.0,1.0,0.8772153153380493,1.0
37f165cf,multi-session,rrf_cards_hand,1.0,1.0,0.8503449055347546,1.0
37f165cf,multi-session,rrf_cards_m11,1.0,1.0,0.8503449055347546,1.0
37f165cf,multi-session,rrf_cards_m13,1.0,1.0,0.8772153153380493,1.0
37f165cf,multi-session,rrf_cards_m17,1.0,1.0,0.8503449055347546,1.0
37f165cf,multi-session,rrf_turn_route,1.0,1.0,1.0,1.0
37f165cf,multi-session,dense_session_mean,,,,1.0
37f165cf,multi-session,bm25_session,,,,1.0
8e91e7d9,multi-session,turn,0.0,0.5,0.17723928678404774,1.0
8e91e7d9,multi-session,sentence,0.5,0.5,0.6131471927654584,0.5
8e91e7d9,multi-session,cards_hand,0.5,0.5,0.6131471927654584,0.5
8e91e7d9,multi-session,pos_hand,0.5,0.5,0.6131471927654584,0.5
8e91e7d9,multi-session,cards_m11,0.5,0.5,0.6131471927654584,0.5
8e91e7d9,multi-session,pos_m11,0.5,0.5,0.6131471927654584,0.5
8e91e7d9,multi-session,cards_m13,0.5,0.5,0.6131471927654584,0.5
8e91e7d9,multi-session,pos_m13,0.5,0.5,0.6131471927654584,0.5
8e91e7d9,multi-session,cards_m17,0.5,0.5,0.6131471927654584,0.5
8e91e7d9,multi-session,pos_m17,0.5,0.5,0.6131471927654584,0.5
8e91e7d9,multi-session,bm25_turn,0.0,0.0,0.0,0.0
8e91e7d9,multi-session,bm25_cards_hand,0.0,0.0,0.0,0.5
8e91e7d9,multi-session,rrf_turn,0.0,0.0,0.0,0.5
8e91e7d9,multi-session,rrf_sentence,0.0,0.0,0.0,0.5
8e91e7d9,multi-session,rrf_cards_hand,0.0,0.0,0.0,0.5
8e91e7d9,multi-session,rrf_cards_m11,0.0,0.0,0.0,0.5
8e91e7d9,multi-session,rrf_cards_m13,0.0,0.0,0.0,0.5
8e91e7d9,multi-session,rrf_cards_m17,0.0,0.0,0.0,0.5
8e91e7d9,multi-session,rrf_turn_route,0.0,0.0,0.0,0.0
8e91e7d9,multi-session,dense_session_mean,,,,0.5
8e91e7d9,multi-session,bm25_session,,,,0.0
87f22b4a,multi-session,turn,1.0,1.0,0.6934264036172708,1.0
87f22b4a,multi-session,sentence,1.0,1.0,0.9197207891481876,1.0
87f22b4a,multi-session,cards_hand,1.0,1.0,0.9197207891481876,1.0
87f22b4a,multi-session,pos_hand,1.0,1.0,0.9197207891481876,1.0
87f22b4a,multi-session,cards_m11,1.0,1.0,0.8772153153380493,1.0
87f22b4a,multi-session,pos_m11,1.0,1.0,0.9197207891481876,1.0
87f22b4a,multi-session,cards_m13,1.0,1.0,0.6509209298071326,1.0
87f22b4a,multi-session,pos_m13,1.0,1.0,0.6509209298071326,1.0
87f22b4a,multi-session,cards_m17,1.0,1.0,0.9197207891481876,1.0
87f22b4a,multi-session,pos_m17,1.0,1.0,0.9197207891481876,1.0
87f22b4a,multi-session,bm25_turn,1.0,1.0,0.6509209298071326,1.0
87f22b4a,multi-session,bm25_cards_hand,1.0,1.0,0.8772153153380493,1.0
87f22b4a,multi-session,rrf_turn,1.0,1.0,1.0,1.0
87f22b4a,multi-session,rrf_sentence,1.0,1.0,1.0,1.0
87f22b4a,multi-session,rrf_cards_hand,1.0,1.0,1.0,1.0
87f22b4a,multi-session,rrf_cards_m11,1.0,1.0,0.9197207891481876,1.0
87f22b4a,multi-session,rrf_cards_m13,1.0,1.0,0.6934264036172708,1.0
87f22b4a,multi-session,rrf_cards_m17,1.0,1.0,1.0,1.0
87f22b4a,multi-session,rrf_turn_route,1.0,1.0,1.0,1.0
87f22b4a,multi-session,dense_session_mean,,,,1.0
87f22b4a,multi-session,bm25_session,,,,1.0
e56a43b9,multi-session,turn,0.5,0.5,0.6131471927654584,1.0
e56a43b9,multi-session,sentence,0.5,1.0,0.45749452618986164,1.0
e56a43b9,multi-session,cards_hand,0.5,1.0,0.45749452618986164,1.0
e56a43b9,multi-session,pos_hand,0.5,1.0,0.45749452618986164,1.0
e56a43b9,multi-session,cards_m11,0.5,1.0,0.45749452618986164,1.0
e56a43b9,multi-session,pos_m11,1.0,1.0,0.6240505200038379,1.0
e56a43b9,multi-session,cards_m13,0.5,1.0,0.46845052016107697,1.0
e56a43b9,multi-session,pos_m13,0.5,0.5,0.38685280723454163,1.0
e56a43b9,multi-session,cards_m17,0.5,1.0,0.8065735963827293,1.0
e56a43b9,multi-session,pos_m17,0.0,0.5,0.20438239758848611,1.0
e56a43b9,multi-session,bm25_turn,1.0,1.0,1.0,1.0
e56a43b9,multi-session,bm25_cards_hand,1.0,1.0,0.6934264036172708,1.0
e56a43b9,multi-session,rrf_turn,0.5,1.0,0.8175295903539445,1.0
e56a43b9,multi-session,rrf_sentence,1.0,1.0,0.6934264036172708,1.0
e56a43b9,multi-session,rrf_cards_hand,1.0,1.0,0.6934264036172708,1.0
e56a43b9,multi-session,rrf_cards_m11,1.0,1.0,0.6934264036172708,1.0
e56a43b9,multi-session,rrf_cards_m13,1.0,1.0,0.6934264036172708,1.0
e56a43b9,multi-session,rrf_cards_m17,1.0,1.0,1.0,1.0
e56a43b9,multi-session,rrf_turn_route,1.0,1.0,0.8503449055347546,1.0
e56a43b9,multi-session,dense_session_mean,,,,1.0
e56a43b9,multi-session,bm25_session,,,,1.0
efc3f7c2,multi-session,turn,0.5,0.5,0.38685280723454163,1.0
efc3f7c2,multi-session,sentence,0.5,0.5,0.6131471927654584,1.0
efc3f7c2,multi-session,cards_hand,0.5,0.5,0.6131471927654584,1.0
efc3f7c2,multi-session,pos_hand,0.5,0.5,0.6131471927654584,1.0
efc3f7c2,multi-session,cards_m11,0.5,0.5,0.6131471927654584,1.0
efc3f7c2,multi-session,pos_m11,0.5,0.5,0.6131471927654584,1.0
efc3f7c2,multi-session,cards_m13,0.5,0.5,0.23719771276929622,1.0
efc3f7c2,multi-session,pos_m13,0.0,0.5,0.21840743681816419,1.0
efc3f7c2,multi-session,cards_m17,0.5,0.5,0.23719771276929622,1.0
efc3f7c2,multi-session,pos_m17,0.0,0.5,0.21840743681816419,1.0
efc3f7c2,multi-session,bm25_turn,0.5,0.5,0.6131471927654584,1.0
efc3f7c2,multi-session,bm25_cards_hand,0.5,0.5,0.6131471927654584,1.0
efc3f7c2,multi-session,rrf_turn,0.5,0.5,0.38685280723454163,1.0
efc3f7c2,multi-session,rrf_sentence,0.5,0.5,0.6131471927654584,1.0
efc3f7c2,multi-session,rrf_cards_hand,0.5,0.5,0.6131471927654584,1.0
efc3f7c2,multi-session,rrf_cards_m11,0.5,0.5,0.6131471927654584,1.0
efc3f7c2,multi-session,rrf_cards_m13,0.5,0.5,0.38685280723454163,1.0
efc3f7c2,multi-session,rrf_cards_m17,0.5,0.5,0.38685280723454163,1.0
efc3f7c2,multi-session,rrf_turn_route,0.5,0.5,0.6131471927654584,1.0
efc3f7c2,multi-session,dense_session_mean,,,,1.0
efc3f7c2,multi-session,bm25_session,,,,1.0
21d02d0d,multi-session,turn,1.0,1.0,0.6934264036172708,1.0
21d02d0d,multi-session,sentence,1.0,1.0,1.0,1.0
21d02d0d,multi-session,cards_hand,1.0,1.0,0.9197207891481876,1.0
21d02d0d,multi-session,pos_hand,1.0,1.0,0.8772153153380493,1.0
21d02d0d,multi-session,cards_m11,1.0,1.0,0.9197207891481876,1.0
21d02d0d,multi-session,pos_m11,1.0,1.0,0.8772153153380493,1.0
21d02d0d,multi-session,cards_m13,1.0,1.0,0.9197207891481876,1.0
21d02d0d,multi-session,pos_m13,1.0,1.0,0.9197207891481876,1.0
21d02d0d,multi-session,cards_m17,1.0,1.0,0.9197207891481876,1.0
21d02d0d,multi-session,pos_m17,1.0,1.0,0.8772153153380493,1.0
21d02d0d,multi-session,bm25_turn,1.0,1.0,0.9197207891481876,1.0
21d02d0d,multi-session,bm25_cards_hand,1.0,1.0,1.0,1.0
21d02d0d,multi-session,rrf_turn,1.0,1.0,0.6934264036172708,1.0
21d02d0d,multi-session,rrf_sentence,1.0,1.0,1.0,1.0
21d02d0d,multi-session,rrf_cards_hand,1.0,1.0,1.0,1.0
21d02d0d,multi-session,rrf_cards_m11,1.0,1.0,1.0,1.0
21d02d0d,multi-session,rrf_cards_m13,1.0,1.0,1.0,1.0
21d02d0d,multi-session,rrf_cards_m17,1.0,1.0,1.0,1.0
21d02d0d,multi-session,rrf_turn_route,1.0,1.0,1.0,1.0
21d02d0d,multi-session,dense_session_mean,,,,1.0
21d02d0d,multi-session,bm25_session,,,,1.0
gpt4_59149c77,temporal-reasoning,turn,0.5,0.5,0.6131471927654584,1.0
gpt4_59149c77,temporal-reasoning,sentence,0.5,1.0,0.5714285040141098,1.0
gpt4_59149c77,temporal-reasoning,cards_hand,0.5,1.0,0.7903864795495061,1.0
gpt4_59149c77,temporal-reasoning,pos_hand,0.5,0.5,0.23719771276929622,1.0
gpt4_59149c77,temporal-reasoning,cards_m11,0.5,0.5,0.6131471927654584,1.0
gpt4_59149c77,temporal-reasoning,pos_m11,0.5,0.5,0.6131471927654584,1.0
gpt4_59149c77,temporal-reasoning,cards_m13,0.5,0.5,0.6131471927654584,1.0
gpt4_59149c77,temporal-reasoning,pos_m13,0.5,0.5,0.23719771276929622,1.0
gpt4_59149c77,temporal-reasoning,cards_m17,0.5,0.5,0.6131471927654584,1.0
gpt4_59149c77,temporal-reasoning,pos_m17,0.5,0.5,0.23719771276929622,1.0
gpt4_59149c77,temporal-reasoning,bm25_turn,1.0,1.0,0.8772153153380493,1.0
gpt4_59149c77,temporal-reasoning,bm25_cards_hand,1.0,1.0,0.8503449055347546,1.0
gpt4_59149c77,temporal-reasoning,rrf_turn,0.5,1.0,0.7977228895450266,1.0
gpt4_59149c77,temporal-reasoning,rrf_sentence,1.0,1.0,0.8503449055347546,1.0
gpt4_59149c77,temporal-reasoning,rrf_cards_hand,0.5,1.0,0.8175295903539445,1.0
gpt4_59149c77,temporal-reasoning,rrf_cards_m11,0.5,1.0,0.8065735963827293,1.0
gpt4_59149c77,temporal-reasoning,rrf_cards_m13,0.5,1.0,0.8065735963827293,1.0
gpt4_59149c77,temporal-reasoning,rrf_cards_m17,0.5,1.0,0.8065735963827293,1.0
gpt4_59149c77,temporal-reasoning,rrf_turn_route,0.5,1.0,0.8175295903539445,1.0
gpt4_59149c77,temporal-reasoning,dense_session_mean,,,,1.0
gpt4_59149c77,temporal-reasoning,bm25_session,,,,1.0
gpt4_f49edff3,temporal-reasoning,turn,0.6666666666666666,1.0,0.9134015924715543,1.0
gpt4_f49edff3,temporal-reasoning,sentence,1.0,1.0,0.9674679834891693,1.0
gpt4_f49edff3,temporal-reasoning,cards_hand,1.0,1.0,0.9674679834891693,1.0
gpt4_f49edff3,temporal-reasoning,pos_hand,1.0,1.0,0.9674679834891693,1.0
gpt4_f49edff3,temporal-reasoning,cards_m11,1.0,1.0,0.9674679834891693,1.0
gpt4_f49edff3,temporal-reasoning,pos_m11,1.0,1.0,0.9674679834891693,1.0
gpt4_f49edff3,temporal-reasoning,cards_m13,1.0,1.0,0.9060254355346823,1.0
gpt4_f49edff3,temporal-reasoning,pos_m13,1.0,1.0,0.9060254355346823,1.0
gpt4_f49edff3,temporal-reasoning,cards_m17,1.0,1.0,0.9674679834891693,1.0
gpt4_f49edff3,temporal-reasoning,pos_m17,1.0,1.0,0.9674679834891693,1.0
gpt4_f49edff3,temporal-reasoning,bm25_turn,1.0,1.0,1.0,1.0
gpt4_f49edff3,temporal-reasoning,bm25_cards_hand,1.0,1.0,1.0,1.0
gpt4_f49edff3,temporal-reasoning,rrf_turn,1.0,1.0,1.0,1.0
gpt4_f49edff3,temporal-reasoning,rrf_sentence,1.0,1.0,1.0,1.0
gpt4_f49edff3,temporal-reasoning,rrf_cards_hand,1.0,1.0,1.0,1.0
gpt4_f49edff3,temporal-reasoning,rrf_cards_m11,1.0,1.0,1.0,1.0
gpt4_f49edff3,temporal-reasoning,rrf_cards_m13,1.0,1.0,1.0,1.0
gpt4_f49edff3,temporal-reasoning,rrf_cards_m17,1.0,1.0,1.0,1.0
gpt4_f49edff3,temporal-reasoning,rrf_turn_route,1.0,1.0,1.0,1.0
gpt4_f49edff3,temporal-reasoning,dense_session_mean,,,,1.0
gpt4_f49edff3,temporal-reasoning,bm25_session,,,,1.0
71017276,temporal-reasoning,turn,1.0,1.0,0.43067655807339306,1.0
71017276,temporal-reasoning,sentence,1.0,1.0,1.0,1.0
71017276,temporal-reasoning,cards_hand,1.0,1.0,0.43067655807339306,1.0
71017276,temporal-reasoning,pos_hand,1.0,1.0,0.5,1.0
71017276,temporal-reasoning,cards_m11,1.0,1.0,0.5,1.0
71017276,temporal-reasoning,pos_m11,1.0,1.0,0.5,1.0
71017276,temporal-reasoning,cards_m13,1.0,1.0,0.38685280723454163,1.0
71017276,temporal-reasoning,pos_m13,1.0,1.0,0.38685280723454163,1.0
71017276,temporal-reasoning,cards_m17,1.0,1.0,1.0,1.0
71017276,temporal-reasoning,pos_m17,1.0,1.0,1.0,1.0
71017276,temporal-reasoning,bm25_turn,1.0,1.0,1.0,1.0
71017276,temporal-reasoning,bm25_cards_hand,1.0,1.0,1.0,1.0
71017276,temporal-reasoning,rrf_turn,1.0,1.0,0.5,1.0
71017276,temporal-reasoning,rrf_sentence,1.0,1.0,1.0,1.0
71017276,temporal-reasoning,rrf_cards_hand,1.0,1.0,1.0,1.0
71017276,temporal-reasoning,rrf_cards_m11,1.0,1.0,0.6309297535714575,1.0
71017276,temporal-reasoning,rrf_cards_m13,1.0,1.0,0.5,1.0
71017276,temporal-reasoning,rrf_cards_m17,1.0,1.0,1.0,1.0
71017276,temporal-reasoning,rrf_turn_route,1.0,1.0,0.6309297535714575,1.0
71017276,temporal-reasoning,dense_session_mean,,,,1.0
71017276,temporal-reasoning,bm25_session,,,,1.0
b46e15ed,temporal-reasoning,turn,0.0,0.0,0.0,0.5
b46e15ed,temporal-reasoning,sentence,0.0,0.6,0.33190399028872325,1.0
b46e15ed,temporal-reasoning,cards_hand,0.2,0.4,0.2442584792702138,0.75
b46e15ed,temporal-reasoning,pos_hand,0.0,0.2,0.1208113026994942,0.5
b46e15ed,temporal-reasoning,cards_m11,0.4,0.4,0.27727342735504823,1.0
b46e15ed,temporal-reasoning,pos_m11,0.2,0.2,0.14606834984270645,0.75
b46e15ed,temporal-reasoning,cards_m13,0.2,0.2,0.14606834984270645,0.75
b46e15ed,temporal-reasoning,pos_m13,0.0,0.0,0.0,0.75
b46e15ed,temporal-reasoning,cards_m17,0.2,0.6,0.350055666043193,1.0
b46e15ed,temporal-reasoning,pos_m17,0.2,0.4,0.2591217516005785,0.75
b46e15ed,temporal-reasoning,bm25_turn,0.2,0.2,0.21398626473452756,0.5
b46e15ed,temporal-reasoning,bm25_cards_hand,0.2,0.2,0.14606834984270645,0.75
b46e15ed,temporal-reasoning,rrf_turn,0.0,0.2,0.10209739512291163,0.5
b46e15ed,temporal-reasoning,rrf_sentence,0.0,0.2,0.11305340175787204,0.5
b46e15ed,temporal-reasoning,rrf_cards_hand,0.0,0.0,0.0,0.75
b46e15ed,temporal-reasoning,rrf_cards_m11,0.2,0.4,0.22924436334369883,0.75
b46e15ed,temporal-reasoning,rrf_cards_m13,0.2,0.2,0.13120507751234178,0.75
b46e15ed,temporal-reasoning,rrf_cards_m17,0.0,0.2,0.11305340175787204,0.5
b46e15ed,temporal-reasoning,rrf_turn_route,0.2,0.4,0.22924436334369883,0.5
b46e15ed,temporal-reasoning,dense_session_mean,,,,0.25
b46e15ed,temporal-reasoning,bm25_session,,,,0.75
gpt4_fa19884c,temporal-reasoning,turn,0.5,1.0,0.6052602440527057,1.0
gpt4_fa19884c,temporal-reasoning,sentence,1.0,1.0,0.9197207891481876,1.0
gpt4_fa19884c,temporal-reasoning,cards_hand,1.0,1.0,0.9197207891481876,1.0
gpt4_fa19884c,temporal-reasoning,pos_hand,1.0,1.0,0.8772153153380493,1.0
gpt4_fa19884c,temporal-reasoning,cards_m11,1.0,1.0,0.9197207891481876,1.0
gpt4_fa19884c,temporal-reasoning,pos_m11,1.0,1.0,0.9197207891481876,1.0
gpt4_fa19884c,temporal-reasoning,cards_m13,1.0,1.0,0.8503449055347546,1.0
gpt4_fa19884c,temporal-reasoning,pos_m13,1.0,1.0,0.8772153153380493,1.0
gpt4_fa19884c,temporal-reasoning,cards_m17,1.0,1.0,0.9197207891481876,1.0
gpt4_fa19884c,temporal-reasoning,pos_m17,1.0,1.0,0.8772153153380493,1.0
gpt4_fa19884c,temporal-reasoning,bm25_turn,1.0,1.0,0.9197207891481876,1.0
gpt4_fa19884c,temporal-reasoning,bm25_cards_hand,1.0,1.0,0.8772153153380493,1.0
gpt4_fa19884c,temporal-reasoning,rrf_turn,1.0,1.0,0.6509209298071326,1.0
gpt4_fa19884c,temporal-reasoning,rrf_sentence,1.0,1.0,1.0,1.0
gpt4_fa19884c,temporal-reasoning,rrf_cards_hand,1.0,1.0,0.9197207891481876,1.0
gpt4_fa19884c,temporal-reasoning,rrf_cards_m11,1.0,1.0,1.0,1.0
gpt4_fa19884c,temporal-reasoning,rrf_cards_m13,1.0,1.0,0.9197207891481876,1.0
gpt4_fa19884c,temporal-reasoning,rrf_cards_m17,1.0,1.0,1.0,1.0
gpt4_fa19884c,temporal-reasoning,rrf_turn_route,1.0,1.0,1.0,1.0
gpt4_fa19884c,temporal-reasoning,dense_session_mean,,,,1.0
gpt4_fa19884c,temporal-reasoning,bm25_session,,,,1.0
0bc8ad92,temporal-reasoning,turn,0.0,0.0,0.0,0.6666666666666666
0bc8ad92,temporal-reasoning,sentence,0.0,0.0,0.0,0.6666666666666666
0bc8ad92,temporal-reasoning,cards_hand,0.0,0.3333333333333333,0.14126697285982898,0.6666666666666666
0bc8ad92,temporal-reasoning,pos_hand,0.3333333333333333,0.3333333333333333,0.2960819109658652,0.6666666666666666
0bc8ad92,temporal-reasoning,cards_m11,0.3333333333333333,0.3333333333333333,0.46927872602275644,0.6666666666666666
0bc8ad92,temporal-reasoning,pos_m11,0.3333333333333333,0.3333333333333333,0.2960819109658652,0.6666666666666666
0bc8ad92,temporal-reasoning,cards_m13,0.3333333333333333,0.3333333333333333,0.2960819109658652,0.6666666666666666
0bc8ad92,temporal-reasoning,pos_m13,0.3333333333333333,0.3333333333333333,0.23463936301137822,0.6666666666666666
0bc8ad92,temporal-reasoning,cards_m17,0.3333333333333333,0.3333333333333333,0.20210734650054757,0.6666666666666666
0bc8ad92,temporal-reasoning,pos_m17,0.3333333333333333,0.3333333333333333,0.46927872602275644,0.6666666666666666
0bc8ad92,temporal-reasoning,bm25_turn,0.3333333333333333,0.3333333333333333,0.46927872602275644,0.6666666666666666
0bc8ad92,temporal-reasoning,bm25_cards_hand,0.0,0.3333333333333333,0.13565197343244778,0.6666666666666666
0bc8ad92,temporal-reasoning,rrf_turn,0.0,0.3333333333333333,0.16716045496620227,0.6666666666666666
0bc8ad92,temporal-reasoning,rrf_sentence,0.3333333333333333,0.3333333333333333,0.20210734650054757,0.6666666666666666
0bc8ad92,temporal-reasoning,rrf_cards_hand,0.0,0.3333333333333333,0.15642624200758548,0.6666666666666666
0bc8ad92,temporal-reasoning,rrf_cards_m11,0.3333333333333333,0.3333333333333333,0.46927872602275644,0.6666666666666666
0bc8ad92,temporal-reasoning,rrf_cards_m13,0.3333333333333333,0.3333333333333333,0.46927872602275644,0.6666666666666666
0bc8ad92,temporal-reasoning,rrf_cards_m17,0.3333333333333333,0.3333333333333333,0.46927872602275644,0.6666666666666666
0bc8ad92,temporal-reasoning,rrf_turn_route,0.3333333333333333,0.3333333333333333,0.23463936301137822,0.6666666666666666
0bc8ad92,temporal-reasoning,dense_session_mean,,,,1.0
0bc8ad92,temporal-reasoning,bm25_session,,,,0.6666666666666666
af082822,temporal-reasoning,turn,0.0,0.0,0.0,1.0
af082822,temporal-reasoning,sentence,1.0,1.0,1.0,1.0
af082822,temporal-reasoning,cards_hand,1.0,1.0,1.0,1.0
af082822,temporal-reasoning,pos_hand,1.0,1.0,1.0,1.0
af082822,temporal-reasoning,cards_m11,1.0,1.0,1.0,1.0
af082822,temporal-reasoning,pos_m11,1.0,1.0,1.0,1.0
af082822,temporal-reasoning,cards_m13,1.0,1.0,0.43067655807339306,1.0
af082822,temporal-reasoning,pos_m13,1.0,1.0,0.43067655807339306,1.0
af082822,temporal-reasoning,cards_m17,1.0,1.0,1.0,1.0
af082822,temporal-reasoning,pos_m17,1.0,1.0,1.0,1.0
af082822,temporal-reasoning,bm25_turn,1.0,1.0,1.0,1.0
af082822,temporal-reasoning,bm25_cards_hand,1.0,1.0,1.0,1.0
af082822,temporal-reasoning,rrf_turn,0.0,1.0,0.2890648263178879,0.0
af082822,temporal-reasoning,rrf_sentence,1.0,1.0,1.0,1.0
af082822,temporal-reasoning,rrf_cards_hand,1.0,1.0,1.0,1.0
af082822,temporal-reasoning,rrf_cards_m11,1.0,1.0,1.0,1.0
af082822,temporal-reasoning,rrf_cards_m13,1.0,1.0,1.0,1.0
af082822,temporal-reasoning,rrf_cards_m17,1.0,1.0,1.0,1.0
af082822,temporal-reasoning,rrf_turn_route,0.0,1.0,0.31546487678572877,1.0
af082822,temporal-reasoning,dense_session_mean,,,,0.0
af082822,temporal-reasoning,bm25_session,,,,1.0
gpt4_4929293a,temporal-reasoning,turn,0.5,1.0,0.8315546295836225,1.0
gpt4_4929293a,temporal-reasoning,sentence,0.5,1.0,0.8315546295836225,1.0
gpt4_4929293a,temporal-reasoning,cards_hand,0.5,1.0,0.8315546295836225,1.0
gpt4_4929293a,temporal-reasoning,pos_hand,0.5,1.0,0.8315546295836225,1.0
gpt4_4929293a,temporal-reasoning,cards_m11,0.5,1.0,0.8315546295836225,1.0
gpt4_4929293a,temporal-reasoning,pos_m11,0.5,1.0,0.8315546295836225,1.0
gpt4_4929293a,temporal-reasoning,cards_m13,0.5,1.0,0.8315546295836225,1.0
gpt4_4929293a,temporal-reasoning,pos_m13,0.5,1.0,0.8315546295836225,1.0
gpt4_4929293a,temporal-reasoning,cards_m17,0.5,1.0,0.8315546295836225,1.0
gpt4_4929293a,temporal-reasoning,pos_m17,0.5,1.0,0.8315546295836225,1.0
gpt4_4929293a,temporal-reasoning,bm25_turn,1.0,1.0,1.0,1.0
gpt4_4929293a,temporal-reasoning,bm25_cards_hand,1.0,1.0,0.8772153153380493,1.0
gpt4_4929293a,temporal-reasoning,rrf_turn,1.0,1.0,0.9197207891481876,1.0
gpt4_4929293a,temporal-reasoning,rrf_sentence,1.0,1.0,0.9197207891481876,1.0
gpt4_4929293a,temporal-reasoning,rrf_cards_hand,1.0,1.0,0.8772153153380493,1.0
gpt4_4929293a,temporal-reasoning,rrf_cards_m11,1.0,1.0,0.9197207891481876,1.0
gpt4_4929293a,temporal-reasoning,rrf_cards_m13,1.0,1.0,0.9197207891481876,1.0
gpt4_4929293a,temporal-reasoning,rrf_cards_m17,1.0,1.0,0.9197207891481876,1.0
gpt4_4929293a,temporal-reasoning,rrf_turn_route,1.0,1.0,1.0,1.0
gpt4_4929293a,temporal-reasoning,dense_session_mean,,,,1.0
gpt4_4929293a,temporal-reasoning,bm25_session,,,,1.0
gpt4_b5700ca9,temporal-reasoning,turn,1.0,1.0,1.0,1.0
gpt4_b5700ca9,temporal-reasoning,sentence,1.0,1.0,1.0,1.0
gpt4_b5700ca9,temporal-reasoning,cards_hand,1.0,1.0,1.0,1.0
gpt4_b5700ca9,temporal-reasoning,pos_hand,1.0,1.0,1.0,1.0
gpt4_b5700ca9,temporal-reasoning,cards_m11,1.0,1.0,1.0,1.0
gpt4_b5700ca9,temporal-reasoning,pos_m11,1.0,1.0,1.0,1.0
gpt4_b5700ca9,temporal-reasoning,cards_m13,1.0,1.0,0.6309297535714575,1.0
gpt4_b5700ca9,temporal-reasoning,pos_m13,1.0,1.0,1.0,1.0
gpt4_b5700ca9,temporal-reasoning,cards_m17,1.0,1.0,1.0,1.0
gpt4_b5700ca9,temporal-reasoning,pos_m17,1.0,1.0,1.0,1.0
gpt4_b5700ca9,temporal-reasoning,bm25_turn,1.0,1.0,1.0,1.0
gpt4_b5700ca9,temporal-reasoning,bm25_cards_hand,1.0,1.0,1.0,1.0
gpt4_b5700ca9,temporal-reasoning,rrf_turn,1.0,1.0,1.0,1.0
gpt4_b5700ca9,temporal-reasoning,rrf_sentence,1.0,1.0,1.0,1.0
gpt4_b5700ca9,temporal-reasoning,rrf_cards_hand,1.0,1.0,1.0,1.0
gpt4_b5700ca9,temporal-reasoning,rrf_cards_m11,1.0,1.0,1.0,1.0
gpt4_b5700ca9,temporal-reasoning,rrf_cards_m13,1.0,1.0,1.0,1.0
gpt4_b5700ca9,temporal-reasoning,rrf_cards_m17,1.0,1.0,1.0,1.0
gpt4_b5700ca9,temporal-reasoning,rrf_turn_route,1.0,1.0,1.0,1.0
gpt4_b5700ca9,temporal-reasoning,dense_session_mean,,,,1.0
gpt4_b5700ca9,temporal-reasoning,bm25_session,,,,1.0
9a707b81,temporal-reasoning,turn,0.0,0.0,0.0,1.0
9a707b81,temporal-reasoning,sentence,0.5,0.5,0.6131471927654584,1.0
9a707b81,temporal-reasoning,cards_hand,0.5,1.0,0.8315546295836225,1.0
9a707b81,temporal-reasoning,pos_hand,0.5,1.0,0.8315546295836225,1.0
9a707b81,temporal-reasoning,cards_m11,0.5,0.5,0.6131471927654584,1.0
9a707b81,temporal-reasoning,pos_m11,0.5,0.5,0.6131471927654584,1.0
9a707b81,temporal-reasoning,cards_m13,0.5,1.0,0.6052602440527057,1.0
9a707b81,temporal-reasoning,pos_m13,0.5,1.0,0.6052602440527057,1.0
9a707b81,temporal-reasoning,cards_m17,0.5,0.5,0.6131471927654584,1.0
9a707b81,temporal-reasoning,pos_m17,0.5,0.5,0.6131471927654584,1.0
9a707b81,temporal-reasoning,bm25_turn,1.0,1.0,0.9197207891481876,1.0
9a707b81,temporal-reasoning,bm25_cards_hand,1.0,1.0,1.0,1.0
9a707b81,temporal-reasoning,rrf_turn,0.0,1.0,0.4227898344066503,1.0
9a707b81,temporal-reasoning,rrf_sentence,1.0,1.0,0.9197207891481876,1.0
9a707b81,temporal-reasoning,rrf_cards_hand,1.0,1.0,1.0,1.0
9a707b81,temporal-reasoning,rrf_cards_m11,1.0,1.0,1.0,1.0
9a707b81,temporal-reasoning,rrf_cards_m13,1.0,1.0,1.0,1.0
9a707b81,temporal-reasoning,rrf_cards_m17,1.0,1.0,0.9197207891481876,1.0
9a707b81,temporal-reasoning,rrf_turn_route,0.5,1.0,0.45560514958746035,1.0
9a707b81,temporal-reasoning,dense_session_mean,,,,1.0
9a707b81,temporal-reasoning,bm25_session,,,,1.0
gpt4_1d4ab0c9,temporal-reasoning,turn,1.0,1.0,0.6240505200038379,1.0
gpt4_1d4ab0c9,temporal-reasoning,sentence,1.0,1.0,0.5706417189553201,1.0
gpt4_1d4ab0c9,temporal-reasoning,cards_hand,1.0,1.0,0.5437713091520254,1.0
gpt4_1d4ab0c9,temporal-reasoning,pos_hand,1.0,1.0,0.5437713091520254,1.0
gpt4_1d4ab0c9,temporal-reasoning,cards_m11,1.0,1.0,0.5437713091520254,1.0
gpt4_1d4ab0c9,temporal-reasoning,pos_m11,1.0,1.0,0.5437713091520254,1.0
gpt4_1d4ab0c9,temporal-reasoning,cards_m13,1.0,1.0,0.8503449055347546,1.0
gpt4_1d4ab0c9,temporal-reasoning,pos_m13,1.0,1.0,0.8503449055347546,1.0
gpt4_1d4ab0c9,temporal-reasoning,cards_m17,1.0,1.0,0.5437713091520254,1.0
gpt4_1d4ab0c9,temporal-reasoning,pos_m17,1.0,1.0,0.5437713091520254,1.0
gpt4_1d4ab0c9,temporal-reasoning,bm25_turn,1.0,1.0,1.0,1.0
gpt4_1d4ab0c9,temporal-reasoning,bm25_cards_hand,1.0,1.0,1.0,1.0
gpt4_1d4ab0c9,temporal-reasoning,rrf_turn,1.0,1.0,0.6934264036172708,1.0
gpt4_1d4ab0c9,temporal-reasoning,rrf_sentence,1.0,1.0,0.6934264036172708,1.0
gpt4_1d4ab0c9,temporal-reasoning,rrf_cards_hand,1.0,1.0,0.6934264036172708,1.0
gpt4_1d4ab0c9,temporal-reasoning,rrf_cards_m11,1.0,1.0,0.6934264036172708,1.0
gpt4_1d4ab0c9,temporal-reasoning,rrf_cards_m13,1.0,1.0,0.9197207891481876,1.0
gpt4_1d4ab0c9,temporal-reasoning,rrf_cards_m17,1.0,1.0,0.6934264036172708,1.0
gpt4_1d4ab0c9,temporal-reasoning,rrf_turn_route,1.0,1.0,1.0,1.0
gpt4_1d4ab0c9,temporal-reasoning,dense_session_mean,,,,1.0
gpt4_1d4ab0c9,temporal-reasoning,bm25_session,,,,1.0
gpt4_e072b769,temporal-reasoning,turn,1.0,1.0,0.38685280723454163,1.0
gpt4_e072b769,temporal-reasoning,sentence,1.0,1.0,0.5,1.0
gpt4_e072b769,temporal-reasoning,cards_hand,1.0,1.0,0.5,1.0
gpt4_e072b769,temporal-reasoning,pos_hand,1.0,1.0,0.5,1.0
gpt4_e072b769,temporal-reasoning,cards_m11,1.0,1.0,0.5,1.0
gpt4_e072b769,temporal-reasoning,pos_m11,1.0,1.0,0.5,1.0
gpt4_e072b769,temporal-reasoning,cards_m13,0.0,1.0,0.3562071871080222,1.0
gpt4_e072b769,temporal-reasoning,pos_m13,0.0,1.0,0.3562071871080222,1.0
gpt4_e072b769,temporal-reasoning,cards_m17,1.0,1.0,0.5,1.0
gpt4_e072b769,temporal-reasoning,pos_m17,1.0,1.0,0.5,1.0
gpt4_e072b769,temporal-reasoning,bm25_turn,1.0,1.0,0.5,1.0
gpt4_e072b769,temporal-reasoning,bm25_cards_hand,1.0,1.0,0.5,1.0
gpt4_e072b769,temporal-reasoning,rrf_turn,1.0,1.0,0.5,1.0
gpt4_e072b769,temporal-reasoning,rrf_sentence,1.0,1.0,0.6309297535714575,1.0
gpt4_e072b769,temporal-reasoning,rrf_cards_hand,1.0,1.0,0.6309297535714575,1.0
gpt4_e072b769,temporal-reasoning,rrf_cards_m11,1.0,1.0,0.6309297535714575,1.0
gpt4_e072b769,temporal-reasoning,rrf_cards_m13,1.0,1.0,0.38685280723454163,1.0
gpt4_e072b769,temporal-reasoning,rrf_cards_m17,1.0,1.0,0.6309297535714575,1.0
gpt4_e072b769,temporal-reasoning,rrf_turn_route,1.0,1.0,1.0,1.0
gpt4_e072b769,temporal-reasoning,dense_session_mean,,,,1.0
gpt4_e072b769,temporal-reasoning,bm25_session,,,,1.0
0db4c65d,temporal-reasoning,turn,1.0,1.0,0.9197207891481876,1.0
0db4c65d,temporal-reasoning,sentence,1.0,1.0,0.8772153153380493,1.0
0db4c65d,temporal-reasoning,cards_hand,1.0,1.0,0.5437713091520254,1.0
0db4c65d,temporal-reasoning,pos_hand,1.0,1.0,0.5437713091520254,1.0
0db4c65d,temporal-reasoning,cards_m11,0.5,1.0,0.7903864795495061,1.0
0db4c65d,temporal-reasoning,pos_m11,0.5,1.0,0.7903864795495061,1.0
0db4c65d,temporal-reasoning,cards_m13,1.0,1.0,0.8503449055347546,1.0
0db4c65d,temporal-reasoning,pos_m13,1.0,1.0,0.8503449055347546,1.0
0db4c65d,temporal-reasoning,cards_m17,1.0,1.0,0.5437713091520254,1.0
0db4c65d,temporal-reasoning,pos_m17,1.0,1.0,0.5437713091520254,1.0
0db4c65d,temporal-reasoning,bm25_turn,1.0,1.0,0.8772153153380493,1.0
0db4c65d,temporal-reasoning,bm25_cards_hand,1.0,1.0,0.8772153153380493,1.0
0db4c65d,temporal-reasoning,rrf_turn,1.0,1.0,0.8772153153380493,1.0
0db4c65d,temporal-reasoning,rrf_sentence,1.0,1.0,0.8772153153380493,1.0
0db4c65d,temporal-reasoning,rrf_cards_hand,1.0,1.0,0.6240505200038379,1.0
0db4c65d,temporal-reasoning,rrf_cards_m11,0.5,1.0,0.8315546295836225,1.0
0db4c65d,temporal-reasoning,rrf_cards_m13,1.0,1.0,0.8772153153380493,1.0
0db4c65d,temporal-reasoning,rrf_cards_m17,1.0,1.0,0.6509209298071326,1.0
0db4c65d,temporal-reasoning,rrf_turn_route,1.0,1.0,1.0,1.0
0db4c65d,temporal-reasoning,dense_session_mean,,,,1.0
0db4c65d,temporal-reasoning,bm25_session,,,,1.0
gpt4_1d80365e,temporal-reasoning,turn,0.5,1.0,0.5109559939712153,1.0
gpt4_1d80365e,temporal-reasoning,sentence,1.0,1.0,1.0,1.0
gpt4_1d80365e,temporal-reasoning,cards_hand,1.0,1.0,1.0,1.0
gpt4_1d80365e,temporal-reasoning,pos_hand,1.0,1.0,1.0,1.0
gpt4_1d80365e,temporal-reasoning,cards_m11,1.0,1.0,1.0,1.0
gpt4_1d80365e,temporal-reasoning,pos_m11,1.0,1.0,1.0,1.0
gpt4_1d80365e,temporal-reasoning,cards_m13,1.0,1.0,1.0,1.0
gpt4_1d80365e,temporal-reasoning,pos_m13,1.0,1.0,1.0,1.0
gpt4_1d80365e,temporal-reasoning,cards_m17,1.0,1.0,1.0,1.0
gpt4_1d80365e,temporal-reasoning,pos_m17,1.0,1.0,1.0,1.0
gpt4_1d80365e,temporal-reasoning,bm25_turn,1.0,1.0,1.0,1.0
gpt4_1d80365e,temporal-reasoning,bm25_cards_hand,1.0,1.0,1.0,1.0
gpt4_1d80365e,temporal-reasoning,rrf_turn,1.0,1.0,0.9197207891481876,1.0
gpt4_1d80365e,temporal-reasoning,rrf_sentence,1.0,1.0,1.0,1.0
gpt4_1d80365e,temporal-reasoning,rrf_cards_hand,1.0,1.0,1.0,1.0
gpt4_1d80365e,temporal-reasoning,rrf_cards_m11,1.0,1.0,1.0,1.0
gpt4_1d80365e,temporal-reasoning,rrf_cards_m13,1.0,1.0,1.0,1.0
gpt4_1d80365e,temporal-reasoning,rrf_cards_m17,1.0,1.0,1.0,1.0
gpt4_1d80365e,temporal-reasoning,rrf_turn_route,1.0,1.0,1.0,1.0
gpt4_1d80365e,temporal-reasoning,dense_session_mean,,,,1.0
gpt4_1d80365e,temporal-reasoning,bm25_session,,,,1.0
gpt4_7f6b06db,temporal-reasoning,turn,0.0,0.0,0.0,0.3333333333333333
gpt4_7f6b06db,temporal-reasoning,sentence,0.0,0.0,0.0,0.6666666666666666
gpt4_7f6b06db,temporal-reasoning,cards_hand,0.0,0.0,0.0,0.6666666666666666
gpt4_7f6b06db,temporal-reasoning,pos_hand,0.0,0.0,0.0,0.6666666666666666
gpt4_7f6b06db,temporal-reasoning,cards_m11,0.0,0.0,0.0,0.6666666666666666
gpt4_7f6b06db,temporal-reasoning,pos_m11,0.0,0.0,0.0,0.6666666666666666
gpt4_7f6b06db,temporal-reasoning,cards_m13,0.0,0.0,0.0,0.6666666666666666
gpt4_7f6b06db,temporal-reasoning,pos_m13,0.0,0.0,0.0,0.6666666666666666
gpt4_7f6b06db,temporal-reasoning,cards_m17,0.0,0.0,0.0,0.6666666666666666
gpt4_7f6b06db,temporal-reasoning,pos_m17,0.0,0.0,0.0,0.6666666666666666
gpt4_7f6b06db,temporal-reasoning,bm25_turn,0.0,0.3333333333333333,0.13565197343244778,0.3333333333333333
gpt4_7f6b06db,temporal-reasoning,bm25_cards_hand,0.0,0.0,0.0,0.3333333333333333
gpt4_7f6b06db,temporal-reasoning,rrf_turn,0.3333333333333333,0.3333333333333333,0.18154179253735267,0.6666666666666666
gpt4_7f6b06db,temporal-reasoning,rrf_sentence,0.3333333333333333,0.3333333333333333,0.23463936301137822,0.6666666666666666
gpt4_7f6b06db,temporal-reasoning,rrf_cards_hand,0.0,0.0,0.0,1.0
gpt4_7f6b06db,temporal-reasoning,rrf_cards_m11,0.3333333333333333,0.3333333333333333,0.20210734650054757,0.6666666666666666
gpt4_7f6b06db,temporal-reasoning,rrf_cards_m13,0.3333333333333333,0.3333333333333333,0.20210734650054757,1.0
gpt4_7f6b06db,temporal-reasoning,rrf_cards_m17,0.3333333333333333,0.3333333333333333,0.20210734650054757,0.6666666666666666
gpt4_7f6b06db,temporal-reasoning,rrf_turn_route,0.3333333333333333,0.3333333333333333,0.20210734650054757,0.3333333333333333
gpt4_7f6b06db,temporal-reasoning,dense_session_mean,,,,0.6666666666666666
gpt4_7f6b06db,temporal-reasoning,bm25_session,,,,0.3333333333333333
gpt4_6dc9b45b,temporal-reasoning,turn,0.0,0.0,0.0,1.0
gpt4_6dc9b45b,temporal-reasoning,sentence,1.0,1.0,0.6309297535714575,1.0
gpt4_6dc9b45b,temporal-reasoning,cards_hand,1.0,1.0,0.6309297535714575,1.0
gpt4_6dc9b45b,temporal-reasoning,pos_hand,1.0,1.0,0.5,1.0
gpt4_6dc9b45b,temporal-reasoning,cards_m11,1.0,1.0,0.5,1.0
gpt4_6dc9b45b,temporal-reasoning,pos_m11,1.0,1.0,0.5,1.0
gpt4_6dc9b45b,temporal-reasoning,cards_m13,1.0,1.0,0.6309297535714575,1.0
gpt4_6dc9b45b,temporal-reasoning,pos_m13,0.0,1.0,0.2890648263178879,1.0
gpt4_6dc9b45b,temporal-reasoning,cards_m17,1.0,1.0,1.0,1.0
gpt4_6dc9b45b,temporal-reasoning,pos_m17,1.0,1.0,0.6309297535714575,1.0
gpt4_6dc9b45b,temporal-reasoning,bm25_turn,1.0,1.0,1.0,1.0
gpt4_6dc9b45b,temporal-reasoning,bm25_cards_hand,1.0,1.0,1.0,1.0
gpt4_6dc9b45b,temporal-reasoning,rrf_turn,0.0,1.0,0.3333333333333333,1.0
gpt4_6dc9b45b,temporal-reasoning,rrf_sentence,1.0,1.0,1.0,1.0
gpt4_6dc9b45b,temporal-reasoning,rrf_cards_hand,1.0,1.0,1.0,1.0
gpt4_6dc9b45b,temporal-reasoning,rrf_cards_m11,1.0,1.0,1.0,1.0
gpt4_6dc9b45b,temporal-reasoning,rrf_cards_m13,1.0,1.0,1.0,1.0
gpt4_6dc9b45b,temporal-reasoning,rrf_cards_m17,1.0,1.0,1.0,1.0
gpt4_6dc9b45b,temporal-reasoning,rrf_turn_route,1.0,1.0,0.43067655807339306,1.0
gpt4_6dc9b45b,temporal-reasoning,dense_session_mean,,,,1.0
gpt4_6dc9b45b,temporal-reasoning,bm25_session,,,,1.0
gpt4_8279ba02,temporal-reasoning,turn,1.0,1.0,0.38685280723454163,1.0
gpt4_8279ba02,temporal-reasoning,sentence,1.0,1.0,1.0,1.0
gpt4_8279ba02,temporal-reasoning,cards_hand,1.0,1.0,1.0,1.0
gpt4_8279ba02,temporal-reasoning,pos_hand,0.0,0.0,0.0,1.0
gpt4_8279ba02,temporal-reasoning,cards_m11,1.0,1.0,1.0,1.0
gpt4_8279ba02,temporal-reasoning,pos_m11,0.0,0.0,0.0,1.0
gpt4_8279ba02,temporal-reasoning,cards_m13,0.0,0.0,0.0,1.0
gpt4_8279ba02,temporal-reasoning,pos_m13,0.0,0.0,0.0,1.0
gpt4_8279ba02,temporal-reasoning,cards_m17,0.0,0.0,0.0,1.0
gpt4_8279ba02,temporal-reasoning,pos_m17,0.0,0.0,0.0,1.0
gpt4_8279ba02,temporal-reasoning,bm25_turn,0.0,1.0,0.3010299956639812,1.0
gpt4_8279ba02,temporal-reasoning,bm25_cards_hand,0.0,1.0,0.3010299956639812,0.0
gpt4_8279ba02,temporal-reasoning,rrf_turn,1.0,1.0,0.6309297535714575,1.0
gpt4_8279ba02,temporal-reasoning,rrf_sentence,1.0,1.0,1.0,1.0
gpt4_8279ba02,temporal-reasoning,rrf_cards_hand,1.0,1.0,1.0,1.0
gpt4_8279ba02,temporal-reasoning,rrf_cards_m11,1.0,1.0,1.0,1.0
gpt4_8279ba02,temporal-reasoning,rrf_cards_m13,0.0,1.0,0.3562071871080222,1.0
gpt4_8279ba02,temporal-reasoning,rrf_cards_m17,0.0,1.0,0.3562071871080222,1.0
gpt4_8279ba02,temporal-reasoning,rrf_turn_route,1.0,1.0,0.6309297535714575,1.0
gpt4_8279ba02,temporal-reasoning,dense_session_mean,,,,1.0
gpt4_8279ba02,temporal-reasoning,bm25_session,,,,1.0
gpt4_18c2b244,temporal-reasoning,turn,0.3333333333333333,1.0,0.5183322919267586,1.0
gpt4_18c2b244,temporal-reasoning,sentence,0.3333333333333333,0.6666666666666666,0.38268031849431083,1.0
gpt4_18c2b244,temporal-reasoning,cards_hand,0.3333333333333333,0.6666666666666666,0.39106560501896365,1.0
gpt4_18c2b244,temporal-reasoning,pos_hand,0.3333333333333333,0.6666666666666666,0.39106560501896365,1.0
gpt4_18c2b244,temporal-reasoning,cards_m11,0.3333333333333333,0.6666666666666666,0.38268031849431083,1.0
gpt4_18c2b244,temporal-reasoning,pos_m11,0.3333333333333333,0.6666666666666666,0.38268031849431083,1.0
gpt4_18c2b244,temporal-reasoning,cards_m13,0.3333333333333333,0.6666666666666666,0.39106560501896365,1.0
gpt4_18c2b244,temporal-reasoning,pos_m13,0.3333333333333333,0.6666666666666666,0.39106560501896365,1.0
gpt4_18c2b244,temporal-reasoning,cards_m17,0.3333333333333333,0.6666666666666666,0.38268031849431083,1.0
gpt4_18c2b244,temporal-reasoning,pos_m17,0.3333333333333333,0.6666666666666666,0.38268031849431083,1.0
gpt4_18c2b244,temporal-reasoning,bm25_turn,0.6666666666666666,1.0,0.9066276098484507,1.0
gpt4_18c2b244,temporal-reasoning,bm25_cards_hand,0.6666666666666666,0.6666666666666666,0.7039180890341347,1.0
gpt4_18c2b244,temporal-reasoning,rrf_turn,0.6666666666666666,1.0,0.8194270280062366,1.0
gpt4_18c2b244,temporal-reasoning,rrf_sentence,0.6666666666666666,0.6666666666666666,0.49818925746641285,1.0
gpt4_18c2b244,temporal-reasoning,rrf_cards_hand,0.6666666666666666,0.6666666666666666,0.5307212739772434,1.0
gpt4_18c2b244,temporal-reasoning,rrf_cards_m11,0.6666666666666666,0.6666666666666666,0.49818925746641285,1.0
gpt4_18c2b244,temporal-reasoning,rrf_cards_m13,0.6666666666666666,0.6666666666666666,0.49818925746641285,1.0
gpt4_18c2b244,temporal-reasoning,rrf_cards_m17,0.6666666666666666,0.6666666666666666,0.49818925746641285,1.0
gpt4_18c2b244,temporal-reasoning,rrf_turn_route,1.0,1.0,1.0,1.0
gpt4_18c2b244,temporal-reasoning,dense_session_mean,,,,1.0
gpt4_18c2b244,temporal-reasoning,bm25_session,,,,1.0
gpt4_a1b77f9c,temporal-reasoning,turn,0.3333333333333333,0.3333333333333333,0.3079834593168982,0.8333333333333334
gpt4_a1b77f9c,temporal-reasoning,sentence,0.16666666666666666,0.5,0.379260051446614,0.8333333333333334
gpt4_a1b77f9c,temporal-reasoning,cards_hand,0.0,0.16666666666666666,0.0874717141014082,0.8333333333333334
gpt4_a1b77f9c,temporal-reasoning,pos_hand,0.0,0.16666666666666666,0.0874717141014082,0.8333333333333334
gpt4_a1b77f9c,temporal-reasoning,cards_m11,0.0,0.16666666666666666,0.0874717141014082,0.8333333333333334
gpt4_a1b77f9c,temporal-reasoning,pos_m11,0.0,0.16666666666666666,0.0874717141014082,0.8333333333333334
gpt4_a1b77f9c,temporal-reasoning,cards_m13,0.16666666666666666,0.3333333333333333,0.29178833734520576,0.8333333333333334
gpt4_a1b77f9c,temporal-reasoning,pos_m13,0.0,0.3333333333333333,0.20865662569078208,0.8333333333333334
gpt4_a1b77f9c,temporal-reasoning,cards_m17,0.0,0.16666666666666666,0.10086747116627115,0.8333333333333334
gpt4_a1b77f9c,temporal-reasoning,pos_m17,0.0,0.16666666666666666,0.10086747116627115,0.8333333333333334
gpt4_a1b77f9c,temporal-reasoning,bm25_turn,0.3333333333333333,0.5,0.5943907508440193,0.6666666666666666
gpt4_a1b77f9c,temporal-reasoning,bm25_cards_hand,0.3333333333333333,0.5,0.5889837127672154,0.6666666666666666
gpt4_a1b77f9c,temporal-reasoning,rrf_turn,0.5,0.8333333333333334,0.5852404021106663,0.8333333333333334
gpt4_a1b77f9c,temporal-reasoning,rrf_sentence,0.5,0.6666666666666666,0.4941479988872082,0.8333333333333334
gpt4_a1b77f9c,temporal-reasoning,rrf_cards_hand,0.16666666666666666,0.5,0.3257192188287456,0.8333333333333334
gpt4_a1b77f9c,temporal-reasoning,rrf_cards_m11,0.16666666666666666,0.5,0.3342333539402822,0.8333333333333334
gpt4_a1b77f9c,temporal-reasoning,rrf_cards_m13,0.3333333333333333,0.5,0.38249244382604847,0.8333333333333334
gpt4_a1b77f9c,temporal-reasoning,rrf_cards_m17,0.16666666666666666,0.3333333333333333,0.3980628465882808,0.8333333333333334
gpt4_a1b77f9c,temporal-reasoning,rrf_turn_route,0.5,1.0,0.7686741786309024,0.8333333333333334
gpt4_a1b77f9c,temporal-reasoning,dense_session_mean,,,,0.8333333333333334
gpt4_a1b77f9c,temporal-reasoning,bm25_session,,,,0.8333333333333334
gpt4_1916e0ea,temporal-reasoning,turn,0.0,0.0,0.0,1.0
gpt4_1916e0ea,temporal-reasoning,sentence,1.0,1.0,1.0,1.0
gpt4_1916e0ea,temporal-reasoning,cards_hand,1.0,1.0,1.0,1.0
gpt4_1916e0ea,temporal-reasoning,pos_hand,1.0,1.0,1.0,1.0
gpt4_1916e0ea,temporal-reasoning,cards_m11,1.0,1.0,0.9197207891481876,1.0
gpt4_1916e0ea,temporal-reasoning,pos_m11,1.0,1.0,0.9197207891481876,1.0
gpt4_1916e0ea,temporal-reasoning,cards_m13,1.0,1.0,0.8503449055347546,1.0
gpt4_1916e0ea,temporal-reasoning,pos_m13,1.0,1.0,1.0,1.0
gpt4_1916e0ea,temporal-reasoning,cards_m17,1.0,1.0,1.0,1.0
gpt4_1916e0ea,temporal-reasoning,pos_m17,1.0,1.0,1.0,1.0
gpt4_1916e0ea,temporal-reasoning,bm25_turn,1.0,1.0,1.0,1.0
gpt4_1916e0ea,temporal-reasoning,bm25_cards_hand,1.0,1.0,1.0,1.0
gpt4_1916e0ea,temporal-reasoning,rrf_turn,0.5,0.5,0.2640681225725909,1.0
gpt4_1916e0ea,temporal-reasoning,rrf_sentence,1.0,1.0,1.0,1.0
gpt4_1916e0ea,temporal-reasoning,rrf_cards_hand,1.0,1.0,1.0,1.0
gpt4_1916e0ea,temporal-reasoning,rrf_cards_m11,1.0,1.0,1.0,1.0
gpt4_1916e0ea,temporal-reasoning,rrf_cards_m13,1.0,1.0,1.0,1.0
gpt4_1916e0ea,temporal-reasoning,rrf_cards_m17,1.0,1.0,1.0,1.0
gpt4_1916e0ea,temporal-reasoning,rrf_turn_route,0.5,1.0,0.448643819352159,1.0
gpt4_1916e0ea,temporal-reasoning,dense_session_mean,,,,0.5
gpt4_1916e0ea,temporal-reasoning,bm25_session,,,,1.0
gpt4_7a0daae1,temporal-reasoning,turn,0.5,0.5,0.38685280723454163,1.0
gpt4_7a0daae1,temporal-reasoning,sentence,1.0,1.0,1.0,1.0
gpt4_7a0daae1,temporal-reasoning,cards_hand,1.0,1.0,0.9197207891481876,1.0
gpt4_7a0daae1,temporal-reasoning,pos_hand,1.0,1.0,1.0,1.0
gpt4_7a0daae1,temporal-reasoning,cards_m11,1.0,1.0,0.9197207891481876,1.0
gpt4_7a0daae1,temporal-reasoning,pos_m11,1.0,1.0,0.9197207891481876,1.0
gpt4_7a0daae1,temporal-reasoning,cards_m13,0.5,1.0,0.5802792108518124,1.0
gpt4_7a0daae1,temporal-reasoning,pos_m13,0.5,1.0,0.6052602440527057,1.0
gpt4_7a0daae1,temporal-reasoning,cards_m17,0.5,1.0,0.8065735963827293,1.0
gpt4_7a0daae1,temporal-reasoning,pos_m17,0.5,1.0,0.8315546295836225,1.0
gpt4_7a0daae1,temporal-reasoning,bm25_turn,1.0,1.0,1.0,1.0
gpt4_7a0daae1,temporal-reasoning,bm25_cards_hand,1.0,1.0,0.9197207891481876,1.0
gpt4_7a0daae1,temporal-reasoning,rrf_turn,1.0,1.0,0.8772153153380493,1.0
gpt4_7a0daae1,temporal-reasoning,rrf_sentence,1.0,1.0,1.0,1.0
gpt4_7a0daae1,temporal-reasoning,rrf_cards_hand,1.0,1.0,0.9197207891481876,1.0
gpt4_7a0daae1,temporal-reasoning,rrf_cards_m11,1.0,1.0,1.0,1.0
gpt4_7a0daae1,temporal-reasoning,rrf_cards_m13,1.0,1.0,0.8772153153380493,1.0
gpt4_7a0daae1,temporal-reasoning,rrf_cards_m17,1.0,1.0,0.8772153153380493,1.0
gpt4_7a0daae1,temporal-reasoning,rrf_turn_route,1.0,1.0,1.0,1.0
gpt4_7a0daae1,temporal-reasoning,dense_session_mean,,,,1.0
gpt4_7a0daae1,temporal-reasoning,bm25_session,,,,1.0
gpt4_468eb063,temporal-reasoning,turn,0.0,0.0,0.0,0.0
gpt4_468eb063,temporal-reasoning,sentence,1.0,1.0,1.0,1.0
gpt4_468eb063,temporal-reasoning,cards_hand,0.0,1.0,0.3562071871080222,1.0
gpt4_468eb063,temporal-reasoning,pos_hand,0.0,0.0,0.0,1.0
gpt4_468eb063,temporal-reasoning,cards_m11,1.0,1.0,1.0,1.0
gpt4_468eb063,temporal-reasoning,pos_m11,1.0,1.0,1.0,1.0
gpt4_468eb063,temporal-reasoning,cards_m13,0.0,0.0,0.0,1.0
gpt4_468eb063,temporal-reasoning,pos_m13,0.0,0.0,0.0,1.0
gpt4_468eb063,temporal-reasoning,cards_m17,1.0,1.0,1.0,1.0
gpt4_468eb063,temporal-reasoning,pos_m17,1.0,1.0,1.0,1.0
gpt4_468eb063,temporal-reasoning,bm25_turn,0.0,0.0,0.0,1.0
gpt4_468eb063,temporal-reasoning,bm25_cards_hand,0.0,0.0,0.0,1.0
gpt4_468eb063,temporal-reasoning,rrf_turn,0.0,0.0,0.0,1.0
gpt4_468eb063,temporal-reasoning,rrf_sentence,1.0,1.0,0.38685280723454163,1.0
gpt4_468eb063,temporal-reasoning,rrf_cards_hand,0.0,1.0,0.3333333333333333,1.0
gpt4_468eb063,temporal-reasoning,rrf_cards_m11,1.0,1.0,0.43067655807339306,1.0
gpt4_468eb063,temporal-reasoning,rrf_cards_m13,0.0,0.0,0.0,1.0
gpt4_468eb063,temporal-reasoning,rrf_cards_m17,1.0,1.0,0.43067655807339306,1.0
gpt4_468eb063,temporal-reasoning,rrf_turn_route,0.0,0.0,0.0,1.0
gpt4_468eb063,temporal-reasoning,dense_session_mean,,,,0.0
gpt4_468eb063,temporal-reasoning,bm25_session,,,,1.0
gpt4_7abb270c,temporal-reasoning,turn,0.3333333333333333,0.3333333333333333,0.24738635904833417,0.5
gpt4_7abb270c,temporal-reasoning,sentence,0.0,0.5,0.28742030747919656,0.6666666666666666
gpt4_7abb270c,temporal-reasoning,cards_hand,0.0,0.5,0.28742030747919656,0.6666666666666666
gpt4_7abb270c,temporal-reasoning,pos_hand,0.0,0.3333333333333333,0.2032495876139783,0.5
gpt4_7abb270c,temporal-reasoning,cards_m11,0.0,0.5,0.29434199083743634,0.6666666666666666
gpt4_7abb270c,temporal-reasoning,pos_m11,0.16666666666666666,0.3333333333333333,0.21793006430423467,0.5
gpt4_7abb270c,temporal-reasoning,cards_m13,0.16666666666666666,0.5,0.3257192188287456,0.5
gpt4_7abb270c,temporal-reasoning,pos_m13,0.16666666666666666,0.3333333333333333,0.21793006430423467,0.5
gpt4_7abb270c,temporal-reasoning,cards_m17,0.0,0.5,0.2837996183571467,0.6666666666666666
gpt4_7abb270c,temporal-reasoning,pos_m17,0.0,0.3333333333333333,0.2032495876139783,0.5
gpt4_7abb270c,temporal-reasoning,bm25_turn,0.16666666666666666,0.16666666666666666,0.30260241349881345,0.5
gpt4_7abb270c,temporal-reasoning,bm25_cards_hand,0.0,0.0,0.0,0.16666666666666666
gpt4_7abb270c,temporal-reasoning,rrf_turn,0.16666666666666666,0.3333333333333333,0.39007412760022164,0.6666666666666666
gpt4_7abb270c,temporal-reasoning,rrf_sentence,0.16666666666666666,0.3333333333333333,0.27839258028034286,0.6666666666666666
gpt4_7abb270c,temporal-reasoning,rrf_cards_hand,0.16666666666666666,0.16666666666666666,0.13032376591037062,0.8333333333333334
gpt4_7abb270c,temporal-reasoning,rrf_cards_m11,0.16666666666666666,0.3333333333333333,0.27839258028034286,0.8333333333333334
gpt4_7abb270c,temporal-reasoning,rrf_cards_m13,0.16666666666666666,0.3333333333333333,0.28201326940239274,0.6666666666666666
gpt4_7abb270c,temporal-reasoning,rrf_cards_m17,0.16666666666666666,0.3333333333333333,0.27839258028034286,0.8333333333333334
gpt4_7abb270c,temporal-reasoning,rrf_turn_route,0.3333333333333333,0.3333333333333333,0.41966500663677697,0.5
gpt4_7abb270c,temporal-reasoning,dense_session_mean,,,,0.5
gpt4_7abb270c,temporal-reasoning,bm25_session,,,,0.5
gpt4_1e4a8aeb,temporal-reasoning,turn,0.5,0.5,0.38685280723454163,1.0
gpt4_1e4a8aeb,temporal-reasoning,sentence,0.5,1.0,0.8175295903539445,1.0
gpt4_1e4a8aeb,temporal-reasoning,cards_hand,0.5,1.0,0.8065735963827293,1.0
gpt4_1e4a8aeb,temporal-reasoning,pos_hand,0.5,1.0,0.8065735963827293,1.0
gpt4_1e4a8aeb,temporal-reasoning,cards_m11,0.5,1.0,0.8175295903539445,1.0
gpt4_1e4a8aeb,temporal-reasoning,pos_m11,0.5,1.0,0.8175295903539445,1.0
gpt4_1e4a8aeb,temporal-reasoning,cards_m13,0.5,1.0,0.8065735963827293,1.0
gpt4_1e4a8aeb,temporal-reasoning,pos_m13,0.5,1.0,0.8065735963827293,1.0
gpt4_1e4a8aeb,temporal-reasoning,cards_m17,0.5,1.0,0.8175295903539445,1.0
gpt4_1e4a8aeb,temporal-reasoning,pos_m17,0.5,1.0,0.8175295903539445,1.0
gpt4_1e4a8aeb,temporal-reasoning,bm25_turn,1.0,1.0,0.8772153153380493,1.0
gpt4_1e4a8aeb,temporal-reasoning,bm25_cards_hand,0.5,1.0,0.7977228895450266,1.0
gpt4_1e4a8aeb,temporal-reasoning,rrf_turn,0.5,1.0,0.8175295903539445,1.0
gpt4_1e4a8aeb,temporal-reasoning,rrf_sentence,1.0,1.0,0.8503449055347546,1.0
gpt4_1e4a8aeb,temporal-reasoning,rrf_cards_hand,1.0,1.0,0.8503449055347546,1.0
gpt4_1e4a8aeb,temporal-reasoning,rrf_cards_m11,1.0,1.0,0.8503449055347546,1.0
gpt4_1e4a8aeb,temporal-reasoning,rrf_cards_m13,1.0,1.0,0.8503449055347546,1.0
gpt4_1e4a8aeb,temporal-reasoning,rrf_cards_m17,1.0,1.0,0.8503449055347546,1.0
gpt4_1e4a8aeb,temporal-reasoning,rrf_turn_route,1.0,1.0,0.8772153153380493,1.0
gpt4_1e4a8aeb,temporal-reasoning,dense_session_mean,,,,1.0
gpt4_1e4a8aeb,temporal-reasoning,bm25_session,,,,1.0
gpt4_4fc4f797,temporal-reasoning,turn,0.5,1.0,0.45749452618986164,1.0
gpt4_4fc4f797,temporal-reasoning,sentence,0.5,1.0,0.48247555939075504,1.0
gpt4_4fc4f797,temporal-reasoning,cards_hand,1.0,1.0,0.5437713091520254,1.0
gpt4_4fc4f797,temporal-reasoning,pos_hand,1.0,1.0,0.5706417189553201,1.0
gpt4_4fc4f797,temporal-reasoning,cards_m11,1.0,1.0,0.5437713091520254,1.0
gpt4_4fc4f797,temporal-reasoning,pos_m11,1.0,1.0,0.5706417189553201,1.0
gpt4_4fc4f797,temporal-reasoning,cards_m13,1.0,1.0,0.5437713091520254,1.0
gpt4_4fc4f797,temporal-reasoning,pos_m13,1.0,1.0,0.5706417189553201,1.0
gpt4_4fc4f797,temporal-reasoning,cards_m17,1.0,1.0,0.5706417189553201,1.0
gpt4_4fc4f797,temporal-reasoning,pos_m17,1.0,1.0,0.5706417189553201,1.0
gpt4_4fc4f797,temporal-reasoning,bm25_turn,1.0,1.0,0.9197207891481876,1.0
gpt4_4fc4f797,temporal-reasoning,bm25_cards_hand,1.0,1.0,1.0,1.0
gpt4_4fc4f797,temporal-reasoning,rrf_turn,1.0,1.0,0.6240505200038379,1.0
gpt4_4fc4f797,temporal-reasoning,rrf_sentence,1.0,1.0,0.5706417189553201,1.0
gpt4_4fc4f797,temporal-reasoning,rrf_cards_hand,1.0,1.0,0.8772153153380493,1.0
gpt4_4fc4f797,temporal-reasoning,rrf_cards_m11,1.0,1.0,0.6509209298071326,1.0
gpt4_4fc4f797,temporal-reasoning,rrf_cards_m13,1.0,1.0,0.6509209298071326,1.0
gpt4_4fc4f797,temporal-reasoning,rrf_cards_m17,1.0,1.0,0.8772153153380493,1.0
gpt4_4fc4f797,temporal-reasoning,rrf_turn_route,1.0,1.0,0.6509209298071326,1.0
gpt4_4fc4f797,temporal-reasoning,dense_session_mean,,,,1.0
gpt4_4fc4f797,temporal-reasoning,bm25_session,,,,1.0
4dfccbf7,temporal-reasoning,turn,0.5,0.5,0.38685280723454163,1.0
4dfccbf7,temporal-reasoning,sentence,1.0,1.0,0.6240505200038379,1.0
4dfccbf7,temporal-reasoning,cards_hand,0.5,1.0,0.8065735963827293,1.0
4dfccbf7,temporal-reasoning,pos_hand,0.5,1.0,0.8065735963827293,1.0
4dfccbf7,temporal-reasoning,cards_m11,1.0,1.0,0.6240505200038379,1.0
4dfccbf7,temporal-reasoning,pos_m11,1.0,1.0,0.6240505200038379,1.0
4dfccbf7,temporal-reasoning,cards_m13,0.5,0.5,0.38685280723454163,1.0
4dfccbf7,temporal-reasoning,pos_m13,0.5,1.0,0.5802792108518124,1.0
4dfccbf7,temporal-reasoning,cards_m17,1.0,1.0,0.6509209298071326,1.0
4dfccbf7,temporal-reasoning,pos_m17,1.0,1.0,0.6509209298071326,1.0
4dfccbf7,temporal-reasoning,bm25_turn,1.0,1.0,1.0,1.0
4dfccbf7,temporal-reasoning,bm25_cards_hand,1.0,1.0,1.0,1.0
4dfccbf7,temporal-reasoning,rrf_turn,0.5,1.0,0.8315546295836225,1.0
4dfccbf7,temporal-reasoning,rrf_sentence,1.0,1.0,1.0,1.0
4dfccbf7,temporal-reasoning,rrf_cards_hand,1.0,1.0,0.8772153153380493,1.0
4dfccbf7,temporal-reasoning,rrf_cards_m11,1.0,1.0,1.0,1.0
4dfccbf7,temporal-reasoning,rrf_cards_m13,0.5,1.0,0.7977228895450266,1.0
4dfccbf7,temporal-reasoning,rrf_cards_m17,1.0,1.0,1.0,1.0
4dfccbf7,temporal-reasoning,rrf_turn_route,1.0,1.0,0.9197207891481876,1.0
4dfccbf7,temporal-reasoning,dense_session_mean,,,,1.0
4dfccbf7,temporal-reasoning,bm25_session,,,,1.0
gpt4_61e13b3c,temporal-reasoning,turn,1.0,1.0,0.5012658353418871,1.0
gpt4_61e13b3c,temporal-reasoning,sentence,1.0,1.0,0.6240505200038379,1.0
gpt4_61e13b3c,temporal-reasoning,cards_hand,1.0,1.0,0.8772153153380493,1.0
gpt4_61e13b3c,temporal-reasoning,pos_hand,1.0,1.0,0.8772153153380493,1.0
gpt4_61e13b3c,temporal-reasoning,cards_m11,1.0,1.0,0.6240505200038379,1.0
gpt4_61e13b3c,temporal-reasoning,pos_m11,1.0,1.0,0.6240505200038379,1.0
gpt4_61e13b3c,temporal-reasoning,cards_m13,1.0,1.0,0.8772153153380493,1.0
gpt4_61e13b3c,temporal-reasoning,pos_m13,1.0,1.0,0.8772153153380493,1.0
gpt4_61e13b3c,temporal-reasoning,cards_m17,1.0,1.0,0.8503449055347546,1.0
gpt4_61e13b3c,temporal-reasoning,pos_m17,1.0,1.0,0.8503449055347546,1.0
gpt4_61e13b3c,temporal-reasoning,bm25_turn,1.0,1.0,0.8772153153380493,1.0
gpt4_61e13b3c,temporal-reasoning,bm25_cards_hand,1.0,1.0,0.8772153153380493,1.0
gpt4_61e13b3c,temporal-reasoning,rrf_turn,1.0,1.0,0.6240505200038379,1.0
gpt4_61e13b3c,temporal-reasoning,rrf_sentence,1.0,1.0,0.8503449055347546,1.0
gpt4_61e13b3c,temporal-reasoning,rrf_cards_hand,1.0,1.0,0.9197207891481876,1.0
gpt4_61e13b3c,temporal-reasoning,rrf_cards_m11,1.0,1.0,0.8503449055347546,1.0
gpt4_61e13b3c,temporal-reasoning,rrf_cards_m13,1.0,1.0,0.8772153153380493,1.0
gpt4_61e13b3c,temporal-reasoning,rrf_cards_m17,1.0,1.0,0.8503449055347546,1.0
gpt4_61e13b3c,temporal-reasoning,rrf_turn_route,1.0,1.0,0.9197207891481876,1.0
gpt4_61e13b3c,temporal-reasoning,dense_session_mean,,,,1.0
gpt4_61e13b3c,temporal-reasoning,bm25_session,,,,1.0
gpt4_45189cb4,temporal-reasoning,turn,0.0,0.3333333333333333,0.13565197343244778,1.0
gpt4_45189cb4,temporal-reasoning,sentence,0.0,0.0,0.0,0.3333333333333333
gpt4_45189cb4,temporal-reasoning,cards_hand,0.0,0.0,0.0,0.3333333333333333
gpt4_45189cb4,temporal-reasoning,pos_hand,0.0,0.0,0.0,0.3333333333333333
gpt4_45189cb4,temporal-reasoning,cards_m11,0.0,0.0,0.0,0.3333333333333333
gpt4_45189cb4,temporal-reasoning,pos_m11,0.0,0.0,0.0,0.3333333333333333
gpt4_45189cb4,temporal-reasoning,cards_m13,0.0,0.0,0.0,0.3333333333333333
gpt4_45189cb4,temporal-reasoning,pos_m13,0.0,0.0,0.0,0.3333333333333333
gpt4_45189cb4,temporal-reasoning,cards_m17,0.0,0.0,0.0,0.3333333333333333
gpt4_45189cb4,temporal-reasoning,pos_m17,0.0,0.0,0.0,0.3333333333333333
gpt4_45189cb4,temporal-reasoning,bm25_turn,0.3333333333333333,0.6666666666666666,0.4441228664487979,0.6666666666666666
gpt4_45189cb4,temporal-reasoning,bm25_cards_hand,0.3333333333333333,0.6666666666666666,0.370291336443826,0.6666666666666666
gpt4_45189cb4,temporal-reasoning,rrf_turn,0.3333333333333333,0.6666666666666666,0.34870224750355494,1.0
gpt4_45189cb4,temporal-reasoning,rrf_sentence,0.0,0.3333333333333333,0.16716045496620227,0.6666666666666666
gpt4_45189cb4,temporal-reasoning,rrf_cards_hand,0.0,0.3333333333333333,0.15642624200758548,0.6666666666666666
gpt4_45189cb4,temporal-reasoning,rrf_cards_m11,0.0,0.3333333333333333,0.16716045496620227,0.6666666666666666
gpt4_45189cb4,temporal-reasoning,rrf_cards_m13,0.3333333333333333,0.3333333333333333,0.18154179253735267,0.6666666666666666
gpt4_45189cb4,temporal-reasoning,rrf_cards_m17,0.3333333333333333,0.3333333333333333,0.18154179253735267,0.6666666666666666
gpt4_45189cb4,temporal-reasoning,rrf_turn_route,0.6666666666666666,0.6666666666666666,0.5307212739772434,1.0
gpt4_45189cb4,temporal-reasoning,dense_session_mean,,,,0.6666666666666666
gpt4_45189cb4,temporal-reasoning,bm25_session,,,,0.6666666666666666
2ebe6c90,temporal-reasoning,turn,0.5,1.0,0.8315546295836225,1.0
2ebe6c90,temporal-reasoning,sentence,1.0,1.0,1.0,1.0
2ebe6c90,temporal-reasoning,cards_hand,0.0,0.5,0.21840743681816419,1.0
2ebe6c90,temporal-reasoning,pos_hand,0.0,0.5,0.20438239758848611,1.0
2ebe6c90,temporal-reasoning,cards_m11,0.0,0.0,0.0,1.0
2ebe6c90,temporal-reasoning,pos_m11,0.0,0.0,0.0,1.0
2ebe6c90,temporal-reasoning,cards_m13,1.0,1.0,0.9197207891481876,1.0
2ebe6c90,temporal-reasoning,pos_m13,1.0,1.0,1.0,1.0
2ebe6c90,temporal-reasoning,cards_m17,0.0,0.5,0.21840743681816419,1.0
2ebe6c90,temporal-reasoning,pos_m17,0.0,0.5,0.21840743681816419,1.0
2ebe6c90,temporal-reasoning,bm25_turn,1.0,1.0,1.0,1.0
2ebe6c90,temporal-reasoning,bm25_cards_hand,1.0,1.0,0.9197207891481876,1.0
2ebe6c90,temporal-reasoning,rrf_turn,1.0,1.0,0.9197207891481876,1.0
2ebe6c90,temporal-reasoning,rrf_sentence,1.0,1.0,1.0,1.0
2ebe6c90,temporal-reasoning,rrf_cards_hand,1.0,1.0,0.8503449055347546,1.0
2ebe6c90,temporal-reasoning,rrf_cards_m11,0.5,1.0,0.46845052016107697,1.0
2ebe6c90,temporal-reasoning,rrf_cards_m13,1.0,1.0,1.0,1.0
2ebe6c90,temporal-reasoning,rrf_cards_m17,1.0,1.0,0.8503449055347546,1.0
2ebe6c90,temporal-reasoning,rrf_turn_route,1.0,1.0,1.0,1.0
2ebe6c90,temporal-reasoning,dense_session_mean,,,,1.0
2ebe6c90,temporal-reasoning,bm25_session,,,,1.0
gpt4_e061b84f,temporal-reasoning,turn,0.0,0.0,0.0,0.3333333333333333
gpt4_e061b84f,temporal-reasoning,sentence,0.0,0.0,0.0,0.3333333333333333
gpt4_e061b84f,temporal-reasoning,cards_hand,0.0,0.0,0.0,0.3333333333333333
gpt4_e061b84f,temporal-reasoning,pos_hand,0.0,0.0,0.0,0.3333333333333333
gpt4_e061b84f,temporal-reasoning,cards_m11,0.0,0.0,0.0,0.3333333333333333
gpt4_e061b84f,temporal-reasoning,pos_m11,0.0,0.0,0.0,0.3333333333333333
gpt4_e061b84f,temporal-reasoning,cards_m13,0.0,0.0,0.0,0.3333333333333333
gpt4_e061b84f,temporal-reasoning,pos_m13,0.0,0.0,0.0,0.3333333333333333
gpt4_e061b84f,temporal-reasoning,cards_m17,0.0,0.0,0.0,0.3333333333333333
gpt4_e061b84f,temporal-reasoning,pos_m17,0.0,0.0,0.0,0.3333333333333333
gpt4_e061b84f,temporal-reasoning,bm25_turn,0.0,0.0,0.0,0.0
gpt4_e061b84f,temporal-reasoning,bm25_cards_hand,0.0,0.0,0.0,0.0
gpt4_e061b84f,temporal-reasoning,rrf_turn,0.0,0.0,0.0,0.3333333333333333
gpt4_e061b84f,temporal-reasoning,rrf_sentence,0.0,0.0,0.0,0.3333333333333333
gpt4_e061b84f,temporal-reasoning,rrf_cards_hand,0.0,0.0,0.0,0.0
gpt4_e061b84f,temporal-reasoning,rrf_cards_m11,0.0,0.0,0.0,0.3333333333333333
gpt4_e061b84f,temporal-reasoning,rrf_cards_m13,0.0,0.0,0.0,0.3333333333333333
gpt4_e061b84f,temporal-reasoning,rrf_cards_m17,0.0,0.0,0.0,0.3333333333333333
gpt4_e061b84f,temporal-reasoning,rrf_turn_route,0.0,0.0,0.0,0.6666666666666666
gpt4_e061b84f,temporal-reasoning,dense_session_mean,,,,0.6666666666666666
gpt4_e061b84f,temporal-reasoning,bm25_session,,,,0.0
370a8ff4,temporal-reasoning,turn,0.5,1.0,0.5802792108518124,1.0
370a8ff4,temporal-reasoning,sentence,1.0,1.0,0.6934264036172708,1.0
370a8ff4,temporal-reasoning,cards_hand,1.0,1.0,0.6934264036172708,1.0
370a8ff4,temporal-reasoning,pos_hand,1.0,1.0,0.6934264036172708,1.0
370a8ff4,temporal-reasoning,cards_m11,0.5,1.0,0.5912352048230277,1.0
370a8ff4,temporal-reasoning,pos_m11,0.5,1.0,0.5912352048230277,1.0
370a8ff4,temporal-reasoning,cards_m13,0.5,1.0,0.5912352048230277,1.0
370a8ff4,temporal-reasoning,pos_m13,0.5,1.0,0.5912352048230277,1.0
370a8ff4,temporal-reasoning,cards_m17,1.0,1.0,0.6934264036172708,1.0
370a8ff4,temporal-reasoning,pos_m17,1.0,1.0,0.6934264036172708,1.0
370a8ff4,temporal-reasoning,bm25_turn,1.0,1.0,0.9197207891481876,1.0
370a8ff4,temporal-reasoning,bm25_cards_hand,1.0,1.0,0.9197207891481876,1.0
370a8ff4,temporal-reasoning,rrf_turn,1.0,1.0,0.9197207891481876,1.0
370a8ff4,temporal-reasoning,rrf_sentence,1.0,1.0,1.0,1.0
370a8ff4,temporal-reasoning,rrf_cards_hand,1.0,1.0,1.0,1.0
370a8ff4,temporal-reasoning,rrf_cards_m11,1.0,1.0,1.0,1.0
370a8ff4,temporal-reasoning,rrf_cards_m13,1.0,1.0,1.0,1.0
370a8ff4,temporal-reasoning,rrf_cards_m17,1.0,1.0,1.0,1.0
370a8ff4,temporal-reasoning,rrf_turn_route,1.0,1.0,0.9197207891481876,1.0
370a8ff4,temporal-reasoning,dense_session_mean,,,,0.5
370a8ff4,temporal-reasoning,bm25_session,,,,1.0
gpt4_d6585ce8,temporal-reasoning,turn,0.0,0.0,0.0,0.8
gpt4_d6585ce8,temporal-reasoning,sentence,0.0,0.0,0.0,1.0
gpt4_d6585ce8,temporal-reasoning,cards_hand,0.0,0.0,0.0,1.0
gpt4_d6585ce8,temporal-reasoning,pos_hand,0.0,0.0,0.0,1.0
gpt4_d6585ce8,temporal-reasoning,cards_m11,0.0,0.0,0.0,1.0
gpt4_d6585ce8,temporal-reasoning,pos_m11,0.0,0.0,0.0,1.0
gpt4_d6585ce8,temporal-reasoning,cards_m13,0.0,0.0,0.0,0.8
gpt4_d6585ce8,temporal-reasoning,pos_m13,0.0,0.0,0.0,0.8
gpt4_d6585ce8,temporal-reasoning,cards_m17,0.0,0.0,0.0,1.0
gpt4_d6585ce8,temporal-reasoning,pos_m17,0.0,0.0,0.0,1.0
gpt4_d6585ce8,temporal-reasoning,bm25_turn,0.2,0.2,0.14606834984270645,0.4
gpt4_d6585ce8,temporal-reasoning,bm25_cards_hand,0.0,0.0,0.0,0.2
gpt4_d6585ce8,temporal-reasoning,rrf_turn,0.0,0.2,0.10699313236726378,0.8
gpt4_d6585ce8,temporal-reasoning,rrf_sentence,0.0,0.4,0.2090905274901754,0.8
gpt4_d6585ce8,temporal-reasoning,rrf_cards_hand,0.0,0.0,0.0,0.8
gpt4_d6585ce8,temporal-reasoning,rrf_cards_m11,0.0,0.4,0.21515079688078367,0.8
gpt4_d6585ce8,temporal-reasoning,rrf_cards_m13,0.0,0.4,0.20503241819862084,0.8
gpt4_d6585ce8,temporal-reasoning,rrf_cards_m17,0.0,0.4,0.2090905274901754,0.8
gpt4_d6585ce8,temporal-reasoning,rrf_turn_route,0.2,0.4,0.26687965254220064,0.8
gpt4_d6585ce8,temporal-reasoning,dense_session_mean,,,,0.8
gpt4_d6585ce8,temporal-reasoning,bm25_session,,,,0.6
gpt4_4ef30696,temporal-reasoning,turn,0.5,0.5,0.23719771276929622,0.5
gpt4_4ef30696,temporal-reasoning,sentence,0.0,1.0,0.41183384043543503,1.0
gpt4_4ef30696,temporal-reasoning,cards_hand,0.0,0.0,0.0,1.0
gpt4_4ef30696,temporal-reasoning,pos_hand,0.0,0.0,0.0,1.0
gpt4_4ef30696,temporal-reasoning,cards_m11,0.0,0.0,0.0,1.0
gpt4_4ef30696,temporal-reasoning,pos_m11,0.0,0.0,0.0,1.0
gpt4_4ef30696,temporal-reasoning,cards_m13,0.0,0.5,0.21840743681816419,1.0
gpt4_4ef30696,temporal-reasoning,pos_m13,0.0,0.5,0.21840743681816419,1.0
gpt4_4ef30696,temporal-reasoning,cards_m17,0.0,0.0,0.0,1.0
gpt4_4ef30696,temporal-reasoning,pos_m17,0.0,0.0,0.0,1.0
gpt4_4ef30696,temporal-reasoning,bm25_turn,1.0,1.0,1.0,1.0
gpt4_4ef30696,temporal-reasoning,bm25_cards_hand,1.0,1.0,0.8772153153380493,1.0
gpt4_4ef30696,temporal-reasoning,rrf_turn,1.0,1.0,0.8772153153380493,1.0
gpt4_4ef30696,temporal-reasoning,rrf_sentence,1.0,1.0,0.6934264036172708,1.0
gpt4_4ef30696,temporal-reasoning,rrf_cards_hand,0.0,0.5,0.20438239758848611,1.0
gpt4_4ef30696,temporal-reasoning,rrf_cards_m11,0.0,0.0,0.0,0.5
gpt4_4ef30696,temporal-reasoning,rrf_cards_m13,0.5,0.5,0.38685280723454163,1.0
gpt4_4ef30696,temporal-reasoning,rrf_cards_m17,0.0,0.0,0.0,0.5
gpt4_4ef30696,temporal-reasoning,rrf_turn_route,1.0,1.0,1.0,1.0
gpt4_4ef30696,temporal-reasoning,dense_session_mean,,,,0.5
gpt4_4ef30696,temporal-reasoning,bm25_session,,,,1.0
gpt4_ec93e27f,temporal-reasoning,turn,0.0,0.0,0.0,1.0
gpt4_ec93e27f,temporal-reasoning,sentence,0.0,0.0,0.0,1.0
gpt4_ec93e27f,temporal-reasoning,cards_hand,0.0,0.0,0.0,1.0
gpt4_ec93e27f,temporal-reasoning,pos_hand,0.0,0.0,0.0,1.0
gpt4_ec93e27f,temporal-reasoning,cards_m11,0.0,0.0,0.0,1.0
gpt4_ec93e27f,temporal-reasoning,pos_m11,0.0,0.0,0.0,1.0
gpt4_ec93e27f,temporal-reasoning,cards_m13,0.0,0.0,0.0,1.0
gpt4_ec93e27f,temporal-reasoning,pos_m13,0.0,0.0,0.0,1.0
gpt4_ec93e27f,temporal-reasoning,cards_m17,0.0,0.0,0.0,1.0
gpt4_ec93e27f,temporal-reasoning,pos_m17,0.0,0.0,0.0,1.0
gpt4_ec93e27f,temporal-reasoning,bm25_turn,0.0,0.0,0.0,1.0
gpt4_ec93e27f,temporal-reasoning,bm25_cards_hand,0.0,0.0,0.0,1.0
gpt4_ec93e27f,temporal-reasoning,rrf_turn,0.0,0.0,0.0,1.0
gpt4_ec93e27f,temporal-reasoning,rrf_sentence,0.0,0.0,0.0,1.0
gpt4_ec93e27f,temporal-reasoning,rrf_cards_hand,0.0,0.0,0.0,1.0
gpt4_ec93e27f,temporal-reasoning,rrf_cards_m11,0.0,0.0,0.0,1.0
gpt4_ec93e27f,temporal-reasoning,rrf_cards_m13,0.0,0.0,0.0,1.0
gpt4_ec93e27f,temporal-reasoning,rrf_cards_m17,0.0,0.0,0.0,1.0
gpt4_ec93e27f,temporal-reasoning,rrf_turn_route,0.0,0.0,0.0,1.0
gpt4_ec93e27f,temporal-reasoning,dense_session_mean,,,,1.0
gpt4_ec93e27f,temporal-reasoning,bm25_session,,,,1.0
6e984301,temporal-reasoning,turn,1.0,1.0,0.9197207891481876,1.0
6e984301,temporal-reasoning,sentence,1.0,1.0,0.6934264036172708,1.0
6e984301,temporal-reasoning,cards_hand,1.0,1.0,0.6934264036172708,1.0
6e984301,temporal-reasoning,pos_hand,1.0,1.0,0.6509209298071326,1.0
6e984301,temporal-reasoning,cards_m11,1.0,1.0,0.6934264036172708,1.0
6e984301,temporal-reasoning,pos_m11,1.0,1.0,0.6509209298071326,1.0
6e984301,temporal-reasoning,cards_m13,1.0,1.0,1.0,1.0
6e984301,temporal-reasoning,pos_m13,1.0,1.0,0.8772153153380493,1.0
6e984301,temporal-reasoning,cards_m17,1.0,1.0,0.6509209298071326,1.0
6e984301,temporal-reasoning,pos_m17,1.0,1.0,0.6509209298071326,1.0
6e984301,temporal-reasoning,bm25_turn,1.0,1.0,0.9197207891481876,1.0
6e984301,temporal-reasoning,bm25_cards_hand,1.0,1.0,0.9197207891481876,1.0
6e984301,temporal-reasoning,rrf_turn,1.0,1.0,1.0,1.0
6e984301,temporal-reasoning,rrf_sentence,1.0,1.0,0.6934264036172708,1.0
6e984301,temporal-reasoning,rrf_cards_hand,1.0,1.0,0.6934264036172708,1.0
6e984301,temporal-reasoning,rrf_cards_m11,1.0,1.0,0.6934264036172708,1.0
6e984301,temporal-reasoning,rrf_cards_m13,1.0,1.0,1.0,1.0
6e984301,temporal-reasoning,rrf_cards_m17,1.0,1.0,0.6934264036172708,1.0
6e984301,temporal-reasoning,rrf_turn_route,1.0,1.0,1.0,1.0
6e984301,temporal-reasoning,dense_session_mean,,,,1.0
6e984301,temporal-reasoning,bm25_session,,,,1.0
8077ef71,temporal-reasoning,turn,1.0,1.0,1.0,1.0
8077ef71,temporal-reasoning,sentence,1.0,1.0,1.0,1.0
8077ef71,temporal-reasoning,cards_hand,1.0,1.0,0.5,1.0
8077ef71,temporal-reasoning,pos_hand,1.0,1.0,1.0,1.0
8077ef71,temporal-reasoning,cards_m11,1.0,1.0,0.5,1.0
8077ef71,temporal-reasoning,pos_m11,1.0,1.0,1.0,1.0
8077ef71,temporal-reasoning,cards_m13,1.0,1.0,0.38685280723454163,1.0
8077ef71,temporal-reasoning,pos_m13,1.0,1.0,0.38685280723454163,1.0
8077ef71,temporal-reasoning,cards_m17,1.0,1.0,0.38685280723454163,1.0
8077ef71,temporal-reasoning,pos_m17,1.0,1.0,0.38685280723454163,1.0
8077ef71,temporal-reasoning,bm25_turn,1.0,1.0,1.0,1.0
8077ef71,temporal-reasoning,bm25_cards_hand,0.0,1.0,0.31546487678572877,1.0
8077ef71,temporal-reasoning,rrf_turn,1.0,1.0,1.0,1.0
8077ef71,temporal-reasoning,rrf_sentence,1.0,1.0,1.0,1.0
8077ef71,temporal-reasoning,rrf_cards_hand,1.0,1.0,0.5,1.0
8077ef71,temporal-reasoning,rrf_cards_m11,1.0,1.0,1.0,1.0
8077ef71,temporal-reasoning,rrf_cards_m13,1.0,1.0,0.6309297535714575,1.0
8077ef71,temporal-reasoning,rrf_cards_m17,1.0,1.0,0.6309297535714575,1.0
8077ef71,temporal-reasoning,rrf_turn_route,1.0,1.0,1.0,1.0
8077ef71,temporal-reasoning,dense_session_mean,,,,1.0
8077ef71,temporal-reasoning,bm25_session,,,,1.0
gpt4_f420262c,temporal-reasoning,turn,0.2,0.2,0.3391602052736161,0.8
gpt4_f420262c,temporal-reasoning,sentence,0.0,0.2,0.10699313236726378,1.0
gpt4_f420262c,temporal-reasoning,cards_hand,0.0,0.6,0.33190399028872325,1.0
gpt4_f420262c,temporal-reasoning,pos_hand,0.0,0.2,0.1208113026994942,1.0
gpt4_f420262c,temporal-reasoning,cards_m11,0.0,0.4,0.22004653412513583,1.0
gpt4_f420262c,temporal-reasoning,pos_m11,0.0,0.4,0.227804435066758,1.0
gpt4_f420262c,temporal-reasoning,cards_m13,0.2,0.4,0.2442584792702138,1.0
gpt4_f420262c,temporal-reasoning,pos_m13,0.2,0.6,0.350055666043193,1.0
gpt4_f420262c,temporal-reasoning,cards_m17,0.2,0.6,0.3661148839678423,1.0
gpt4_f420262c,temporal-reasoning,pos_m17,0.2,0.4,0.23330247263525344,1.0
gpt4_f420262c,temporal-reasoning,bm25_turn,0.4,0.6,0.6661998717660157,0.8
gpt4_f420262c,temporal-reasoning,bm25_cards_hand,0.4,0.8,0.7622369974983191,0.6
gpt4_f420262c,temporal-reasoning,rrf_turn,0.4,0.6,0.4364597551790087,1.0
gpt4_f420262c,temporal-reasoning,rrf_sentence,0.6,0.6,0.4468535299918563,1.0
gpt4_f420262c,temporal-reasoning,rrf_cards_hand,0.6,0.8,0.6317321123369537,1.0
gpt4_f420262c,temporal-reasoning,rrf_cards_m11,0.4,0.6,0.4660026449463635,1.0
gpt4_f420262c,temporal-reasoning,rrf_cards_m13,0.4,0.6,0.4808659172767282,1.0
gpt4_f420262c,temporal-reasoning,rrf_cards_m17,0.4,0.6,0.6295516106099184,1.0
gpt4_f420262c,temporal-reasoning,rrf_turn_route,0.6,0.8,0.5538466623591201,1.0
gpt4_f420262c,temporal-reasoning,dense_session_mean,,,,0.8
gpt4_f420262c,temporal-reasoning,bm25_session,,,,0.8
gpt4_8e165409,temporal-reasoning,turn,1.0,1.0,0.6934264036172708,1.0
gpt4_8e165409,temporal-reasoning,sentence,1.0,1.0,1.0,1.0
gpt4_8e165409,temporal-reasoning,cards_hand,1.0,1.0,1.0,1.0
gpt4_8e165409,temporal-reasoning,pos_hand,1.0,1.0,1.0,1.0
gpt4_8e165409,temporal-reasoning,cards_m11,1.0,1.0,1.0,1.0
gpt4_8e165409,temporal-reasoning,pos_m11,1.0,1.0,1.0,1.0
gpt4_8e165409,temporal-reasoning,cards_m13,1.0,1.0,0.6509209298071326,1.0
gpt4_8e165409,temporal-reasoning,pos_m13,0.5,1.0,0.5802792108518124,1.0
gpt4_8e165409,temporal-reasoning,cards_m17,1.0,1.0,1.0,1.0
gpt4_8e165409,temporal-reasoning,pos_m17,1.0,1.0,1.0,1.0
gpt4_8e165409,temporal-reasoning,bm25_turn,1.0,1.0,1.0,1.0
gpt4_8e165409,temporal-reasoning,bm25_cards_hand,1.0,1.0,1.0,1.0
gpt4_8e165409,temporal-reasoning,rrf_turn,1.0,1.0,0.9197207891481876,1.0
gpt4_8e165409,temporal-reasoning,rrf_sentence,1.0,1.0,1.0,1.0
gpt4_8e165409,temporal-reasoning,rrf_cards_hand,1.0,1.0,1.0,1.0
gpt4_8e165409,temporal-reasoning,rrf_cards_m11,1.0,1.0,1.0,1.0
gpt4_8e165409,temporal-reasoning,rrf_cards_m13,1.0,1.0,0.6934264036172708,1.0
gpt4_8e165409,temporal-reasoning,rrf_cards_m17,1.0,1.0,1.0,1.0
gpt4_8e165409,temporal-reasoning,rrf_turn_route,1.0,1.0,1.0,1.0
gpt4_8e165409,temporal-reasoning,dense_session_mean,,,,1.0
gpt4_8e165409,temporal-reasoning,bm25_session,,,,1.0
gpt4_74aed68e,temporal-reasoning,turn,1.0,1.0,0.6934264036172708,1.0
gpt4_74aed68e,temporal-reasoning,sentence,0.5,0.5,0.38685280723454163,1.0
gpt4_74aed68e,temporal-reasoning,cards_hand,0.5,0.5,0.6131471927654584,1.0
gpt4_74aed68e,temporal-reasoning,pos_hand,0.5,0.5,0.6131471927654584,1.0
gpt4_74aed68e,temporal-reasoning,cards_m11,0.5,1.0,0.48247555939075504,1.0
gpt4_74aed68e,temporal-reasoning,pos_m11,1.0,1.0,0.8503449055347546,1.0
gpt4_74aed68e,temporal-reasoning,cards_m13,1.0,1.0,0.8772153153380493,1.0
gpt4_74aed68e,temporal-reasoning,pos_m13,1.0,1.0,0.8772153153380493,1.0
gpt4_74aed68e,temporal-reasoning,cards_m17,0.5,0.5,0.38685280723454163,1.0
gpt4_74aed68e,temporal-reasoning,pos_m17,0.5,0.5,0.6131471927654584,1.0
gpt4_74aed68e,temporal-reasoning,bm25_turn,1.0,1.0,1.0,1.0
gpt4_74aed68e,temporal-reasoning,bm25_cards_hand,1.0,1.0,1.0,1.0
gpt4_74aed68e,temporal-reasoning,rrf_turn,1.0,1.0,0.9197207891481876,1.0
gpt4_74aed68e,temporal-reasoning,rrf_sentence,1.0,1.0,0.8772153153380493,1.0
gpt4_74aed68e,temporal-reasoning,rrf_cards_hand,1.0,1.0,0.8772153153380493,1.0
gpt4_74aed68e,temporal-reasoning,rrf_cards_m11,1.0,1.0,0.6934264036172708,1.0
gpt4_74aed68e,temporal-reasoning,rrf_cards_m13,1.0,1.0,1.0,1.0
gpt4_74aed68e,temporal-reasoning,rrf_cards_m17,1.0,1.0,0.8772153153380493,1.0
gpt4_74aed68e,temporal-reasoning,rrf_turn_route,1.0,1.0,0.9197207891481876,1.0
gpt4_74aed68e,temporal-reasoning,dense_session_mean,,,,1.0
gpt4_74aed68e,temporal-reasoning,bm25_session,,,,1.0
bcbe585f,temporal-reasoning,turn,1.0,1.0,0.6309297535714575,1.0
bcbe585f,temporal-reasoning,sentence,1.0,1.0,1.0,1.0
bcbe585f,temporal-reasoning,cards_hand,1.0,1.0,1.0,1.0
bcbe585f,temporal-reasoning,pos_hand,1.0,1.0,1.0,1.0
bcbe585f,temporal-reasoning,cards_m11,1.0,1.0,1.0,1.0
bcbe585f,temporal-reasoning,pos_m11,1.0,1.0,1.0,1.0
bcbe585f,temporal-reasoning,cards_m13,1.0,1.0,1.0,1.0
bcbe585f,temporal-reasoning,pos_m13,1.0,1.0,1.0,1.0
bcbe585f,temporal-reasoning,cards_m17,1.0,1.0,1.0,1.0
bcbe585f,temporal-reasoning,pos_m17,1.0,1.0,1.0,1.0
bcbe585f,temporal-reasoning,bm25_turn,1.0,1.0,1.0,1.0
bcbe585f,temporal-reasoning,bm25_cards_hand,1.0,1.0,1.0,1.0
bcbe585f,temporal-reasoning,rrf_turn,1.0,1.0,1.0,1.0
bcbe585f,temporal-reasoning,rrf_sentence,1.0,1.0,1.0,1.0
bcbe585f,temporal-reasoning,rrf_cards_hand,1.0,1.0,1.0,1.0
bcbe585f,temporal-reasoning,rrf_cards_m11,1.0,1.0,1.0,1.0
bcbe585f,temporal-reasoning,rrf_cards_m13,1.0,1.0,1.0,1.0
bcbe585f,temporal-reasoning,rrf_cards_m17,1.0,1.0,1.0,1.0
bcbe585f,temporal-reasoning,rrf_turn_route,1.0,1.0,1.0,1.0
bcbe585f,temporal-reasoning,dense_session_mean,,,,1.0
bcbe585f,temporal-reasoning,bm25_session,,,,1.0
gpt4_21adecb5,temporal-reasoning,turn,0.0,0.0,0.0,0.0
gpt4_21adecb5,temporal-reasoning,sentence,0.0,0.5,0.20438239758848611,0.5
gpt4_21adecb5,temporal-reasoning,cards_hand,0.0,0.0,0.0,0.5
gpt4_21adecb5,temporal-reasoning,pos_hand,0.0,0.0,0.0,0.5
gpt4_21adecb5,temporal-reasoning,cards_m11,0.5,0.5,0.23719771276929622,0.5
gpt4_21adecb5,temporal-reasoning,pos_m11,0.0,0.5,0.21840743681816419,0.5
gpt4_21adecb5,temporal-reasoning,cards_m13,0.0,0.5,0.17723928678404774,0.0
gpt4_21adecb5,temporal-reasoning,pos_m13,0.0,0.0,0.0,0.5
gpt4_21adecb5,temporal-reasoning,cards_m17,0.5,0.5,0.23719771276929622,0.5
gpt4_21adecb5,temporal-reasoning,pos_m17,0.0,0.5,0.21840743681816419,0.5
gpt4_21adecb5,temporal-reasoning,bm25_turn,1.0,1.0,1.0,1.0
gpt4_21adecb5,temporal-reasoning,bm25_cards_hand,1.0,1.0,1.0,1.0
gpt4_21adecb5,temporal-reasoning,rrf_turn,0.5,0.5,0.23719771276929622,0.5
gpt4_21adecb5,temporal-reasoning,rrf_sentence,1.0,1.0,0.6509209298071326,1.0
gpt4_21adecb5,temporal-reasoning,rrf_cards_hand,1.0,1.0,0.9197207891481876,1.0
gpt4_21adecb5,temporal-reasoning,rrf_cards_m11,1.0,1.0,1.0,1.0
gpt4_21adecb5,temporal-reasoning,rrf_cards_m13,1.0,1.0,0.8503449055347546,1.0
gpt4_21adecb5,temporal-reasoning,rrf_cards_m17,1.0,1.0,1.0,1.0
gpt4_21adecb5,temporal-reasoning,rrf_turn_route,0.5,0.5,0.3065735963827292,0.5
gpt4_21adecb5,temporal-reasoning,dense_session_mean,,,,0.0
gpt4_21adecb5,temporal-reasoning,bm25_session,,,,1.0
5e1b23de,temporal-reasoning,turn,0.0,0.0,0.0,1.0
5e1b23de,temporal-reasoning,sentence,1.0,1.0,1.0,1.0
5e1b23de,temporal-reasoning,cards_hand,1.0,1.0,1.0,1.0
5e1b23de,temporal-reasoning,pos_hand,1.0,1.0,1.0,1.0
5e1b23de,temporal-reasoning,cards_m11,1.0,1.0,1.0,1.0
5e1b23de,temporal-reasoning,pos_m11,1.0,1.0,1.0,1.0
5e1b23de,temporal-reasoning,cards_m13,1.0,1.0,0.5,1.0
5e1b23de,temporal-reasoning,pos_m13,1.0,1.0,0.6309297535714575,1.0
5e1b23de,temporal-reasoning,cards_m17,1.0,1.0,0.6309297535714575,1.0
5e1b23de,temporal-reasoning,pos_m17,1.0,1.0,0.6309297535714575,1.0
5e1b23de,temporal-reasoning,bm25_turn,1.0,1.0,1.0,1.0
5e1b23de,temporal-reasoning,bm25_cards_hand,1.0,1.0,1.0,1.0
5e1b23de,temporal-reasoning,rrf_turn,0.0,1.0,0.3333333333333333,1.0
5e1b23de,temporal-reasoning,rrf_sentence,1.0,1.0,1.0,1.0
5e1b23de,temporal-reasoning,rrf_cards_hand,1.0,1.0,1.0,1.0
5e1b23de,temporal-reasoning,rrf_cards_m11,1.0,1.0,1.0,1.0
5e1b23de,temporal-reasoning,rrf_cards_m13,1.0,1.0,1.0,1.0
5e1b23de,temporal-reasoning,rrf_cards_m17,1.0,1.0,1.0,1.0
5e1b23de,temporal-reasoning,rrf_turn_route,1.0,1.0,0.38685280723454163,1.0
5e1b23de,temporal-reasoning,dense_session_mean,,,,1.0
5e1b23de,temporal-reasoning,bm25_session,,,,1.0
gpt4_98f46fc6,temporal-reasoning,turn,0.5,0.5,0.3065735963827292,1.0
gpt4_98f46fc6,temporal-reasoning,sentence,0.5,0.5,0.3065735963827292,1.0
gpt4_98f46fc6,temporal-reasoning,cards_hand,0.5,0.5,0.38685280723454163,1.0
gpt4_98f46fc6,temporal-reasoning,pos_hand,0.5,0.5,0.38685280723454163,1.0
gpt4_98f46fc6,temporal-reasoning,cards_m11,0.0,0.0,0.0,1.0
gpt4_98f46fc6,temporal-reasoning,pos_m11,0.0,0.0,0.0,1.0
gpt4_98f46fc6,temporal-reasoning,cards_m13,0.5,0.5,0.38685280723454163,1.0
gpt4_98f46fc6,temporal-reasoning,pos_m13,0.0,0.0,0.0,1.0
gpt4_98f46fc6,temporal-reasoning,cards_m17,0.5,0.5,0.38685280723454163,1.0
gpt4_98f46fc6,temporal-reasoning,pos_m17,0.5,0.5,0.38685280723454163,1.0
gpt4_98f46fc6,temporal-reasoning,bm25_turn,0.0,1.0,0.38162168437253385,1.0
gpt4_98f46fc6,temporal-reasoning,bm25_cards_hand,0.5,1.0,0.42177340954886444,1.0
gpt4_98f46fc6,temporal-reasoning,rrf_turn,0.5,0.5,0.23719771276929622,1.0
gpt4_98f46fc6,temporal-reasoning,rrf_sentence,0.5,0.5,0.2640681225725909,1.0
gpt4_98f46fc6,temporal-reasoning,rrf_cards_hand,0.5,1.0,0.448643819352159,1.0
gpt4_98f46fc6,temporal-reasoning,rrf_cards_m11,0.0,0.5,0.18457569677956817,1.0
gpt4_98f46fc6,temporal-reasoning,rrf_cards_m13,0.5,0.5,0.23719771276929622,1.0
gpt4_98f46fc6,temporal-reasoning,rrf_cards_m17,0.5,1.0,0.44130740935663865,1.0
gpt4_98f46fc6,temporal-reasoning,rrf_turn_route,0.5,1.0,0.5802792108518124,1.0
gpt4_98f46fc6,temporal-reasoning,dense_session_mean,,,,1.0
gpt4_98f46fc6,temporal-reasoning,bm25_session,,,,1.0
gpt4_af6db32f,temporal-reasoning,turn,0.0,1.0,0.2890648263178879,1.0
gpt4_af6db32f,temporal-reasoning,sentence,0.0,1.0,0.3333333333333333,1.0
gpt4_af6db32f,temporal-reasoning,cards_hand,0.0,1.0,0.3333333333333333,1.0
gpt4_af6db32f,temporal-reasoning,pos_hand,0.0,1.0,0.3333333333333333,1.0
gpt4_af6db32f,temporal-reasoning,cards_m11,0.0,1.0,0.3562071871080222,1.0
gpt4_af6db32f,temporal-reasoning,pos_m11,0.0,1.0,0.3562071871080222,1.0
gpt4_af6db32f,temporal-reasoning,cards_m13,0.0,0.0,0.0,1.0
gpt4_af6db32f,temporal-reasoning,pos_m13,0.0,0.0,0.0,1.0
gpt4_af6db32f,temporal-reasoning,cards_m17,0.0,1.0,0.3333333333333333,1.0
gpt4_af6db32f,temporal-reasoning,pos_m17,0.0,1.0,0.3333333333333333,1.0
gpt4_af6db32f,temporal-reasoning,bm25_turn,1.0,1.0,0.5,1.0
gpt4_af6db32f,temporal-reasoning,bm25_cards_hand,1.0,1.0,0.38685280723454163,1.0
gpt4_af6db32f,temporal-reasoning,rrf_turn,1.0,1.0,0.6309297535714575,1.0
gpt4_af6db32f,temporal-reasoning,rrf_sentence,1.0,1.0,1.0,1.0
gpt4_af6db32f,temporal-reasoning,rrf_cards_hand,1.0,1.0,1.0,1.0
gpt4_af6db32f,temporal-reasoning,rrf_cards_m11,1.0,1.0,1.0,1.0
gpt4_af6db32f,temporal-reasoning,rrf_cards_m13,1.0,1.0,0.6309297535714575,1.0
gpt4_af6db32f,temporal-reasoning,rrf_cards_m17,1.0,1.0,1.0,1.0
gpt4_af6db32f,temporal-reasoning,rrf_turn_route,1.0,1.0,0.6309297535714575,1.0
gpt4_af6db32f,temporal-reasoning,dense_session_mean,,,,1.0
gpt4_af6db32f,temporal-reasoning,bm25_session,,,,1.0
eac54adc,temporal-reasoning,turn,1.0,1.0,0.8772153153380493,1.0
eac54adc,temporal-reasoning,sentence,0.5,1.0,0.7903864795495061,1.0
eac54adc,temporal-reasoning,cards_hand,0.5,1.0,0.8065735963827293,1.0
eac54adc,temporal-reasoning,pos_hand,0.5,1.0,0.8065735963827293,1.0
eac54adc,temporal-reasoning,cards_m11,0.5,1.0,0.8065735963827293,1.0
eac54adc,temporal-reasoning,pos_m11,0.5,1.0,0.8065735963827293,1.0
eac54adc,temporal-reasoning,cards_m13,0.5,1.0,0.8065735963827293,1.0
eac54adc,temporal-reasoning,pos_m13,0.5,1.0,0.8065735963827293,1.0
eac54adc,temporal-reasoning,cards_m17,0.5,1.0,0.7903864795495061,1.0
eac54adc,temporal-reasoning,pos_m17,0.5,1.0,0.8065735963827293,1.0
eac54adc,temporal-reasoning,bm25_turn,0.5,0.5,0.6131471927654584,0.5
eac54adc,temporal-reasoning,bm25_cards_hand,1.0,1.0,0.8503449055347546,1.0
eac54adc,temporal-reasoning,rrf_turn,1.0,1.0,0.8772153153380493,1.0
eac54adc,temporal-reasoning,rrf_sentence,1.0,1.0,0.8503449055347546,1.0
eac54adc,temporal-reasoning,rrf_cards_hand,1.0,1.0,0.9197207891481876,1.0
eac54adc,temporal-reasoning,rrf_cards_m11,1.0,1.0,0.8503449055347546,1.0
eac54adc,temporal-reasoning,rrf_cards_m13,1.0,1.0,0.8772153153380493,1.0
eac54adc,temporal-reasoning,rrf_cards_m17,1.0,1.0,0.8772153153380493,1.0
eac54adc,temporal-reasoning,rrf_turn_route,1.0,1.0,1.0,1.0
eac54adc,temporal-reasoning,dense_session_mean,,,,0.5
eac54adc,temporal-reasoning,bm25_session,,,,1.0
gpt4_7ddcf75f,temporal-reasoning,turn,1.0,1.0,1.0,1.0
gpt4_7ddcf75f,temporal-reasoning,sentence,1.0,1.0,1.0,1.0
gpt4_7ddcf75f,temporal-reasoning,cards_hand,1.0,1.0,1.0,1.0
gpt4_7ddcf75f,temporal-reasoning,pos_hand,1.0,1.0,1.0,1.0
gpt4_7ddcf75f,temporal-reasoning,cards_m11,1.0,1.0,0.5,1.0
gpt4_7ddcf75f,temporal-reasoning,pos_m11,1.0,1.0,0.5,1.0
gpt4_7ddcf75f,temporal-reasoning,cards_m13,1.0,1.0,1.0,1.0
gpt4_7ddcf75f,temporal-reasoning,pos_m13,1.0,1.0,1.0,1.0
gpt4_7ddcf75f,temporal-reasoning,cards_m17,1.0,1.0,1.0,1.0
gpt4_7ddcf75f,temporal-reasoning,pos_m17,1.0,1.0,1.0,1.0
gpt4_7ddcf75f,temporal-reasoning,bm25_turn,1.0,1.0,1.0,1.0
gpt4_7ddcf75f,temporal-reasoning,bm25_cards_hand,1.0,1.0,1.0,1.0
gpt4_7ddcf75f,temporal-reasoning,rrf_turn,1.0,1.0,1.0,1.0
gpt4_7ddcf75f,temporal-reasoning,rrf_sentence,1.0,1.0,1.0,1.0
gpt4_7ddcf75f,temporal-reasoning,rrf_cards_hand,1.0,1.0,1.0,1.0
gpt4_7ddcf75f,temporal-reasoning,rrf_cards_m11,1.0,1.0,1.0,1.0
gpt4_7ddcf75f,temporal-reasoning,rrf_cards_m13,1.0,1.0,1.0,1.0
gpt4_7ddcf75f,temporal-reasoning,rrf_cards_m17,1.0,1.0,1.0,1.0
gpt4_7ddcf75f,temporal-reasoning,rrf_turn_route,1.0,1.0,1.0,1.0
gpt4_7ddcf75f,temporal-reasoning,dense_session_mean,,,,1.0
gpt4_7ddcf75f,temporal-reasoning,bm25_session,,,,1.0
gpt4_a2d1d1f6,temporal-reasoning,turn,1.0,1.0,1.0,1.0
gpt4_a2d1d1f6,temporal-reasoning,sentence,1.0,1.0,1.0,1.0
gpt4_a2d1d1f6,temporal-reasoning,cards_hand,1.0,1.0,1.0,1.0
gpt4_a2d1d1f6,temporal-reasoning,pos_hand,1.0,1.0,1.0,1.0
gpt4_a2d1d1f6,temporal-reasoning,cards_m11,1.0,1.0,1.0,1.0
gpt4_a2d1d1f6,temporal-reasoning,pos_m11,1.0,1.0,1.0,1.0
gpt4_a2d1d1f6,temporal-reasoning,cards_m13,1.0,1.0,1.0,1.0
gpt4_a2d1d1f6,temporal-reasoning,pos_m13,1.0,1.0,1.0,1.0
gpt4_a2d1d1f6,temporal-reasoning,cards_m17,1.0,1.0,1.0,1.0
gpt4_a2d1d1f6,temporal-reasoning,pos_m17,1.0,1.0,1.0,1.0
gpt4_a2d1d1f6,temporal-reasoning,bm25_turn,1.0,1.0,1.0,1.0
gpt4_a2d1d1f6,temporal-reasoning,bm25_cards_hand,1.0,1.0,1.0,1.0
gpt4_a2d1d1f6,temporal-reasoning,rrf_turn,1.0,1.0,1.0,1.0
gpt4_a2d1d1f6,temporal-reasoning,rrf_sentence,1.0,1.0,1.0,1.0
gpt4_a2d1d1f6,temporal-reasoning,rrf_cards_hand,1.0,1.0,1.0,1.0
gpt4_a2d1d1f6,temporal-reasoning,rrf_cards_m11,1.0,1.0,1.0,1.0
gpt4_a2d1d1f6,temporal-reasoning,rrf_cards_m13,1.0,1.0,1.0,1.0
gpt4_a2d1d1f6,temporal-reasoning,rrf_cards_m17,1.0,1.0,1.0,1.0
gpt4_a2d1d1f6,temporal-reasoning,rrf_turn_route,1.0,1.0,1.0,1.0
gpt4_a2d1d1f6,temporal-reasoning,dense_session_mean,,,,1.0
gpt4_a2d1d1f6,temporal-reasoning,bm25_session,,,,1.0
gpt4_85da3956,temporal-reasoning,turn,1.0,1.0,0.6309297535714575,1.0
gpt4_85da3956,temporal-reasoning,sentence,1.0,1.0,1.0,1.0
gpt4_85da3956,temporal-reasoning,cards_hand,1.0,1.0,1.0,1.0
gpt4_85da3956,temporal-reasoning,pos_hand,1.0,1.0,1.0,1.0
gpt4_85da3956,temporal-reasoning,cards_m11,1.0,1.0,1.0,1.0
gpt4_85da3956,temporal-reasoning,pos_m11,1.0,1.0,1.0,1.0
gpt4_85da3956,temporal-reasoning,cards_m13,1.0,1.0,1.0,1.0
gpt4_85da3956,temporal-reasoning,pos_m13,1.0,1.0,1.0,1.0
gpt4_85da3956,temporal-reasoning,cards_m17,1.0,1.0,1.0,1.0
gpt4_85da3956,temporal-reasoning,pos_m17,1.0,1.0,1.0,1.0
gpt4_85da3956,temporal-reasoning,bm25_turn,1.0,1.0,0.5,1.0
gpt4_85da3956,temporal-reasoning,bm25_cards_hand,1.0,1.0,1.0,1.0
gpt4_85da3956,temporal-reasoning,rrf_turn,1.0,1.0,1.0,1.0
gpt4_85da3956,temporal-reasoning,rrf_sentence,1.0,1.0,1.0,1.0
gpt4_85da3956,temporal-reasoning,rrf_cards_hand,1.0,1.0,1.0,1.0
gpt4_85da3956,temporal-reasoning,rrf_cards_m11,1.0,1.0,1.0,1.0
gpt4_85da3956,temporal-reasoning,rrf_cards_m13,1.0,1.0,1.0,1.0
gpt4_85da3956,temporal-reasoning,rrf_cards_m17,1.0,1.0,1.0,1.0
gpt4_85da3956,temporal-reasoning,rrf_turn_route,1.0,1.0,1.0,1.0
gpt4_85da3956,temporal-reasoning,dense_session_mean,,,,1.0
gpt4_85da3956,temporal-reasoning,bm25_session,,,,1.0
gpt4_b0863698,temporal-reasoning,turn,1.0,1.0,1.0,1.0
gpt4_b0863698,temporal-reasoning,sentence,1.0,1.0,1.0,1.0
gpt4_b0863698,temporal-reasoning,cards_hand,1.0,1.0,1.0,1.0
gpt4_b0863698,temporal-reasoning,pos_hand,1.0,1.0,0.5,1.0
gpt4_b0863698,temporal-reasoning,cards_m11,0.0,1.0,0.3010299956639812,1.0
gpt4_b0863698,temporal-reasoning,pos_m11,0.0,1.0,0.3010299956639812,1.0
gpt4_b0863698,temporal-reasoning,cards_m13,1.0,1.0,1.0,1.0
gpt4_b0863698,temporal-reasoning,pos_m13,1.0,1.0,0.43067655807339306,1.0
gpt4_b0863698,temporal-reasoning,cards_m17,1.0,1.0,1.0,1.0
gpt4_b0863698,temporal-reasoning,pos_m17,1.0,1.0,0.43067655807339306,1.0
gpt4_b0863698,temporal-reasoning,bm25_turn,1.0,1.0,1.0,1.0
gpt4_b0863698,temporal-reasoning,bm25_cards_hand,1.0,1.0,1.0,1.0
gpt4_b0863698,temporal-reasoning,rrf_turn,1.0,1.0,1.0,1.0
gpt4_b0863698,temporal-reasoning,rrf_sentence,1.0,1.0,1.0,1.0
gpt4_b0863698,temporal-reasoning,rrf_cards_hand,1.0,1.0,1.0,1.0
gpt4_b0863698,temporal-reasoning,rrf_cards_m11,1.0,1.0,0.43067655807339306,1.0
gpt4_b0863698,temporal-reasoning,rrf_cards_m13,1.0,1.0,1.0,1.0
gpt4_b0863698,temporal-reasoning,rrf_cards_m17,1.0,1.0,1.0,1.0
gpt4_b0863698,temporal-reasoning,rrf_turn_route,1.0,1.0,1.0,1.0
gpt4_b0863698,temporal-reasoning,dense_session_mean,,,,1.0
gpt4_b0863698,temporal-reasoning,bm25_session,,,,1.0
gpt4_68e94287,temporal-reasoning,turn,0.5,0.5,0.6131471927654584,0.5
gpt4_68e94287,temporal-reasoning,sentence,1.0,1.0,0.9197207891481876,1.0
gpt4_68e94287,temporal-reasoning,cards_hand,0.5,0.5,0.6131471927654584,0.5
gpt4_68e94287,temporal-reasoning,pos_hand,0.5,0.5,0.6131471927654584,0.5
gpt4_68e94287,temporal-reasoning,cards_m11,0.5,0.5,0.6131471927654584,0.5
gpt4_68e94287,temporal-reasoning,pos_m11,0.5,0.5,0.6131471927654584,0.5
gpt4_68e94287,temporal-reasoning,cards_m13,1.0,1.0,0.9197207891481876,1.0
gpt4_68e94287,temporal-reasoning,pos_m13,1.0,1.0,0.9197207891481876,1.0
gpt4_68e94287,temporal-reasoning,cards_m17,0.5,0.5,0.6131471927654584,0.5
gpt4_68e94287,temporal-reasoning,pos_m17,0.5,0.5,0.6131471927654584,0.5
gpt4_68e94287,temporal-reasoning,bm25_turn,0.5,1.0,0.8175295903539445,1.0
gpt4_68e94287,temporal-reasoning,bm25_cards_hand,0.5,1.0,0.8065735963827293,1.0
gpt4_68e94287,temporal-reasoning,rrf_turn,0.5,1.0,0.7977228895450266,1.0
gpt4_68e94287,temporal-reasoning,rrf_sentence,1.0,1.0,0.8772153153380493,1.0
gpt4_68e94287,temporal-reasoning,rrf_cards_hand,0.5,1.0,0.8065735963827293,1.0
gpt4_68e94287,temporal-reasoning,rrf_cards_m11,0.5,1.0,0.7903864795495061,1.0
gpt4_68e94287,temporal-reasoning,rrf_cards_m13,1.0,1.0,0.8772153153380493,1.0
gpt4_68e94287,temporal-reasoning,rrf_cards_m17,0.5,0.5,0.6131471927654584,1.0
gpt4_68e94287,temporal-reasoning,rrf_turn_route,0.5,1.0,0.8315546295836225,1.0
gpt4_68e94287,temporal-reasoning,dense_session_mean,,,,0.5
gpt4_68e94287,temporal-reasoning,bm25_session,,,,0.5
gpt4_e414231e,temporal-reasoning,turn,1.0,1.0,0.8503449055347546,1.0
gpt4_e414231e,temporal-reasoning,sentence,1.0,1.0,0.8503449055347546,1.0
gpt4_e414231e,temporal-reasoning,cards_hand,1.0,1.0,1.0,1.0
gpt4_e414231e,temporal-reasoning,pos_hand,0.5,1.0,0.8315546295836225,1.0
gpt4_e414231e,temporal-reasoning,cards_m11,0.5,1.0,0.8315546295836225,1.0
gpt4_e414231e,temporal-reasoning,pos_m11,1.0,1.0,0.8503449055347546,1.0
gpt4_e414231e,temporal-reasoning,cards_m13,1.0,1.0,0.9197207891481876,1.0
gpt4_e414231e,temporal-reasoning,pos_m13,1.0,1.0,0.9197207891481876,1.0
gpt4_e414231e,temporal-reasoning,cards_m17,1.0,1.0,1.0,1.0
gpt4_e414231e,temporal-reasoning,pos_m17,1.0,1.0,0.8503449055347546,1.0
gpt4_e414231e,temporal-reasoning,bm25_turn,1.0,1.0,0.8772153153380493,1.0
gpt4_e414231e,temporal-reasoning,bm25_cards_hand,1.0,1.0,0.8503449055347546,1.0
gpt4_e414231e,temporal-reasoning,rrf_turn,1.0,1.0,0.9197207891481876,1.0
gpt4_e414231e,temporal-reasoning,rrf_sentence,1.0,1.0,0.8772153153380493,1.0
gpt4_e414231e,temporal-reasoning,rrf_cards_hand,1.0,1.0,1.0,1.0
gpt4_e414231e,temporal-reasoning,rrf_cards_m11,1.0,1.0,0.8772153153380493,1.0
gpt4_e414231e,temporal-reasoning,rrf_cards_m13,1.0,1.0,1.0,1.0
gpt4_e414231e,temporal-reasoning,rrf_cards_m17,1.0,1.0,1.0,1.0
gpt4_e414231e,temporal-reasoning,rrf_turn_route,1.0,1.0,1.0,1.0
gpt4_e414231e,temporal-reasoning,dense_session_mean,,,,1.0
gpt4_e414231e,temporal-reasoning,bm25_session,,,,1.0
gpt4_7ca326fa,temporal-reasoning,turn,0.3333333333333333,0.3333333333333333,0.20210734650054757,1.0
gpt4_7ca326fa,temporal-reasoning,sentence,0.3333333333333333,0.6666666666666666,0.4441228664487979,1.0
gpt4_7ca326fa,temporal-reasoning,cards_hand,0.3333333333333333,0.6666666666666666,0.43734888382569426,1.0
gpt4_7ca326fa,temporal-reasoning,pos_hand,0.3333333333333333,0.6666666666666666,0.43734888382569426,1.0
gpt4_7ca326fa,temporal-reasoning,cards_m11,0.3333333333333333,0.6666666666666666,0.617319681505689,1.0
gpt4_7ca326fa,temporal-reasoning,pos_m11,0.3333333333333333,0.6666666666666666,0.6105456988825855,1.0
gpt4_7ca326fa,temporal-reasoning,cards_m13,0.0,0.0,0.0,1.0
gpt4_7ca326fa,temporal-reasoning,pos_m13,0.0,0.0,0.0,1.0
gpt4_7ca326fa,temporal-reasoning,cards_m17,0.3333333333333333,0.6666666666666666,0.617319681505689,1.0
gpt4_7ca326fa,temporal-reasoning,pos_m17,0.3333333333333333,0.6666666666666666,0.431733884398313,1.0
gpt4_7ca326fa,temporal-reasoning,bm25_turn,1.0,1.0,1.0,1.0
gpt4_7ca326fa,temporal-reasoning,bm25_cards_hand,0.6666666666666666,1.0,0.9217868789962071,1.0
gpt4_7ca326fa,temporal-reasoning,rrf_turn,1.0,1.0,1.0,1.0
gpt4_7ca326fa,temporal-reasoning,rrf_sentence,1.0,1.0,0.9674679834891693,1.0
gpt4_7ca326fa,temporal-reasoning,rrf_cards_hand,1.0,1.0,1.0,1.0
gpt4_7ca326fa,temporal-reasoning,rrf_cards_m11,0.6666666666666666,0.6666666666666666,0.7653606369886217,1.0
gpt4_7ca326fa,temporal-reasoning,rrf_cards_m13,0.6666666666666666,1.0,0.5780136823717549,1.0
gpt4_7ca326fa,temporal-reasoning,rrf_cards_m17,0.6666666666666666,0.6666666666666666,0.7653606369886217,1.0
gpt4_7ca326fa,temporal-reasoning,rrf_turn_route,1.0,1.0,1.0,1.0
gpt4_7ca326fa,temporal-reasoning,dense_session_mean,,,,0.6666666666666666
gpt4_7ca326fa,temporal-reasoning,bm25_session,,,,1.0
gpt4_7bc6cf22,temporal-reasoning,turn,1.0,1.0,1.0,1.0
gpt4_7bc6cf22,temporal-reasoning,sentence,1.0,1.0,1.0,1.0
gpt4_7bc6cf22,temporal-reasoning,cards_hand,1.0,1.0,1.0,1.0
gpt4_7bc6cf22,temporal-reasoning,pos_hand,1.0,1.0,1.0,1.0
gpt4_7bc6cf22,temporal-reasoning,cards_m11,1.0,1.0,1.0,1.0
gpt4_7bc6cf22,temporal-reasoning,pos_m11,1.0,1.0,1.0,1.0
gpt4_7bc6cf22,temporal-reasoning,cards_m13,1.0,1.0,1.0,1.0
gpt4_7bc6cf22,temporal-reasoning,pos_m13,1.0,1.0,1.0,1.0
gpt4_7bc6cf22,temporal-reasoning,cards_m17,1.0,1.0,1.0,1.0
gpt4_7bc6cf22,temporal-reasoning,pos_m17,1.0,1.0,1.0,1.0
gpt4_7bc6cf22,temporal-reasoning,bm25_turn,1.0,1.0,1.0,1.0
gpt4_7bc6cf22,temporal-reasoning,bm25_cards_hand,1.0,1.0,1.0,1.0
gpt4_7bc6cf22,temporal-reasoning,rrf_turn,1.0,1.0,1.0,1.0
gpt4_7bc6cf22,temporal-reasoning,rrf_sentence,1.0,1.0,1.0,1.0
gpt4_7bc6cf22,temporal-reasoning,rrf_cards_hand,1.0,1.0,1.0,1.0
gpt4_7bc6cf22,temporal-reasoning,rrf_cards_m11,1.0,1.0,1.0,1.0
gpt4_7bc6cf22,temporal-reasoning,rrf_cards_m13,1.0,1.0,1.0,1.0
gpt4_7bc6cf22,temporal-reasoning,rrf_cards_m17,1.0,1.0,1.0,1.0
gpt4_7bc6cf22,temporal-reasoning,rrf_turn_route,1.0,1.0,1.0,1.0
gpt4_7bc6cf22,temporal-reasoning,dense_session_mean,,,,1.0
gpt4_7bc6cf22,temporal-reasoning,bm25_session,,,,1.0
2ebe6c92,temporal-reasoning,turn,0.0,0.0,0.0,1.0
2ebe6c92,temporal-reasoning,sentence,0.5,1.0,0.5802792108518124,1.0
2ebe6c92,temporal-reasoning,cards_hand,1.0,1.0,0.6509209298071326,1.0
2ebe6c92,temporal-reasoning,pos_hand,1.0,1.0,0.6509209298071326,1.0
2ebe6c92,temporal-reasoning,cards_m11,0.5,1.0,0.5714285040141098,1.0
2ebe6c92,temporal-reasoning,pos_m11,0.5,1.0,0.5640920940185894,1.0
2ebe6c92,temporal-reasoning,cards_m13,0.5,1.0,0.42177340954886444,1.0
2ebe6c92,temporal-reasoning,pos_m13,0.5,1.0,0.48381288316677695,1.0
2ebe6c92,temporal-reasoning,cards_m17,1.0,1.0,0.6240505200038379,1.0
2ebe6c92,temporal-reasoning,pos_m17,1.0,1.0,0.6240505200038379,1.0
2ebe6c92,temporal-reasoning,bm25_turn,0.0,0.0,0.0,0.5
2ebe6c92,temporal-reasoning,bm25_cards_hand,0.0,0.0,0.0,0.5
2ebe6c92,temporal-reasoning,rrf_turn,0.5,1.0,0.4415801103577823,1.0
2ebe6c92,temporal-reasoning,rrf_sentence,1.0,1.0,0.5012658353418871,1.0
2ebe6c92,temporal-reasoning,rrf_cards_hand,0.5,1.0,0.4415801103577823,1.0
2ebe6c92,temporal-reasoning,rrf_cards_m11,0.5,1.0,0.48247555939075504,1.0
2ebe6c92,temporal-reasoning,rrf_cards_m13,1.0,1.0,0.5012658353418871,1.0
2ebe6c92,temporal-reasoning,rrf_cards_m17,1.0,1.0,0.5012658353418871,1.0
2ebe6c92,temporal-reasoning,rrf_turn_route,1.0,1.0,0.5706417189553201,1.0
2ebe6c92,temporal-reasoning,dense_session_mean,,,,1.0
2ebe6c92,temporal-reasoning,bm25_session,,,,0.5
gpt4_e061b84g,temporal-reasoning,turn,0.0,0.0,0.0,0.3333333333333333
gpt4_e061b84g,temporal-reasoning,sentence,0.0,0.0,0.0,0.3333333333333333
gpt4_e061b84g,temporal-reasoning,cards_hand,0.0,0.0,0.0,0.3333333333333333
gpt4_e061b84g,temporal-reasoning,pos_hand,0.0,0.0,0.0,0.3333333333333333
gpt4_e061b84g,temporal-reasoning,cards_m11,0.0,0.0,0.0,0.3333333333333333
gpt4_e061b84g,temporal-reasoning,pos_m11,0.0,0.0,0.0,0.3333333333333333
gpt4_e061b84g,temporal-reasoning,cards_m13,0.0,0.0,0.0,0.3333333333333333
gpt4_e061b84g,temporal-reasoning,pos_m13,0.0,0.0,0.0,0.3333333333333333
gpt4_e061b84g,temporal-reasoning,cards_m17,0.0,0.0,0.0,0.3333333333333333
gpt4_e061b84g,temporal-reasoning,pos_m17,0.0,0.0,0.0,0.3333333333333333
gpt4_e061b84g,temporal-reasoning,bm25_turn,0.0,0.0,0.0,0.0
gpt4_e061b84g,temporal-reasoning,bm25_cards_hand,0.0,0.0,0.0,0.0
gpt4_e061b84g,temporal-reasoning,rrf_turn,0.0,0.0,0.0,0.0
gpt4_e061b84g,temporal-reasoning,rrf_sentence,0.0,0.0,0.0,0.3333333333333333
gpt4_e061b84g,temporal-reasoning,rrf_cards_hand,0.0,0.0,0.0,0.3333333333333333
gpt4_e061b84g,temporal-reasoning,rrf_cards_m11,0.0,0.0,0.0,0.3333333333333333
gpt4_e061b84g,temporal-reasoning,rrf_cards_m13,0.0,0.0,0.0,0.3333333333333333
gpt4_e061b84g,temporal-reasoning,rrf_cards_m17,0.0,0.0,0.0,0.3333333333333333
gpt4_e061b84g,temporal-reasoning,rrf_turn_route,0.0,0.0,0.0,0.0
gpt4_e061b84g,temporal-reasoning,dense_session_mean,,,,0.6666666666666666
gpt4_e061b84g,temporal-reasoning,bm25_session,,,,0.0
71017277,temporal-reasoning,turn,0.0,0.0,0.0,1.0
71017277,temporal-reasoning,sentence,1.0,1.0,0.43067655807339306,1.0
71017277,temporal-reasoning,cards_hand,0.0,0.0,0.0,1.0
71017277,temporal-reasoning,pos_hand,0.0,1.0,0.3010299956639812,1.0
71017277,temporal-reasoning,cards_m11,1.0,1.0,0.38685280723454163,1.0
71017277,temporal-reasoning,pos_m11,0.0,1.0,0.31546487678572877,1.0
71017277,temporal-reasoning,cards_m13,0.0,0.0,0.0,1.0
71017277,temporal-reasoning,pos_m13,0.0,0.0,0.0,1.0
71017277,temporal-reasoning,cards_m17,1.0,1.0,0.43067655807339306,1.0
71017277,temporal-reasoning,pos_m17,1.0,1.0,0.43067655807339306,1.0
71017277,temporal-reasoning,bm25_turn,0.0,0.0,0.0,0.0
71017277,temporal-reasoning,bm25_cards_hand,0.0,0.0,0.0,1.0
71017277,temporal-reasoning,rrf_turn,0.0,0.0,0.0,1.0
71017277,temporal-reasoning,rrf_sentence,0.0,0.0,0.0,1.0
71017277,temporal-reasoning,rrf_cards_hand,0.0,0.0,0.0,1.0
71017277,temporal-reasoning,rrf_cards_m11,0.0,0.0,0.0,1.0
71017277,temporal-reasoning,rrf_cards_m13,0.0,0.0,0.0,1.0
71017277,temporal-reasoning,rrf_cards_m17,0.0,0.0,0.0,1.0
71017277,temporal-reasoning,rrf_turn_route,0.0,1.0,0.3562071871080222,1.0
71017277,temporal-reasoning,dense_session_mean,,,,1.0
71017277,temporal-reasoning,bm25_session,,,,1.0
b46e15ee,temporal-reasoning,turn,0.0,1.0,0.3333333333333333,0.75
b46e15ee,temporal-reasoning,sentence,0.0,0.0,0.0,1.0
b46e15ee,temporal-reasoning,cards_hand,0.0,0.0,0.0,1.0
b46e15ee,temporal-reasoning,pos_hand,0.0,0.0,0.0,1.0
b46e15ee,temporal-reasoning,cards_m11,0.0,0.0,0.0,1.0
b46e15ee,temporal-reasoning,pos_m11,0.0,0.0,0.0,1.0
b46e15ee,temporal-reasoning,cards_m13,0.0,0.0,0.0,1.0
b46e15ee,temporal-reasoning,pos_m13,0.0,0.0,0.0,1.0
b46e15ee,temporal-reasoning,cards_m17,0.0,0.0,0.0,1.0
b46e15ee,temporal-reasoning,pos_m17,0.0,0.0,0.0,1.0
b46e15ee,temporal-reasoning,bm25_turn,1.0,1.0,1.0,1.0
b46e15ee,temporal-reasoning,bm25_cards_hand,1.0,1.0,0.6309297535714575,0.75
b46e15ee,temporal-reasoning,rrf_turn,1.0,1.0,0.6309297535714575,1.0
b46e15ee,temporal-reasoning,rrf_sentence,1.0,1.0,0.43067655807339306,1.0
b46e15ee,temporal-reasoning,rrf_cards_hand,0.0,1.0,0.3562071871080222,1.0
b46e15ee,temporal-reasoning,rrf_cards_m11,1.0,1.0,0.43067655807339306,1.0
b46e15ee,temporal-reasoning,rrf_cards_m13,1.0,1.0,0.38685280723454163,1.0
b46e15ee,temporal-reasoning,rrf_cards_m17,1.0,1.0,0.43067655807339306,1.0
b46e15ee,temporal-reasoning,rrf_turn_route,1.0,1.0,1.0,1.0
b46e15ee,temporal-reasoning,dense_session_mean,,,,0.5
b46e15ee,temporal-reasoning,bm25_session,,,,0.75
gpt4_d6585ce9,temporal-reasoning,turn,0.0,0.0,0.0,0.8
gpt4_d6585ce9,temporal-reasoning,sentence,0.0,0.0,0.0,1.0
gpt4_d6585ce9,temporal-reasoning,cards_hand,0.0,0.0,0.0,0.8
gpt4_d6585ce9,temporal-reasoning,pos_hand,0.0,0.0,0.0,0.8
gpt4_d6585ce9,temporal-reasoning,cards_m11,0.0,0.0,0.0,0.8
gpt4_d6585ce9,temporal-reasoning,pos_m11,0.0,0.0,0.0,1.0
gpt4_d6585ce9,temporal-reasoning,cards_m13,0.0,0.0,0.0,0.8
gpt4_d6585ce9,temporal-reasoning,pos_m13,0.0,0.0,0.0,0.8
gpt4_d6585ce9,temporal-reasoning,cards_m17,0.0,0.0,0.0,0.8
gpt4_d6585ce9,temporal-reasoning,pos_m17,0.0,0.0,0.0,0.8
gpt4_d6585ce9,temporal-reasoning,bm25_turn,0.0,0.0,0.0,0.4
gpt4_d6585ce9,temporal-reasoning,bm25_cards_hand,0.0,0.0,0.0,0.2
gpt4_d6585ce9,temporal-reasoning,rrf_turn,0.0,0.0,0.0,0.6
gpt4_d6585ce9,temporal-reasoning,rrf_sentence,0.0,0.0,0.0,0.8
gpt4_d6585ce9,temporal-reasoning,rrf_cards_hand,0.0,0.0,0.0,0.6
gpt4_d6585ce9,temporal-reasoning,rrf_cards_m11,0.0,0.0,0.0,0.8
gpt4_d6585ce9,temporal-reasoning,rrf_cards_m13,0.0,0.0,0.0,0.6
gpt4_d6585ce9,temporal-reasoning,rrf_cards_m17,0.0,0.0,0.0,0.6
gpt4_d6585ce9,temporal-reasoning,rrf_turn_route,0.0,0.0,0.0,0.6
gpt4_d6585ce9,temporal-reasoning,dense_session_mean,,,,0.8
gpt4_d6585ce9,temporal-reasoning,bm25_session,,,,0.4
gpt4_1e4a8aec,temporal-reasoning,turn,0.0,0.0,0.0,0.5
gpt4_1e4a8aec,temporal-reasoning,sentence,0.0,0.0,0.0,1.0
gpt4_1e4a8aec,temporal-reasoning,cards_hand,0.0,0.0,0.0,0.5
gpt4_1e4a8aec,temporal-reasoning,pos_hand,0.0,0.0,0.0,1.0
gpt4_1e4a8aec,temporal-reasoning,cards_m11,0.0,0.0,0.0,1.0
gpt4_1e4a8aec,temporal-reasoning,pos_m11,0.0,0.0,0.0,1.0
gpt4_1e4a8aec,temporal-reasoning,cards_m13,0.0,0.0,0.0,1.0
gpt4_1e4a8aec,temporal-reasoning,pos_m13,0.0,0.0,0.0,1.0
gpt4_1e4a8aec,temporal-reasoning,cards_m17,0.0,0.0,0.0,1.0
gpt4_1e4a8aec,temporal-reasoning,pos_m17,0.0,0.0,0.0,1.0
gpt4_1e4a8aec,temporal-reasoning,bm25_turn,0.0,0.0,0.0,0.0
gpt4_1e4a8aec,temporal-reasoning,bm25_cards_hand,0.0,0.0,0.0,0.0
gpt4_1e4a8aec,temporal-reasoning,rrf_turn,0.0,0.0,0.0,0.5
gpt4_1e4a8aec,temporal-reasoning,rrf_sentence,0.0,0.0,0.0,1.0
gpt4_1e4a8aec,temporal-reasoning,rrf_cards_hand,0.0,0.0,0.0,1.0
gpt4_1e4a8aec,temporal-reasoning,rrf_cards_m11,0.0,0.0,0.0,1.0
gpt4_1e4a8aec,temporal-reasoning,rrf_cards_m13,0.0,0.0,0.0,1.0
gpt4_1e4a8aec,temporal-reasoning,rrf_cards_m17,0.0,0.0,0.0,1.0
gpt4_1e4a8aec,temporal-reasoning,rrf_turn_route,0.0,0.0,0.0,1.0
gpt4_1e4a8aec,temporal-reasoning,dense_session_mean,,,,0.5
gpt4_1e4a8aec,temporal-reasoning,bm25_session,,,,1.0
gpt4_f420262d,temporal-reasoning,turn,0.6666666666666666,0.6666666666666666,0.7039180890341347,1.0
gpt4_f420262d,temporal-reasoning,sentence,0.3333333333333333,1.0,0.5267175784514114,0.8
gpt4_f420262d,temporal-reasoning,cards_hand,0.3333333333333333,1.0,0.7720911544214064,0.8
gpt4_f420262d,temporal-reasoning,pos_hand,0.3333333333333333,1.0,0.5988943393645153,0.8
gpt4_f420262d,temporal-reasoning,cards_m11,0.3333333333333333,0.6666666666666666,0.6105456988825855,0.8
gpt4_f420262d,temporal-reasoning,pos_m11,0.3333333333333333,0.6666666666666666,0.4525081529734507,0.8
gpt4_f420262d,temporal-reasoning,cards_m13,0.3333333333333333,0.6666666666666666,0.6049306994552042,0.8
gpt4_f420262d,temporal-reasoning,pos_m13,0.3333333333333333,0.6666666666666666,0.6105456988825855,0.8
gpt4_f420262d,temporal-reasoning,cards_m17,0.3333333333333333,1.0,0.7613569414627896,0.8
gpt4_f420262d,temporal-reasoning,pos_m17,0.3333333333333333,0.6666666666666666,0.4525081529734507,0.8
gpt4_f420262d,temporal-reasoning,bm25_turn,0.0,0.0,0.0,0.4
gpt4_f420262d,temporal-reasoning,bm25_cards_hand,0.0,0.0,0.0,0.4
gpt4_f420262d,temporal-reasoning,rrf_turn,0.0,0.3333333333333333,0.14126697285982898,1.0
gpt4_f420262d,temporal-reasoning,rrf_sentence,0.0,0.3333333333333333,0.15642624200758548,0.8
gpt4_f420262d,temporal-reasoning,rrf_cards_hand,0.3333333333333333,0.3333333333333333,0.46927872602275644,0.8
gpt4_f420262d,temporal-reasoning,rrf_cards_m11,0.3333333333333333,0.3333333333333333,0.18154179253735267,0.8
gpt4_f420262d,temporal-reasoning,rrf_cards_m13,0.0,0.3333333333333333,0.15642624200758548,0.8
gpt4_f420262d,temporal-reasoning,rrf_cards_m17,0.0,0.3333333333333333,0.15642624200758548,0.8
gpt4_f420262d,temporal-reasoning,rrf_turn_route,0.3333333333333333,0.6666666666666666,0.33775931993299535,0.8
gpt4_f420262d,temporal-reasoning,dense_session_mean,,,,1.0
gpt4_f420262d,temporal-reasoning,bm25_session,,,,0.6
gpt4_59149c78,temporal-reasoning,turn,0.0,0.0,0.0,0.5
gpt4_59149c78,temporal-reasoning,sentence,0.0,0.0,0.0,1.0
gpt4_59149c78,temporal-reasoning,cards_hand,0.0,0.0,0.0,1.0
gpt4_59149c78,temporal-reasoning,pos_hand,0.0,0.0,0.0,1.0
gpt4_59149c78,temporal-reasoning,cards_m11,0.0,0.0,0.0,1.0
gpt4_59149c78,temporal-reasoning,pos_m11,0.0,0.0,0.0,1.0
gpt4_59149c78,temporal-reasoning,cards_m13,0.0,0.0,0.0,1.0
gpt4_59149c78,temporal-reasoning,pos_m13,0.0,0.0,0.0,1.0
gpt4_59149c78,temporal-reasoning,cards_m17,0.0,0.0,0.0,1.0
gpt4_59149c78,temporal-reasoning,pos_m17,0.0,0.0,0.0,1.0
gpt4_59149c78,temporal-reasoning,bm25_turn,0.0,0.0,0.0,0.0
gpt4_59149c78,temporal-reasoning,bm25_cards_hand,0.0,0.0,0.0,0.0
gpt4_59149c78,temporal-reasoning,rrf_turn,0.0,0.0,0.0,0.5
gpt4_59149c78,temporal-reasoning,rrf_sentence,0.0,0.0,0.0,1.0
gpt4_59149c78,temporal-reasoning,rrf_cards_hand,0.0,0.0,0.0,0.5
gpt4_59149c78,temporal-reasoning,rrf_cards_m11,0.0,0.0,0.0,1.0
gpt4_59149c78,temporal-reasoning,rrf_cards_m13,0.0,0.0,0.0,1.0
gpt4_59149c78,temporal-reasoning,rrf_cards_m17,0.0,0.0,0.0,1.0
gpt4_59149c78,temporal-reasoning,rrf_turn_route,0.0,0.0,0.0,0.5
gpt4_59149c78,temporal-reasoning,dense_session_mean,,,,1.0
gpt4_59149c78,temporal-reasoning,bm25_session,,,,0.5
gpt4_e414231f,temporal-reasoning,turn,0.0,0.0,0.0,1.0
gpt4_e414231f,temporal-reasoning,sentence,0.0,0.0,0.0,1.0
gpt4_e414231f,temporal-reasoning,cards_hand,0.0,0.0,0.0,1.0
gpt4_e414231f,temporal-reasoning,pos_hand,0.0,0.0,0.0,1.0
gpt4_e414231f,temporal-reasoning,cards_m11,0.0,0.0,0.0,1.0
gpt4_e414231f,temporal-reasoning,pos_m11,0.0,0.0,0.0,1.0
gpt4_e414231f,temporal-reasoning,cards_m13,0.0,0.0,0.0,1.0
gpt4_e414231f,temporal-reasoning,pos_m13,0.0,0.0,0.0,1.0
gpt4_e414231f,temporal-reasoning,cards_m17,0.0,0.0,0.0,1.0
gpt4_e414231f,temporal-reasoning,pos_m17,0.0,0.0,0.0,1.0
gpt4_e414231f,temporal-reasoning,bm25_turn,1.0,1.0,0.38685280723454163,1.0
gpt4_e414231f,temporal-reasoning,bm25_cards_hand,0.0,1.0,0.3562071871080222,1.0
gpt4_e414231f,temporal-reasoning,rrf_turn,1.0,1.0,0.38685280723454163,1.0
gpt4_e414231f,temporal-reasoning,rrf_sentence,0.0,1.0,0.3562071871080222,1.0
gpt4_e414231f,temporal-reasoning,rrf_cards_hand,1.0,1.0,0.38685280723454163,1.0
gpt4_e414231f,temporal-reasoning,rrf_cards_m11,0.0,1.0,0.3562071871080222,1.0
gpt4_e414231f,temporal-reasoning,rrf_cards_m13,0.0,1.0,0.3562071871080222,1.0
gpt4_e414231f,temporal-reasoning,rrf_cards_m17,0.0,1.0,0.3562071871080222,1.0
gpt4_e414231f,temporal-reasoning,rrf_turn_route,1.0,1.0,0.43067655807339306,1.0
gpt4_e414231f,temporal-reasoning,dense_session_mean,,,,1.0
gpt4_e414231f,temporal-reasoning,bm25_session,,,,1.0
gpt4_4929293b,temporal-reasoning,turn,0.0,0.0,0.0,0.5
gpt4_4929293b,temporal-reasoning,sentence,0.0,0.0,0.0,0.5
gpt4_4929293b,temporal-reasoning,cards_hand,0.0,0.0,0.0,0.5
gpt4_4929293b,temporal-reasoning,pos_hand,0.0,0.0,0.0,0.5
gpt4_4929293b,temporal-reasoning,cards_m11,0.0,0.0,0.0,0.5
gpt4_4929293b,temporal-reasoning,pos_m11,0.0,0.0,0.0,0.5
gpt4_4929293b,temporal-reasoning,cards_m13,0.0,0.0,0.0,0.5
gpt4_4929293b,temporal-reasoning,pos_m13,0.0,0.0,0.0,0.5
gpt4_4929293b,temporal-reasoning,cards_m17,0.0,0.0,0.0,0.5
gpt4_4929293b,temporal-reasoning,pos_m17,0.0,0.0,0.0,0.5
gpt4_4929293b,temporal-reasoning,bm25_turn,0.0,0.0,0.0,0.0
gpt4_4929293b,temporal-reasoning,bm25_cards_hand,0.0,0.0,0.0,0.0
gpt4_4929293b,temporal-reasoning,rrf_turn,0.0,0.0,0.0,0.0
gpt4_4929293b,temporal-reasoning,rrf_sentence,0.0,0.0,0.0,0.5
gpt4_4929293b,temporal-reasoning,rrf_cards_hand,0.0,0.0,0.0,0.0
gpt4_4929293b,temporal-reasoning,rrf_cards_m11,0.0,0.0,0.0,0.5
gpt4_4929293b,temporal-reasoning,rrf_cards_m13,0.0,0.0,0.0,0.5
gpt4_4929293b,temporal-reasoning,rrf_cards_m17,0.0,0.0,0.0,0.5
gpt4_4929293b,temporal-reasoning,rrf_turn_route,0.0,0.0,0.0,0.0
gpt4_4929293b,temporal-reasoning,dense_session_mean,,,,0.5
gpt4_4929293b,temporal-reasoning,bm25_session,,,,0.0
gpt4_468eb064,temporal-reasoning,turn,0.0,0.0,0.0,0.0
gpt4_468eb064,temporal-reasoning,sentence,1.0,1.0,0.6309297535714575,1.0
gpt4_468eb064,temporal-reasoning,cards_hand,0.0,0.0,0.0,0.0
gpt4_468eb064,temporal-reasoning,pos_hand,0.0,0.0,0.0,0.0
gpt4_468eb064,temporal-reasoning,cards_m11,1.0,1.0,0.6309297535714575,1.0
gpt4_468eb064,temporal-reasoning,pos_m11,1.0,1.0,0.6309297535714575,1.0
gpt4_468eb064,temporal-reasoning,cards_m13,0.0,0.0,0.0,0.0
gpt4_468eb064,temporal-reasoning,pos_m13,0.0,0.0,0.0,0.0
gpt4_468eb064,temporal-reasoning,cards_m17,1.0,1.0,0.43067655807339306,1.0
gpt4_468eb064,temporal-reasoning,pos_m17,1.0,1.0,0.6309297535714575,1.0
gpt4_468eb064,temporal-reasoning,bm25_turn,1.0,1.0,1.0,1.0
gpt4_468eb064,temporal-reasoning,bm25_cards_hand,0.0,0.0,0.0,0.0
gpt4_468eb064,temporal-reasoning,rrf_turn,1.0,1.0,0.43067655807339306,1.0
gpt4_468eb064,temporal-reasoning,rrf_sentence,1.0,1.0,1.0,1.0
gpt4_468eb064,temporal-reasoning,rrf_cards_hand,1.0,1.0,0.43067655807339306,1.0
gpt4_468eb064,temporal-reasoning,rrf_cards_m11,1.0,1.0,1.0,1.0
gpt4_468eb064,temporal-reasoning,rrf_cards_m13,1.0,1.0,0.38685280723454163,1.0
gpt4_468eb064,temporal-reasoning,rrf_cards_m17,1.0,1.0,1.0,1.0
gpt4_468eb064,temporal-reasoning,rrf_turn_route,1.0,1.0,1.0,1.0
gpt4_468eb064,temporal-reasoning,dense_session_mean,,,,0.0
gpt4_468eb064,temporal-reasoning,bm25_session,,,,0.0
gpt4_fa19884d,temporal-reasoning,turn,0.0,1.0,0.2890648263178879,1.0
gpt4_fa19884d,temporal-reasoning,sentence,0.0,0.0,0.0,1.0
gpt4_fa19884d,temporal-reasoning,cards_hand,0.0,1.0,0.3010299956639812,1.0
gpt4_fa19884d,temporal-reasoning,pos_hand,0.0,1.0,0.3333333333333333,1.0
gpt4_fa19884d,temporal-reasoning,cards_m11,0.0,1.0,0.3010299956639812,1.0
gpt4_fa19884d,temporal-reasoning,pos_m11,0.0,1.0,0.3562071871080222,1.0
gpt4_fa19884d,temporal-reasoning,cards_m13,0.0,1.0,0.31546487678572877,1.0
gpt4_fa19884d,temporal-reasoning,pos_m13,0.0,1.0,0.31546487678572877,1.0
gpt4_fa19884d,temporal-reasoning,cards_m17,0.0,1.0,0.31546487678572877,1.0
gpt4_fa19884d,temporal-reasoning,pos_m17,0.0,1.0,0.31546487678572877,1.0
gpt4_fa19884d,temporal-reasoning,bm25_turn,0.0,0.0,0.0,0.5
gpt4_fa19884d,temporal-reasoning,bm25_cards_hand,0.0,1.0,0.3010299956639812,0.5
gpt4_fa19884d,temporal-reasoning,rrf_turn,0.0,1.0,0.3333333333333333,1.0
gpt4_fa19884d,temporal-reasoning,rrf_sentence,0.0,1.0,0.2890648263178879,1.0
gpt4_fa19884d,temporal-reasoning,rrf_cards_hand,1.0,1.0,0.6309297535714575,1.0
gpt4_fa19884d,temporal-reasoning,rrf_cards_m11,0.0,1.0,0.3562071871080222,1.0
gpt4_fa19884d,temporal-reasoning,rrf_cards_m13,0.0,1.0,0.3562071871080222,1.0
gpt4_fa19884d,temporal-reasoning,rrf_cards_m17,0.0,1.0,0.3562071871080222,1.0
gpt4_fa19884d,temporal-reasoning,rrf_turn_route,1.0,1.0,0.5,1.0
gpt4_fa19884d,temporal-reasoning,dense_session_mean,,,,1.0
gpt4_fa19884d,temporal-reasoning,bm25_session,,,,1.0
9a707b82,temporal-reasoning,turn,0.0,0.0,0.0,1.0
9a707b82,temporal-reasoning,sentence,0.0,1.0,0.3333333333333333,0.5
9a707b82,temporal-reasoning,cards_hand,0.0,1.0,0.31546487678572877,0.5
9a707b82,temporal-reasoning,pos_hand,0.0,1.0,0.3562071871080222,0.5
9a707b82,temporal-reasoning,cards_m11,0.0,1.0,0.3333333333333333,0.5
9a707b82,temporal-reasoning,pos_m11,1.0,1.0,0.43067655807339306,0.5
9a707b82,temporal-reasoning,cards_m13,0.0,1.0,0.3333333333333333,0.5
9a707b82,temporal-reasoning,pos_m13,0.0,1.0,0.31546487678572877,0.5
9a707b82,temporal-reasoning,cards_m17,0.0,1.0,0.3333333333333333,0.5
9a707b82,temporal-reasoning,pos_m17,0.0,1.0,0.3562071871080222,0.5
9a707b82,temporal-reasoning,bm25_turn,0.0,0.0,0.0,0.0
9a707b82,temporal-reasoning,bm25_cards_hand,1.0,1.0,0.43067655807339306,0.5
9a707b82,temporal-reasoning,rrf_turn,0.0,0.0,0.0,0.5
9a707b82,temporal-reasoning,rrf_sentence,1.0,1.0,0.43067655807339306,0.5
9a707b82,temporal-reasoning,rrf_cards_hand,1.0,1.0,1.0,1.0
9a707b82,temporal-reasoning,rrf_cards_m11,1.0,1.0,0.43067655807339306,0.5
9a707b82,temporal-reasoning,rrf_cards_m13,1.0,1.0,0.43067655807339306,0.5
9a707b82,temporal-reasoning,rrf_cards_m17,1.0,1.0,0.43067655807339306,0.5
9a707b82,temporal-reasoning,rrf_turn_route,0.0,0.0,0.0,0.5
9a707b82,temporal-reasoning,dense_session_mean,,,,0.5
9a707b82,temporal-reasoning,bm25_session,,,,0.5
eac54add,temporal-reasoning,turn,0.0,0.0,0.0,0.5
eac54add,temporal-reasoning,sentence,0.0,0.0,0.0,0.0
eac54add,temporal-reasoning,cards_hand,0.0,0.0,0.0,0.0
eac54add,temporal-reasoning,pos_hand,0.0,0.0,0.0,0.0
eac54add,temporal-reasoning,cards_m11,0.0,0.0,0.0,0.0
eac54add,temporal-reasoning,pos_m11,0.0,0.0,0.0,0.0
eac54add,temporal-reasoning,cards_m13,0.0,0.0,0.0,0.0
eac54add,temporal-reasoning,pos_m13,0.0,0.0,0.0,0.0
eac54add,temporal-reasoning,cards_m17,0.0,0.0,0.0,0.0
eac54add,temporal-reasoning,pos_m17,0.0,0.0,0.0,0.0
eac54add,temporal-reasoning,bm25_turn,0.0,0.0,0.0,0.0
eac54add,temporal-reasoning,bm25_cards_hand,0.0,0.0,0.0,0.0
eac54add,temporal-reasoning,rrf_turn,0.0,0.0,0.0,0.5
eac54add,temporal-reasoning,rrf_sentence,0.0,0.0,0.0,0.5
eac54add,temporal-reasoning,rrf_cards_hand,0.0,0.0,0.0,0.5
eac54add,temporal-reasoning,rrf_cards_m11,0.0,0.0,0.0,0.5
eac54add,temporal-reasoning,rrf_cards_m13,0.0,0.0,0.0,0.5
eac54add,temporal-reasoning,rrf_cards_m17,0.0,0.0,0.0,0.5
eac54add,temporal-reasoning,rrf_turn_route,0.0,0.0,0.0,0.5
eac54add,temporal-reasoning,dense_session_mean,,,,0.0
eac54add,temporal-reasoning,bm25_session,,,,0.0
4dfccbf8,temporal-reasoning,turn,0.0,0.0,0.0,0.0
4dfccbf8,temporal-reasoning,sentence,1.0,1.0,1.0,0.5
4dfccbf8,temporal-reasoning,cards_hand,0.0,0.0,0.0,0.5
4dfccbf8,temporal-reasoning,pos_hand,0.0,0.0,0.0,0.5
4dfccbf8,temporal-reasoning,cards_m11,1.0,1.0,1.0,0.5
4dfccbf8,temporal-reasoning,pos_m11,1.0,1.0,1.0,0.5
4dfccbf8,temporal-reasoning,cards_m13,0.0,0.0,0.0,0.5
4dfccbf8,temporal-reasoning,pos_m13,0.0,0.0,0.0,0.5
4dfccbf8,temporal-reasoning,cards_m17,1.0,1.0,1.0,0.5
4dfccbf8,temporal-reasoning,pos_m17,1.0,1.0,1.0,0.5
4dfccbf8,temporal-reasoning,bm25_turn,0.0,0.0,0.0,0.0
4dfccbf8,temporal-reasoning,bm25_cards_hand,0.0,0.0,0.0,0.0
4dfccbf8,temporal-reasoning,rrf_turn,0.0,1.0,0.3562071871080222,0.5
4dfccbf8,temporal-reasoning,rrf_sentence,1.0,1.0,1.0,0.5
4dfccbf8,temporal-reasoning,rrf_cards_hand,0.0,1.0,0.31546487678572877,0.5
4dfccbf8,temporal-reasoning,rrf_cards_m11,1.0,1.0,1.0,0.5
4dfccbf8,temporal-reasoning,rrf_cards_m13,0.0,0.0,0.0,0.5
4dfccbf8,temporal-reasoning,rrf_cards_m17,1.0,1.0,1.0,0.5
4dfccbf8,temporal-reasoning,rrf_turn_route,1.0,1.0,0.43067655807339306,0.5
4dfccbf8,temporal-reasoning,dense_session_mean,,,,0.0
4dfccbf8,temporal-reasoning,bm25_session,,,,0.5
0bc8ad93,temporal-reasoning,turn,0.0,0.0,0.0,1.0
0bc8ad93,temporal-reasoning,sentence,0.0,0.0,0.0,0.6666666666666666
0bc8ad93,temporal-reasoning,cards_hand,0.0,0.0,0.0,0.6666666666666666
0bc8ad93,temporal-reasoning,pos_hand,0.0,0.0,0.0,0.6666666666666666
0bc8ad93,temporal-reasoning,cards_m11,0.0,0.0,0.0,0.6666666666666666
0bc8ad93,temporal-reasoning,pos_m11,0.0,0.0,0.0,0.6666666666666666
0bc8ad93,temporal-reasoning,cards_m13,0.0,0.0,0.0,0.6666666666666666
0bc8ad93,temporal-reasoning,pos_m13,0.0,0.0,0.0,0.6666666666666666
0bc8ad93,temporal-reasoning,cards_m17,0.0,0.0,0.0,0.6666666666666666
0bc8ad93,temporal-reasoning,pos_m17,0.0,0.0,0.0,0.6666666666666666
0bc8ad93,temporal-reasoning,bm25_turn,0.0,1.0,0.3333333333333333,0.6666666666666666
0bc8ad93,temporal-reasoning,bm25_cards_hand,0.0,0.0,0.0,1.0
0bc8ad93,temporal-reasoning,rrf_turn,0.0,0.0,0.0,1.0
0bc8ad93,temporal-reasoning,rrf_sentence,0.0,0.0,0.0,1.0
0bc8ad93,temporal-reasoning,rrf_cards_hand,0.0,0.0,0.0,1.0
0bc8ad93,temporal-reasoning,rrf_cards_m11,0.0,0.0,0.0,1.0
0bc8ad93,temporal-reasoning,rrf_cards_m13,0.0,0.0,0.0,1.0
0bc8ad93,temporal-reasoning,rrf_cards_m17,0.0,0.0,0.0,1.0
0bc8ad93,temporal-reasoning,rrf_turn_route,0.0,0.0,0.0,1.0
0bc8ad93,temporal-reasoning,dense_session_mean,,,,1.0
0bc8ad93,temporal-reasoning,bm25_session,,,,1.0
6e984302,temporal-reasoning,turn,0.0,0.0,0.0,0.5
6e984302,temporal-reasoning,sentence,0.0,0.0,0.0,0.0
6e984302,temporal-reasoning,cards_hand,0.0,0.0,0.0,0.0
6e984302,temporal-reasoning,pos_hand,0.0,0.0,0.0,0.0
6e984302,temporal-reasoning,cards_m11,0.0,0.0,0.0,0.0
6e984302,temporal-reasoning,pos_m11,0.0,0.0,0.0,0.0
6e984302,temporal-reasoning,cards_m13,0.0,0.0,0.0,0.0
6e984302,temporal-reasoning,pos_m13,0.0,0.0,0.0,0.0
6e984302,temporal-reasoning,cards_m17,0.0,0.0,0.0,0.0
6e984302,temporal-reasoning,pos_m17,0.0,0.0,0.0,0.0
6e984302,temporal-reasoning,bm25_turn,0.0,0.0,0.0,0.5
6e984302,temporal-reasoning,bm25_cards_hand,0.0,0.0,0.0,0.0
6e984302,temporal-reasoning,rrf_turn,0.0,0.0,0.0,1.0
6e984302,temporal-reasoning,rrf_sentence,0.0,0.0,0.0,0.5
6e984302,temporal-reasoning,rrf_cards_hand,0.0,0.0,0.0,0.5
6e984302,temporal-reasoning,rrf_cards_m11,0.0,0.0,0.0,0.0
6e984302,temporal-reasoning,rrf_cards_m13,0.0,0.0,0.0,0.0
6e984302,temporal-reasoning,rrf_cards_m17,0.0,0.0,0.0,0.5
6e984302,temporal-reasoning,rrf_turn_route,0.0,0.0,0.0,1.0
6e984302,temporal-reasoning,dense_session_mean,,,,0.0
6e984302,temporal-reasoning,bm25_session,,,,0.5
gpt4_8279ba03,temporal-reasoning,turn,0.0,0.0,0.0,0.0
gpt4_8279ba03,temporal-reasoning,sentence,1.0,1.0,1.0,1.0
gpt4_8279ba03,temporal-reasoning,cards_hand,1.0,1.0,1.0,1.0
gpt4_8279ba03,temporal-reasoning,pos_hand,1.0,1.0,1.0,1.0
gpt4_8279ba03,temporal-reasoning,cards_m11,1.0,1.0,1.0,1.0
gpt4_8279ba03,temporal-reasoning,pos_m11,1.0,1.0,1.0,1.0
gpt4_8279ba03,temporal-reasoning,cards_m13,1.0,1.0,0.5,1.0
gpt4_8279ba03,temporal-reasoning,pos_m13,1.0,1.0,0.5,1.0
gpt4_8279ba03,temporal-reasoning,cards_m17,1.0,1.0,1.0,1.0
gpt4_8279ba03,temporal-reasoning,pos_m17,1.0,1.0,1.0,1.0
gpt4_8279ba03,temporal-reasoning,bm25_turn,0.0,0.0,0.0,0.0
gpt4_8279ba03,temporal-reasoning,bm25_cards_hand,0.0,0.0,0.0,0.0
gpt4_8279ba03,temporal-reasoning,rrf_turn,0.0,0.0,0.0,0.0
gpt4_8279ba03,temporal-reasoning,rrf_sentence,0.0,0.0,0.0,0.0
gpt4_8279ba03,temporal-reasoning,rrf_cards_hand,0.0,0.0,0.0,0.0
gpt4_8279ba03,temporal-reasoning,rrf_cards_m11,0.0,0.0,0.0,0.0
gpt4_8279ba03,temporal-reasoning,rrf_cards_m13,0.0,0.0,0.0,0.0
gpt4_8279ba03,temporal-reasoning,rrf_cards_m17,0.0,0.0,0.0,0.0
gpt4_8279ba03,temporal-reasoning,rrf_turn_route,0.0,0.0,0.0,0.0
gpt4_8279ba03,temporal-reasoning,dense_session_mean,,,,1.0
gpt4_8279ba03,temporal-reasoning,bm25_session,,,,0.0
gpt4_b5700ca0,temporal-reasoning,turn,1.0,1.0,1.0,1.0
gpt4_b5700ca0,temporal-reasoning,sentence,1.0,1.0,1.0,1.0
gpt4_b5700ca0,temporal-reasoning,cards_hand,1.0,1.0,1.0,1.0
gpt4_b5700ca0,temporal-reasoning,pos_hand,1.0,1.0,1.0,1.0
gpt4_b5700ca0,temporal-reasoning,cards_m11,1.0,1.0,1.0,1.0
gpt4_b5700ca0,temporal-reasoning,pos_m11,1.0,1.0,1.0,1.0
gpt4_b5700ca0,temporal-reasoning,cards_m13,1.0,1.0,1.0,1.0
gpt4_b5700ca0,temporal-reasoning,pos_m13,1.0,1.0,1.0,1.0
gpt4_b5700ca0,temporal-reasoning,cards_m17,1.0,1.0,1.0,1.0
gpt4_b5700ca0,temporal-reasoning,pos_m17,1.0,1.0,1.0,1.0
gpt4_b5700ca0,temporal-reasoning,bm25_turn,0.0,0.0,0.0,1.0
gpt4_b5700ca0,temporal-reasoning,bm25_cards_hand,0.0,0.0,0.0,1.0
gpt4_b5700ca0,temporal-reasoning,rrf_turn,1.0,1.0,0.38685280723454163,1.0
gpt4_b5700ca0,temporal-reasoning,rrf_sentence,0.0,1.0,0.3562071871080222,1.0
gpt4_b5700ca0,temporal-reasoning,rrf_cards_hand,1.0,1.0,0.43067655807339306,1.0
gpt4_b5700ca0,temporal-reasoning,rrf_cards_m11,0.0,1.0,0.3562071871080222,1.0
gpt4_b5700ca0,temporal-reasoning,rrf_cards_m13,0.0,1.0,0.3562071871080222,1.0
gpt4_b5700ca0,temporal-reasoning,rrf_cards_m17,0.0,1.0,0.3562071871080222,1.0
gpt4_b5700ca0,temporal-reasoning,rrf_turn_route,1.0,1.0,0.6309297535714575,1.0
gpt4_b5700ca0,temporal-reasoning,dense_session_mean,,,,1.0
gpt4_b5700ca0,temporal-reasoning,bm25_session,,,,1.0
gpt4_68e94288,temporal-reasoning,turn,0.0,0.0,0.0,0.5
gpt4_68e94288,temporal-reasoning,sentence,0.0,1.0,0.2890648263178879,0.5
gpt4_68e94288,temporal-reasoning,cards_hand,0.0,0.0,0.0,0.0
gpt4_68e94288,temporal-reasoning,pos_hand,0.0,0.0,0.0,0.0
gpt4_68e94288,temporal-reasoning,cards_m11,0.0,0.0,0.0,0.0
gpt4_68e94288,temporal-reasoning,pos_m11,0.0,0.0,0.0,0.0
gpt4_68e94288,temporal-reasoning,cards_m13,0.0,1.0,0.2890648263178879,0.5
gpt4_68e94288,temporal-reasoning,pos_m13,0.0,0.0,0.0,0.5
gpt4_68e94288,temporal-reasoning,cards_m17,0.0,0.0,0.0,0.0
gpt4_68e94288,temporal-reasoning,pos_m17,0.0,0.0,0.0,0.0
gpt4_68e94288,temporal-reasoning,bm25_turn,0.0,0.0,0.0,0.5
gpt4_68e94288,temporal-reasoning,bm25_cards_hand,0.0,0.0,0.0,0.5
gpt4_68e94288,temporal-reasoning,rrf_turn,0.0,0.0,0.0,0.5
gpt4_68e94288,temporal-reasoning,rrf_sentence,0.0,0.0,0.0,0.5
gpt4_68e94288,temporal-reasoning,rrf_cards_hand,0.0,0.0,0.0,0.5
gpt4_68e94288,temporal-reasoning,rrf_cards_m11,0.0,0.0,0.0,0.5
gpt4_68e94288,temporal-reasoning,rrf_cards_m13,0.0,0.0,0.0,0.5
gpt4_68e94288,temporal-reasoning,rrf_cards_m17,0.0,0.0,0.0,0.5
gpt4_68e94288,temporal-reasoning,rrf_turn_route,0.0,0.0,0.0,0.5
gpt4_68e94288,temporal-reasoning,dense_session_mean,,,,0.0
gpt4_68e94288,temporal-reasoning,bm25_session,,,,0.5
gpt4_2655b836,temporal-reasoning,turn,1.0,1.0,1.0,1.0
gpt4_2655b836,temporal-reasoning,sentence,1.0,1.0,0.9197207891481876,1.0
gpt4_2655b836,temporal-reasoning,cards_hand,1.0,1.0,0.9197207891481876,1.0
gpt4_2655b836,temporal-reasoning,pos_hand,1.0,1.0,0.9197207891481876,1.0
gpt4_2655b836,temporal-reasoning,cards_m11,1.0,1.0,0.9197207891481876,1.0
gpt4_2655b836,temporal-reasoning,pos_m11,1.0,1.0,1.0,1.0
gpt4_2655b836,temporal-reasoning,cards_m13,1.0,1.0,0.9197207891481876,1.0
gpt4_2655b836,temporal-reasoning,pos_m13,1.0,1.0,1.0,1.0
gpt4_2655b836,temporal-reasoning,cards_m17,1.0,1.0,1.0,1.0
gpt4_2655b836,temporal-reasoning,pos_m17,1.0,1.0,0.9197207891481876,1.0
gpt4_2655b836,temporal-reasoning,bm25_turn,1.0,1.0,1.0,1.0
gpt4_2655b836,temporal-reasoning,bm25_cards_hand,1.0,1.0,1.0,0.6666666666666666
gpt4_2655b836,temporal-reasoning,rrf_turn,1.0,1.0,1.0,1.0
gpt4_2655b836,temporal-reasoning,rrf_sentence,1.0,1.0,1.0,1.0
gpt4_2655b836,temporal-reasoning,rrf_cards_hand,1.0,1.0,1.0,1.0
gpt4_2655b836,temporal-reasoning,rrf_cards_m11,1.0,1.0,1.0,1.0
gpt4_2655b836,temporal-reasoning,rrf_cards_m13,1.0,1.0,1.0,1.0
gpt4_2655b836,temporal-reasoning,rrf_cards_m17,1.0,1.0,1.0,1.0
gpt4_2655b836,temporal-reasoning,rrf_turn_route,1.0,1.0,1.0,1.0
gpt4_2655b836,temporal-reasoning,dense_session_mean,,,,1.0
gpt4_2655b836,temporal-reasoning,bm25_session,,,,1.0
gpt4_2487a7cb,temporal-reasoning,turn,0.5,0.5,0.6131471927654584,1.0
gpt4_2487a7cb,temporal-reasoning,sentence,1.0,1.0,0.9197207891481876,1.0
gpt4_2487a7cb,temporal-reasoning,cards_hand,1.0,1.0,0.9197207891481876,1.0
gpt4_2487a7cb,temporal-reasoning,pos_hand,1.0,1.0,0.6240505200038379,1.0
gpt4_2487a7cb,temporal-reasoning,cards_m11,1.0,1.0,0.6509209298071326,1.0
gpt4_2487a7cb,temporal-reasoning,pos_m11,1.0,1.0,0.6240505200038379,1.0
gpt4_2487a7cb,temporal-reasoning,cards_m13,0.5,0.5,0.6131471927654584,1.0
gpt4_2487a7cb,temporal-reasoning,pos_m13,0.5,0.5,0.6131471927654584,1.0
gpt4_2487a7cb,temporal-reasoning,cards_m17,0.5,1.0,0.45749452618986164,1.0
gpt4_2487a7cb,temporal-reasoning,pos_m17,0.5,1.0,0.45749452618986164,1.0
gpt4_2487a7cb,temporal-reasoning,bm25_turn,1.0,1.0,0.8503449055347546,1.0
gpt4_2487a7cb,temporal-reasoning,bm25_cards_hand,1.0,1.0,0.9197207891481876,1.0
gpt4_2487a7cb,temporal-reasoning,rrf_turn,1.0,1.0,0.8772153153380493,1.0
gpt4_2487a7cb,temporal-reasoning,rrf_sentence,1.0,1.0,1.0,1.0
gpt4_2487a7cb,temporal-reasoning,rrf_cards_hand,1.0,1.0,1.0,1.0
gpt4_2487a7cb,temporal-reasoning,rrf_cards_m11,1.0,1.0,0.9197207891481876,1.0
gpt4_2487a7cb,temporal-reasoning,rrf_cards_m13,1.0,1.0,0.8772153153380493,1.0
gpt4_2487a7cb,temporal-reasoning,rrf_cards_m17,1.0,1.0,0.6934264036172708,1.0
gpt4_2487a7cb,temporal-reasoning,rrf_turn_route,1.0,1.0,0.9197207891481876,1.0
gpt4_2487a7cb,temporal-reasoning,dense_session_mean,,,,0.5
gpt4_2487a7cb,temporal-reasoning,bm25_session,,,,1.0
gpt4_76048e76,temporal-reasoning,turn,0.5,0.5,0.2640681225725909,1.0
gpt4_76048e76,temporal-reasoning,sentence,0.5,0.5,0.23719771276929622,1.0
gpt4_76048e76,temporal-reasoning,cards_hand,0.5,0.5,0.23719771276929622,1.0
gpt4_76048e76,temporal-reasoning,pos_hand,0.0,0.5,0.21840743681816419,1.0
gpt4_76048e76,temporal-reasoning,cards_m11,0.5,0.5,0.2640681225725909,1.0
gpt4_76048e76,temporal-reasoning,pos_m11,0.0,0.5,0.21840743681816419,1.0
gpt4_76048e76,temporal-reasoning,cards_m13,0.0,0.5,0.21840743681816419,1.0
gpt4_76048e76,temporal-reasoning,pos_m13,0.0,0.5,0.20438239758848611,1.0
gpt4_76048e76,temporal-reasoning,cards_m17,0.5,0.5,0.2640681225725909,1.0
gpt4_76048e76,temporal-reasoning,pos_m17,0.0,0.5,0.21840743681816419,1.0
gpt4_76048e76,temporal-reasoning,bm25_turn,0.5,1.0,0.8065735963827293,1.0
gpt4_76048e76,temporal-reasoning,bm25_cards_hand,0.5,0.5,0.6131471927654584,1.0
gpt4_76048e76,temporal-reasoning,rrf_turn,0.5,0.5,0.6131471927654584,1.0
gpt4_76048e76,temporal-reasoning,rrf_sentence,0.5,1.0,0.5912352048230277,1.0
gpt4_76048e76,temporal-reasoning,rrf_cards_hand,0.5,0.5,0.38685280723454163,1.0
gpt4_76048e76,temporal-reasoning,rrf_cards_m11,0.5,1.0,0.5802792108518124,1.0
gpt4_76048e76,temporal-reasoning,rrf_cards_m13,0.5,1.0,0.5109559939712153,1.0
gpt4_76048e76,temporal-reasoning,rrf_cards_m17,0.5,1.0,0.5912352048230277,1.0
gpt4_76048e76,temporal-reasoning,rrf_turn_route,0.5,1.0,0.8175295903539445,1.0
gpt4_76048e76,temporal-reasoning,dense_session_mean,,,,1.0
gpt4_76048e76,temporal-reasoning,bm25_session,,,,1.0
gpt4_2312f94c,temporal-reasoning,turn,1.0,1.0,0.6240505200038379,1.0
gpt4_2312f94c,temporal-reasoning,sentence,1.0,1.0,1.0,1.0
gpt4_2312f94c,temporal-reasoning,cards_hand,1.0,1.0,1.0,1.0
gpt4_2312f94c,temporal-reasoning,pos_hand,1.0,1.0,0.8772153153380493,1.0
gpt4_2312f94c,temporal-reasoning,cards_m11,1.0,1.0,1.0,1.0
gpt4_2312f94c,temporal-reasoning,pos_m11,1.0,1.0,0.8772153153380493,1.0
gpt4_2312f94c,temporal-reasoning,cards_m13,0.5,1.0,0.5912352048230277,1.0
gpt4_2312f94c,temporal-reasoning,pos_m13,0.5,1.0,0.5912352048230277,1.0
gpt4_2312f94c,temporal-reasoning,cards_m17,1.0,1.0,0.9197207891481876,1.0
gpt4_2312f94c,temporal-reasoning,pos_m17,1.0,1.0,0.9197207891481876,1.0
gpt4_2312f94c,temporal-reasoning,bm25_turn,1.0,1.0,0.8772153153380493,1.0
gpt4_2312f94c,temporal-reasoning,bm25_cards_hand,1.0,1.0,0.6934264036172708,1.0
gpt4_2312f94c,temporal-reasoning,rrf_turn,1.0,1.0,0.8772153153380493,1.0
gpt4_2312f94c,temporal-reasoning,rrf_sentence,1.0,1.0,1.0,1.0
gpt4_2312f94c,temporal-reasoning,rrf_cards_hand,1.0,1.0,0.9197207891481876,1.0
gpt4_2312f94c,temporal-reasoning,rrf_cards_m11,1.0,1.0,1.0,1.0
gpt4_2312f94c,temporal-reasoning,rrf_cards_m13,1.0,1.0,0.8503449055347546,1.0
gpt4_2312f94c,temporal-reasoning,rrf_cards_m17,1.0,1.0,1.0,1.0
gpt4_2312f94c,temporal-reasoning,rrf_turn_route,1.0,1.0,1.0,1.0
gpt4_2312f94c,temporal-reasoning,dense_session_mean,,,,1.0
gpt4_2312f94c,temporal-reasoning,bm25_session,,,,1.0
0bb5a684,temporal-reasoning,turn,1.0,1.0,0.9197207891481876,1.0
0bb5a684,temporal-reasoning,sentence,1.0,1.0,0.6240505200038379,1.0
0bb5a684,temporal-reasoning,cards_hand,1.0,1.0,0.6509209298071326,1.0
0bb5a684,temporal-reasoning,pos_hand,1.0,1.0,0.6509209298071326,1.0
0bb5a684,temporal-reasoning,cards_m11,1.0,1.0,0.6509209298071326,1.0
0bb5a684,temporal-reasoning,pos_m11,1.0,1.0,0.6509209298071326,1.0
0bb5a684,temporal-reasoning,cards_m13,0.5,1.0,0.5912352048230277,1.0
0bb5a684,temporal-reasoning,pos_m13,0.5,1.0,0.5802792108518124,1.0
0bb5a684,temporal-reasoning,cards_m17,1.0,1.0,0.6240505200038379,1.0
0bb5a684,temporal-reasoning,pos_m17,1.0,1.0,0.6240505200038379,1.0
0bb5a684,temporal-reasoning,bm25_turn,0.5,1.0,0.8175295903539445,1.0
0bb5a684,temporal-reasoning,bm25_cards_hand,0.5,1.0,0.8175295903539445,1.0
0bb5a684,temporal-reasoning,rrf_turn,0.5,1.0,0.8315546295836225,1.0
0bb5a684,temporal-reasoning,rrf_sentence,0.5,1.0,0.8315546295836225,1.0
0bb5a684,temporal-reasoning,rrf_cards_hand,1.0,1.0,0.8503449055347546,1.0
0bb5a684,temporal-reasoning,rrf_cards_m11,0.5,1.0,0.8315546295836225,1.0
0bb5a684,temporal-reasoning,rrf_cards_m13,0.5,1.0,0.8175295903539445,1.0
0bb5a684,temporal-reasoning,rrf_cards_m17,0.5,1.0,0.8315546295836225,1.0
0bb5a684,temporal-reasoning,rrf_turn_route,1.0,1.0,0.8503449055347546,1.0
0bb5a684,temporal-reasoning,dense_session_mean,,,,1.0
0bb5a684,temporal-reasoning,bm25_session,,,,1.0
08f4fc43,temporal-reasoning,turn,1.0,1.0,0.6240505200038379,1.0
08f4fc43,temporal-reasoning,sentence,1.0,1.0,1.0,1.0
08f4fc43,temporal-reasoning,cards_hand,1.0,1.0,1.0,1.0
08f4fc43,temporal-reasoning,pos_hand,1.0,1.0,1.0,1.0
08f4fc43,temporal-reasoning,cards_m11,1.0,1.0,0.9197207891481876,1.0
08f4fc43,temporal-reasoning,pos_m11,1.0,1.0,0.8772153153380493,1.0
08f4fc43,temporal-reasoning,cards_m13,1.0,1.0,0.8772153153380493,1.0
08f4fc43,temporal-reasoning,pos_m13,1.0,1.0,1.0,1.0
08f4fc43,temporal-reasoning,cards_m17,1.0,1.0,1.0,1.0
08f4fc43,temporal-reasoning,pos_m17,1.0,1.0,1.0,1.0
08f4fc43,temporal-reasoning,bm25_turn,1.0,1.0,1.0,1.0
08f4fc43,temporal-reasoning,bm25_cards_hand,1.0,1.0,1.0,1.0
08f4fc43,temporal-reasoning,rrf_turn,1.0,1.0,0.6934264036172708,1.0
08f4fc43,temporal-reasoning,rrf_sentence,1.0,1.0,1.0,1.0
08f4fc43,temporal-reasoning,rrf_cards_hand,1.0,1.0,1.0,1.0
08f4fc43,temporal-reasoning,rrf_cards_m11,1.0,1.0,1.0,1.0
08f4fc43,temporal-reasoning,rrf_cards_m13,1.0,1.0,1.0,1.0
08f4fc43,temporal-reasoning,rrf_cards_m17,1.0,1.0,1.0,1.0
08f4fc43,temporal-reasoning,rrf_turn_route,1.0,1.0,0.6934264036172708,1.0
08f4fc43,temporal-reasoning,dense_session_mean,,,,1.0
08f4fc43,temporal-reasoning,bm25_session,,,,1.0
2c63a862,temporal-reasoning,turn,0.5,1.0,0.44130740935663865,1.0
2c63a862,temporal-reasoning,sentence,0.5,0.5,0.23719771276929622,1.0
2c63a862,temporal-reasoning,cards_hand,0.5,0.5,0.2640681225725909,1.0
2c63a862,temporal-reasoning,pos_hand,0.5,0.5,0.2640681225725909,1.0
2c63a862,temporal-reasoning,cards_m11,0.5,0.5,0.2640681225725909,1.0
2c63a862,temporal-reasoning,pos_m11,0.5,0.5,0.2640681225725909,1.0
2c63a862,temporal-reasoning,cards_m13,0.5,0.5,0.2640681225725909,1.0
2c63a862,temporal-reasoning,pos_m13,0.5,0.5,0.2640681225725909,1.0
2c63a862,temporal-reasoning,cards_m17,0.5,0.5,0.2640681225725909,1.0
2c63a862,temporal-reasoning,pos_m17,0.5,0.5,0.2640681225725909,1.0
2c63a862,temporal-reasoning,bm25_turn,0.0,0.0,0.0,1.0
2c63a862,temporal-reasoning,bm25_cards_hand,0.0,0.0,0.0,0.5
2c63a862,temporal-reasoning,rrf_turn,0.0,0.5,0.20438239758848611,1.0
2c63a862,temporal-reasoning,rrf_sentence,0.0,0.5,0.18457569677956817,1.0
2c63a862,temporal-reasoning,rrf_cards_hand,0.0,0.0,0.0,1.0
2c63a862,temporal-reasoning,rrf_cards_m11,0.0,0.5,0.18457569677956817,1.0
2c63a862,temporal-reasoning,rrf_cards_m13,0.0,0.5,0.18457569677956817,1.0
2c63a862,temporal-reasoning,rrf_cards_m17,0.0,0.0,0.0,1.0
2c63a862,temporal-reasoning,rrf_turn_route,0.5,1.0,0.5249810332008933,1.0
2c63a862,temporal-reasoning,dense_session_mean,,,,1.0
2c63a862,temporal-reasoning,bm25_session,,,,1.0
gpt4_385a5000,temporal-reasoning,turn,0.5,0.5,0.2640681225725909,1.0
gpt4_385a5000,temporal-reasoning,sentence,0.5,1.0,0.8175295903539445,1.0
gpt4_385a5000,temporal-reasoning,cards_hand,0.5,1.0,0.7977228895450266,1.0
gpt4_385a5000,temporal-reasoning,pos_hand,0.5,1.0,0.7977228895450266,1.0
gpt4_385a5000,temporal-reasoning,cards_m11,0.5,1.0,0.8175295903539445,1.0
gpt4_385a5000,temporal-reasoning,pos_m11,0.5,1.0,0.8175295903539445,1.0
gpt4_385a5000,temporal-reasoning,cards_m13,0.5,1.0,0.8065735963827293,1.0
gpt4_385a5000,temporal-reasoning,pos_m13,0.5,1.0,0.8065735963827293,1.0
gpt4_385a5000,temporal-reasoning,cards_m17,0.5,1.0,0.8175295903539445,1.0
gpt4_385a5000,temporal-reasoning,pos_m17,0.5,1.0,0.8175295903539445,1.0
gpt4_385a5000,temporal-reasoning,bm25_turn,1.0,1.0,0.6934264036172708,1.0
gpt4_385a5000,temporal-reasoning,bm25_cards_hand,0.5,1.0,0.8315546295836225,1.0
gpt4_385a5000,temporal-reasoning,rrf_turn,1.0,1.0,0.6509209298071326,1.0
gpt4_385a5000,temporal-reasoning,rrf_sentence,1.0,1.0,0.6934264036172708,1.0
gpt4_385a5000,temporal-reasoning,rrf_cards_hand,1.0,1.0,0.9197207891481876,1.0
gpt4_385a5000,temporal-reasoning,rrf_cards_m11,1.0,1.0,0.6934264036172708,1.0
gpt4_385a5000,temporal-reasoning,rrf_cards_m13,1.0,1.0,0.6934264036172708,1.0
gpt4_385a5000,temporal-reasoning,rrf_cards_m17,1.0,1.0,0.6934264036172708,1.0
gpt4_385a5000,temporal-reasoning,rrf_turn_route,1.0,1.0,1.0,1.0
gpt4_385a5000,temporal-reasoning,dense_session_mean,,,,1.0
gpt4_385a5000,temporal-reasoning,bm25_session,,,,1.0
2a1811e2,temporal-reasoning,turn,0.5,0.5,0.6131471927654584,1.0
2a1811e2,temporal-reasoning,sentence,0.5,0.5,0.38685280723454163,1.0
2a1811e2,temporal-reasoning,cards_hand,0.5,0.5,0.38685280723454163,1.0
2a1811e2,temporal-reasoning,pos_hand,0.5,0.5,0.38685280723454163,1.0
2a1811e2,temporal-reasoning,cards_m11,0.5,1.0,0.5640920940185894,1.0
2a1811e2,temporal-reasoning,pos_m11,0.5,0.5,0.6131471927654584,1.0
2a1811e2,temporal-reasoning,cards_m13,0.5,0.5,0.38685280723454163,1.0
2a1811e2,temporal-reasoning,pos_m13,0.5,0.5,0.6131471927654584,1.0
2a1811e2,temporal-reasoning,cards_m17,0.5,1.0,0.7903864795495061,1.0
2a1811e2,temporal-reasoning,pos_m17,0.5,0.5,0.6131471927654584,1.0
2a1811e2,temporal-reasoning,bm25_turn,0.5,1.0,0.8315546295836225,1.0
2a1811e2,temporal-reasoning,bm25_cards_hand,0.5,0.5,0.3065735963827292,1.0
2a1811e2,temporal-reasoning,rrf_turn,0.5,1.0,0.5714285040141098,1.0
2a1811e2,temporal-reasoning,rrf_sentence,0.5,1.0,0.5249810332008933,1.0
2a1811e2,temporal-reasoning,rrf_cards_hand,0.0,1.0,0.4227898344066503,1.0
2a1811e2,temporal-reasoning,rrf_cards_m11,1.0,1.0,0.6240505200038379,1.0
2a1811e2,temporal-reasoning,rrf_cards_m13,0.5,1.0,0.6052602440527057,1.0
2a1811e2,temporal-reasoning,rrf_cards_m17,1.0,1.0,0.8503449055347546,1.0
2a1811e2,temporal-reasoning,rrf_turn_route,1.0,1.0,0.6240505200038379,1.0
2a1811e2,temporal-reasoning,dense_session_mean,,,,1.0
2a1811e2,temporal-reasoning,bm25_session,,,,1.0
bbf86515,temporal-reasoning,turn,0.0,0.5,0.19342640361727081,1.0
bbf86515,temporal-reasoning,sentence,1.0,1.0,0.9197207891481876,1.0
bbf86515,temporal-reasoning,cards_hand,1.0,1.0,0.9197207891481876,1.0
bbf86515,temporal-reasoning,pos_hand,1.0,1.0,0.9197207891481876,1.0
bbf86515,temporal-reasoning,cards_m11,1.0,1.0,0.9197207891481876,1.0
bbf86515,temporal-reasoning,pos_m11,1.0,1.0,0.9197207891481876,1.0
bbf86515,temporal-reasoning,cards_m13,0.0,0.5,0.18457569677956817,1.0
bbf86515,temporal-reasoning,pos_m13,0.0,0.5,0.19342640361727081,1.0
bbf86515,temporal-reasoning,cards_m17,0.5,0.5,0.6131471927654584,1.0
bbf86515,temporal-reasoning,pos_m17,0.5,0.5,0.6131471927654584,1.0
bbf86515,temporal-reasoning,bm25_turn,1.0,1.0,0.5012658353418871,1.0
bbf86515,temporal-reasoning,bm25_cards_hand,0.5,1.0,0.48247555939075504,1.0
bbf86515,temporal-reasoning,rrf_turn,0.5,0.5,0.3065735963827292,1.0
bbf86515,temporal-reasoning,rrf_sentence,1.0,1.0,0.6934264036172708,1.0
bbf86515,temporal-reasoning,rrf_cards_hand,1.0,1.0,0.6934264036172708,1.0
bbf86515,temporal-reasoning,rrf_cards_m11,1.0,1.0,0.6934264036172708,1.0
bbf86515,temporal-reasoning,rrf_cards_m13,0.5,1.0,0.4415801103577823,1.0
bbf86515,temporal-reasoning,rrf_cards_m17,0.5,1.0,0.5,1.0
bbf86515,temporal-reasoning,rrf_turn_route,1.0,1.0,0.5437713091520254,1.0
bbf86515,temporal-reasoning,dense_session_mean,,,,1.0
bbf86515,temporal-reasoning,bm25_session,,,,1.0
gpt4_5dcc0aab,temporal-reasoning,turn,1.0,1.0,1.0,1.0
gpt4_5dcc0aab,temporal-reasoning,sentence,1.0,1.0,0.5,1.0
gpt4_5dcc0aab,temporal-reasoning,cards_hand,1.0,1.0,0.43067655807339306,1.0
gpt4_5dcc0aab,temporal-reasoning,pos_hand,1.0,1.0,0.43067655807339306,1.0
gpt4_5dcc0aab,temporal-reasoning,cards_m11,1.0,1.0,0.43067655807339306,1.0
gpt4_5dcc0aab,temporal-reasoning,pos_m11,1.0,1.0,0.5,1.0
gpt4_5dcc0aab,temporal-reasoning,cards_m13,1.0,1.0,0.43067655807339306,1.0
gpt4_5dcc0aab,temporal-reasoning,pos_m13,1.0,1.0,0.43067655807339306,1.0
gpt4_5dcc0aab,temporal-reasoning,cards_m17,1.0,1.0,0.5,1.0
gpt4_5dcc0aab,temporal-reasoning,pos_m17,1.0,1.0,0.5,1.0
gpt4_5dcc0aab,temporal-reasoning,bm25_turn,0.0,1.0,0.3333333333333333,0.8
gpt4_5dcc0aab,temporal-reasoning,bm25_cards_hand,0.0,1.0,0.3562071871080222,0.8
gpt4_5dcc0aab,temporal-reasoning,rrf_turn,1.0,1.0,0.5,1.0
gpt4_5dcc0aab,temporal-reasoning,rrf_sentence,1.0,1.0,0.6309297535714575,1.0
gpt4_5dcc0aab,temporal-reasoning,rrf_cards_hand,1.0,1.0,0.6309297535714575,0.8
gpt4_5dcc0aab,temporal-reasoning,rrf_cards_m11,1.0,1.0,0.6309297535714575,1.0
gpt4_5dcc0aab,temporal-reasoning,rrf_cards_m13,1.0,1.0,0.6309297535714575,1.0
gpt4_5dcc0aab,temporal-reasoning,rrf_cards_m17,1.0,1.0,0.6309297535714575,1.0
gpt4_5dcc0aab,temporal-reasoning,rrf_turn_route,1.0,1.0,0.6309297535714575,1.0
gpt4_5dcc0aab,temporal-reasoning,dense_session_mean,,,,1.0
gpt4_5dcc0aab,temporal-reasoning,bm25_session,,,,0.8
gpt4_0b2f1d21,temporal-reasoning,turn,0.5,0.5,0.38685280723454163,1.0
gpt4_0b2f1d21,temporal-reasoning,sentence,0.5,0.5,0.3065735963827292,1.0
gpt4_0b2f1d21,temporal-reasoning,cards_hand,0.5,0.5,0.3065735963827292,1.0
gpt4_0b2f1d21,temporal-reasoning,pos_hand,0.5,0.5,0.3065735963827292,1.0
gpt4_0b2f1d21,temporal-reasoning,cards_m11,0.5,0.5,0.3065735963827292,1.0
gpt4_0b2f1d21,temporal-reasoning,pos_m11,0.5,0.5,0.38685280723454163,1.0
gpt4_0b2f1d21,temporal-reasoning,cards_m13,0.0,0.0,0.0,1.0
gpt4_0b2f1d21,temporal-reasoning,pos_m13,0.5,0.5,0.38685280723454163,1.0
gpt4_0b2f1d21,temporal-reasoning,cards_m17,0.0,0.0,0.0,1.0
gpt4_0b2f1d21,temporal-reasoning,pos_m17,0.5,0.5,0.38685280723454163,1.0
gpt4_0b2f1d21,temporal-reasoning,bm25_turn,0.0,1.0,0.3706656904013186,1.0
gpt4_0b2f1d21,temporal-reasoning,bm25_cards_hand,0.0,1.0,0.3889580943680543,1.0
gpt4_0b2f1d21,temporal-reasoning,rrf_turn,0.5,1.0,0.4911492931622974,1.0
gpt4_0b2f1d21,temporal-reasoning,rrf_sentence,0.5,1.0,0.41443699955334395,1.0
gpt4_0b2f1d21,temporal-reasoning,rrf_cards_hand,0.5,1.0,0.448643819352159,1.0
gpt4_0b2f1d21,temporal-reasoning,rrf_cards_m11,0.5,1.0,0.41443699955334395,1.0
gpt4_0b2f1d21,temporal-reasoning,rrf_cards_m13,0.0,0.5,0.18457569677956817,1.0
gpt4_0b2f1d21,temporal-reasoning,rrf_cards_m17,0.0,0.5,0.18457569677956817,1.0
gpt4_0b2f1d21,temporal-reasoning,rrf_turn_route,1.0,1.0,0.6240505200038379,1.0
gpt4_0b2f1d21,temporal-reasoning,dense_session_mean,,,,0.5
gpt4_0b2f1d21,temporal-reasoning,bm25_session,,,,1.0
f0853d11,temporal-reasoning,turn,0.5,0.5,0.3065735963827292,1.0
f0853d11,temporal-reasoning,sentence,0.5,1.0,0.6052602440527057,1.0
f0853d11,temporal-reasoning,cards_hand,0.5,1.0,0.6052602440527057,1.0
f0853d11,temporal-reasoning,pos_hand,0.5,1.0,0.6052602440527057,1.0
f0853d11,temporal-reasoning,cards_m11,0.5,1.0,0.8315546295836225,1.0
f0853d11,temporal-reasoning,pos_m11,0.5,1.0,0.8315546295836225,1.0
f0853d11,temporal-reasoning,cards_m13,0.5,0.5,0.38685280723454163,1.0
f0853d11,temporal-reasoning,pos_m13,0.5,0.5,0.6131471927654584,1.0
f0853d11,temporal-reasoning,cards_m17,0.5,1.0,0.6052602440527057,1.0
f0853d11,temporal-reasoning,pos_m17,0.5,1.0,0.6052602440527057,1.0
f0853d11,temporal-reasoning,bm25_turn,0.0,1.0,0.41183384043543503,1.0
f0853d11,temporal-reasoning,bm25_cards_hand,0.5,1.0,0.6052602440527057,1.0
f0853d11,temporal-reasoning,rrf_turn,0.5,0.5,0.3065735963827292,1.0
f0853d11,temporal-reasoning,rrf_sentence,0.5,1.0,0.5249810332008933,1.0
f0853d11,temporal-reasoning,rrf_cards_hand,1.0,1.0,0.6240505200038379,1.0
f0853d11,temporal-reasoning,rrf_cards_m11,0.5,1.0,0.5249810332008933,1.0
f0853d11,temporal-reasoning,rrf_cards_m13,0.5,0.5,0.3065735963827292,1.0
f0853d11,temporal-reasoning,rrf_cards_m17,0.5,1.0,0.5249810332008933,1.0
f0853d11,temporal-reasoning,rrf_turn_route,0.5,0.5,0.38685280723454163,1.0
f0853d11,temporal-reasoning,dense_session_mean,,,,1.0
f0853d11,temporal-reasoning,bm25_session,,,,1.0
gpt4_6ed717ea,temporal-reasoning,turn,0.5,0.5,0.6131471927654584,1.0
gpt4_6ed717ea,temporal-reasoning,sentence,0.5,0.5,0.2640681225725909,1.0
gpt4_6ed717ea,temporal-reasoning,cards_hand,0.5,0.5,0.2640681225725909,1.0
gpt4_6ed717ea,temporal-reasoning,pos_hand,0.5,0.5,0.2640681225725909,1.0
gpt4_6ed717ea,temporal-reasoning,cards_m11,0.5,0.5,0.2640681225725909,1.0
gpt4_6ed717ea,temporal-reasoning,pos_m11,0.5,0.5,0.6131471927654584,1.0
gpt4_6ed717ea,temporal-reasoning,cards_m13,0.5,0.5,0.6131471927654584,1.0
gpt4_6ed717ea,temporal-reasoning,pos_m13,0.5,0.5,0.6131471927654584,1.0
gpt4_6ed717ea,temporal-reasoning,cards_m17,0.5,0.5,0.2640681225725909,1.0
gpt4_6ed717ea,temporal-reasoning,pos_m17,0.5,0.5,0.6131471927654584,1.0
gpt4_6ed717ea,temporal-reasoning,bm25_turn,1.0,1.0,0.6509209298071326,1.0
gpt4_6ed717ea,temporal-reasoning,bm25_cards_hand,1.0,1.0,0.5706417189553201,1.0
gpt4_6ed717ea,temporal-reasoning,rrf_turn,0.5,1.0,0.8175295903539445,1.0
gpt4_6ed717ea,temporal-reasoning,rrf_sentence,0.5,1.0,0.5912352048230277,1.0
gpt4_6ed717ea,temporal-reasoning,rrf_cards_hand,0.5,1.0,0.5912352048230277,1.0
gpt4_6ed717ea,temporal-reasoning,rrf_cards_m11,0.5,1.0,0.5912352048230277,1.0
gpt4_6ed717ea,temporal-reasoning,rrf_cards_m13,0.5,0.5,0.6131471927654584,1.0
gpt4_6ed717ea,temporal-reasoning,rrf_cards_m17,0.5,0.5,0.38685280723454163,1.0
gpt4_6ed717ea,temporal-reasoning,rrf_turn_route,1.0,1.0,0.8772153153380493,1.0
gpt4_6ed717ea,temporal-reasoning,dense_session_mean,,,,1.0
gpt4_6ed717ea,temporal-reasoning,bm25_session,,,,1.0
gpt4_70e84552,temporal-reasoning,turn,0.5,1.0,0.45560514958746035,1.0
gpt4_70e84552,temporal-reasoning,sentence,1.0,1.0,0.6934264036172708,1.0
gpt4_70e84552,temporal-reasoning,cards_hand,1.0,1.0,1.0,1.0
gpt4_70e84552,temporal-reasoning,pos_hand,1.0,1.0,1.0,1.0
gpt4_70e84552,temporal-reasoning,cards_m11,1.0,1.0,1.0,1.0
gpt4_70e84552,temporal-reasoning,pos_m11,1.0,1.0,1.0,1.0
gpt4_70e84552,temporal-reasoning,cards_m13,1.0,1.0,0.6934264036172708,1.0
gpt4_70e84552,temporal-reasoning,pos_m13,1.0,1.0,0.9197207891481876,1.0
gpt4_70e84552,temporal-reasoning,cards_m17,1.0,1.0,1.0,1.0
gpt4_70e84552,temporal-reasoning,pos_m17,1.0,1.0,1.0,1.0
gpt4_70e84552,temporal-reasoning,bm25_turn,1.0,1.0,0.6934264036172708,1.0
gpt4_70e84552,temporal-reasoning,bm25_cards_hand,1.0,1.0,0.5706417189553201,1.0
gpt4_70e84552,temporal-reasoning,rrf_turn,1.0,1.0,0.6934264036172708,1.0
gpt4_70e84552,temporal-reasoning,rrf_sentence,1.0,1.0,0.5706417189553201,1.0
gpt4_70e84552,temporal-reasoning,rrf_cards_hand,1.0,1.0,0.6934264036172708,1.0
gpt4_70e84552,temporal-reasoning,rrf_cards_m11,1.0,1.0,0.6934264036172708,1.0
gpt4_70e84552,temporal-reasoning,rrf_cards_m13,1.0,1.0,0.6934264036172708,1.0
gpt4_70e84552,temporal-reasoning,rrf_cards_m17,1.0,1.0,0.6934264036172708,1.0
gpt4_70e84552,temporal-reasoning,rrf_turn_route,1.0,1.0,1.0,1.0
gpt4_70e84552,temporal-reasoning,dense_session_mean,,,,1.0
gpt4_70e84552,temporal-reasoning,bm25_session,,,,1.0
a3838d2b,temporal-reasoning,turn,0.3333333333333333,0.5,0.3894141271842883,0.8333333333333334
a3838d2b,temporal-reasoning,sentence,0.16666666666666666,0.5,0.32665167016610913,0.8333333333333334
a3838d2b,temporal-reasoning,cards_hand,0.16666666666666666,0.5,0.38724877043467315,0.6666666666666666
a3838d2b,temporal-reasoning,pos_hand,0.3333333333333333,0.5,0.3761529544118812,0.8333333333333334
a3838d2b,temporal-reasoning,cards_m11,0.16666666666666666,0.5,0.34762911100514515,0.6666666666666666
a3838d2b,temporal-reasoning,pos_m11,0.3333333333333333,0.5,0.3761529544118812,0.8333333333333334
a3838d2b,temporal-reasoning,cards_m13,0.16666666666666666,0.5,0.31339049739370195,0.8333333333333334
a3838d2b,temporal-reasoning,pos_m13,0.3333333333333333,0.5,0.3551755135728451,0.8333333333333334
a3838d2b,temporal-reasoning,cards_m17,0.16666666666666666,0.5,0.32665167016610913,0.8333333333333334
a3838d2b,temporal-reasoning,pos_m17,0.3333333333333333,0.5,0.3428467921378015,0.8333333333333334
a3838d2b,temporal-reasoning,bm25_turn,0.16666666666666666,0.16666666666666666,0.19092086617893467,0.6666666666666666
a3838d2b,temporal-reasoning,bm25_cards_hand,0.16666666666666666,0.16666666666666666,0.30260241349881345,0.5
a3838d2b,temporal-reasoning,rrf_turn,0.16666666666666666,0.3333333333333333,0.24676163983887406,0.8333333333333334
a3838d2b,temporal-reasoning,rrf_sentence,0.16666666666666666,0.5,0.329865324074273,0.8333333333333334
a3838d2b,temporal-reasoning,rrf_cards_hand,0.16666666666666666,0.3333333333333333,0.3936948167222715,0.6666666666666666
a3838d2b,temporal-reasoning,rrf_cards_m11,0.16666666666666666,0.3333333333333333,0.3936948167222715,0.6666666666666666
a3838d2b,temporal-reasoning,rrf_cards_m13,0.16666666666666666,0.3333333333333333,0.2423936099728648,0.8333333333333334
a3838d2b,temporal-reasoning,rrf_cards_m17,0.16666666666666666,0.3333333333333333,0.2423936099728648,0.8333333333333334
a3838d2b,temporal-reasoning,rrf_turn_route,0.3333333333333333,0.5,0.42903378661381625,0.8333333333333334
a3838d2b,temporal-reasoning,dense_session_mean,,,,0.8333333333333334
a3838d2b,temporal-reasoning,bm25_session,,,,0.8333333333333334
gpt4_93159ced,temporal-reasoning,turn,0.3333333333333333,0.6666666666666666,0.617319681505689,1.0
gpt4_93159ced,temporal-reasoning,sentence,0.6666666666666666,0.6666666666666666,0.7653606369886217,0.5
gpt4_93159ced,temporal-reasoning,cards_hand,0.6666666666666666,0.6666666666666666,0.7653606369886217,0.5
gpt4_93159ced,temporal-reasoning,pos_hand,0.6666666666666666,0.6666666666666666,0.7653606369886217,0.5
gpt4_93159ced,temporal-reasoning,cards_m11,0.6666666666666666,0.6666666666666666,0.7039180890341347,0.5
gpt4_93159ced,temporal-reasoning,pos_m11,0.6666666666666666,0.6666666666666666,0.7653606369886217,0.5
gpt4_93159ced,temporal-reasoning,cards_m13,0.6666666666666666,0.6666666666666666,0.7039180890341347,0.5
gpt4_93159ced,temporal-reasoning,pos_m13,0.6666666666666666,0.6666666666666666,0.7653606369886217,0.5
gpt4_93159ced,temporal-reasoning,cards_m17,0.6666666666666666,0.6666666666666666,0.7039180890341347,0.5
gpt4_93159ced,temporal-reasoning,pos_m17,0.6666666666666666,0.6666666666666666,0.7653606369886217,0.5
gpt4_93159ced,temporal-reasoning,bm25_turn,0.6666666666666666,1.0,0.5780136823717549,1.0
gpt4_93159ced,temporal-reasoning,bm25_cards_hand,0.6666666666666666,0.6666666666666666,0.7653606369886217,1.0
gpt4_93159ced,temporal-reasoning,rrf_turn,0.6666666666666666,0.6666666666666666,0.7653606369886217,1.0
gpt4_93159ced,temporal-reasoning,rrf_sentence,0.6666666666666666,0.6666666666666666,0.7653606369886217,1.0
gpt4_93159ced,temporal-reasoning,rrf_cards_hand,0.6666666666666666,0.6666666666666666,0.7653606369886217,1.0
gpt4_93159ced,temporal-reasoning,rrf_cards_m11,0.6666666666666666,0.6666666666666666,0.7653606369886217,1.0
gpt4_93159ced,temporal-reasoning,rrf_cards_m13,0.6666666666666666,0.6666666666666666,0.7653606369886217,1.0
gpt4_93159ced,temporal-reasoning,rrf_cards_m17,0.6666666666666666,0.6666666666666666,0.7653606369886217,1.0
gpt4_93159ced,temporal-reasoning,rrf_turn_route,0.6666666666666666,1.0,0.9134015924715543,1.0
gpt4_93159ced,temporal-reasoning,dense_session_mean,,,,1.0
gpt4_93159ced,temporal-reasoning,bm25_session,,,,0.5
gpt4_2d58bcd6,temporal-reasoning,turn,1.0,1.0,0.6934264036172708,1.0
gpt4_2d58bcd6,temporal-reasoning,sentence,0.5,1.0,0.5912352048230277,1.0
gpt4_2d58bcd6,temporal-reasoning,cards_hand,0.5,1.0,0.48247555939075504,1.0
gpt4_2d58bcd6,temporal-reasoning,pos_hand,0.5,1.0,0.48247555939075504,1.0
gpt4_2d58bcd6,temporal-reasoning,cards_m11,1.0,1.0,0.5437713091520254,1.0
gpt4_2d58bcd6,temporal-reasoning,pos_m11,0.5,1.0,0.5249810332008933,1.0
gpt4_2d58bcd6,temporal-reasoning,cards_m13,0.5,1.0,0.5249810332008933,1.0
gpt4_2d58bcd6,temporal-reasoning,pos_m13,1.0,1.0,0.5437713091520254,1.0
gpt4_2d58bcd6,temporal-reasoning,cards_m17,1.0,1.0,0.5437713091520254,1.0
gpt4_2d58bcd6,temporal-reasoning,pos_m17,0.5,1.0,0.48247555939075504,1.0
gpt4_2d58bcd6,temporal-reasoning,bm25_turn,1.0,1.0,0.8772153153380493,1.0
gpt4_2d58bcd6,temporal-reasoning,bm25_cards_hand,1.0,1.0,0.9197207891481876,1.0
gpt4_2d58bcd6,temporal-reasoning,rrf_turn,1.0,1.0,0.9197207891481876,1.0
gpt4_2d58bcd6,temporal-reasoning,rrf_sentence,1.0,1.0,0.8772153153380493,1.0
gpt4_2d58bcd6,temporal-reasoning,rrf_cards_hand,1.0,1.0,0.6934264036172708,1.0
gpt4_2d58bcd6,temporal-reasoning,rrf_cards_m11,1.0,1.0,0.9197207891481876,1.0
gpt4_2d58bcd6,temporal-reasoning,rrf_cards_m13,1.0,1.0,0.9197207891481876,1.0
gpt4_2d58bcd6,temporal-reasoning,rrf_cards_m17,1.0,1.0,0.9197207891481876,1.0
gpt4_2d58bcd6,temporal-reasoning,rrf_turn_route,1.0,1.0,0.9197207891481876,1.0
gpt4_2d58bcd6,temporal-reasoning,dense_session_mean,,,,1.0
gpt4_2d58bcd6,temporal-reasoning,bm25_session,,,,1.0
gpt4_65aabe59,temporal-reasoning,turn,0.3333333333333333,0.6666666666666666,0.39106560501896365,1.0
gpt4_65aabe59,temporal-reasoning,sentence,0.3333333333333333,0.6666666666666666,0.3501483019834802,1.0
gpt4_65aabe59,temporal-reasoning,cards_hand,0.3333333333333333,0.3333333333333333,0.18154179253735267,1.0
gpt4_65aabe59,temporal-reasoning,pos_hand,0.3333333333333333,0.3333333333333333,0.18154179253735267,1.0
gpt4_65aabe59,temporal-reasoning,cards_m11,0.3333333333333333,0.6666666666666666,0.3501483019834802,1.0
gpt4_65aabe59,temporal-reasoning,pos_m11,0.3333333333333333,0.6666666666666666,0.3501483019834802,1.0
gpt4_65aabe59,temporal-reasoning,cards_m13,0.0,0.0,0.0,1.0
gpt4_65aabe59,temporal-reasoning,pos_m13,0.0,0.0,0.0,1.0
gpt4_65aabe59,temporal-reasoning,cards_m17,0.3333333333333333,0.6666666666666666,0.3501483019834802,1.0
gpt4_65aabe59,temporal-reasoning,pos_m17,0.0,0.3333333333333333,0.16716045496620227,1.0
gpt4_65aabe59,temporal-reasoning,bm25_turn,0.6666666666666666,0.6666666666666666,0.49818925746641285,1.0
gpt4_65aabe59,temporal-reasoning,bm25_cards_hand,0.3333333333333333,0.6666666666666666,0.34337431936037655,1.0
gpt4_65aabe59,temporal-reasoning,rrf_turn,0.6666666666666666,0.6666666666666666,0.6508205185601091,1.0
gpt4_65aabe59,temporal-reasoning,rrf_sentence,0.6666666666666666,0.6666666666666666,0.41618115554873086,1.0
gpt4_65aabe59,temporal-reasoning,rrf_cards_hand,0.3333333333333333,0.3333333333333333,0.23463936301137822,1.0
gpt4_65aabe59,temporal-reasoning,rrf_cards_m11,0.6666666666666666,0.6666666666666666,0.41618115554873086,1.0
gpt4_65aabe59,temporal-reasoning,rrf_cards_m13,0.0,0.6666666666666666,0.3084274278260313,1.0
gpt4_65aabe59,temporal-reasoning,rrf_cards_m17,0.6666666666666666,0.6666666666666666,0.41618115554873086,1.0
gpt4_65aabe59,temporal-reasoning,rrf_turn_route,0.6666666666666666,0.6666666666666666,0.6713860725233041,1.0
gpt4_65aabe59,temporal-reasoning,dense_session_mean,,,,1.0
gpt4_65aabe59,temporal-reasoning,bm25_session,,,,1.0
982b5123,temporal-reasoning,turn,0.5,1.0,0.8315546295836225,1.0
982b5123,temporal-reasoning,sentence,1.0,1.0,0.8503449055347546,1.0
982b5123,temporal-reasoning,cards_hand,0.5,1.0,0.8315546295836225,1.0
982b5123,temporal-reasoning,pos_hand,1.0,1.0,0.8503449055347546,1.0
982b5123,temporal-reasoning,cards_m11,1.0,1.0,0.8503449055347546,1.0
982b5123,temporal-reasoning,pos_m11,1.0,1.0,0.8503449055347546,1.0
982b5123,temporal-reasoning,cards_m13,1.0,1.0,0.8503449055347546,1.0
982b5123,temporal-reasoning,pos_m13,1.0,1.0,0.8503449055347546,1.0
982b5123,temporal-reasoning,cards_m17,1.0,1.0,0.8503449055347546,1.0
982b5123,temporal-reasoning,pos_m17,1.0,1.0,0.8503449055347546,1.0
982b5123,temporal-reasoning,bm25_turn,1.0,1.0,1.0,1.0
982b5123,temporal-reasoning,bm25_cards_hand,0.5,1.0,0.7977228895450266,1.0
982b5123,temporal-reasoning,rrf_turn,1.0,1.0,0.8772153153380493,1.0
982b5123,temporal-reasoning,rrf_sentence,1.0,1.0,0.8772153153380493,1.0
982b5123,temporal-reasoning,rrf_cards_hand,1.0,1.0,0.8772153153380493,1.0
982b5123,temporal-reasoning,rrf_cards_m11,1.0,1.0,0.8772153153380493,1.0
982b5123,temporal-reasoning,rrf_cards_m13,1.0,1.0,0.8772153153380493,1.0
982b5123,temporal-reasoning,rrf_cards_m17,1.0,1.0,0.8772153153380493,1.0
982b5123,temporal-reasoning,rrf_turn_route,1.0,1.0,1.0,1.0
982b5123,temporal-reasoning,dense_session_mean,,,,1.0
982b5123,temporal-reasoning,bm25_session,,,,1.0
b9cfe692,temporal-reasoning,turn,0.5,1.0,0.448643819352159,1.0
b9cfe692,temporal-reasoning,sentence,0.5,1.0,0.430624116386567,1.0
b9cfe692,temporal-reasoning,cards_hand,0.5,1.0,0.448643819352159,1.0
b9cfe692,temporal-reasoning,pos_hand,0.0,0.5,0.18457569677956817,1.0
b9cfe692,temporal-reasoning,cards_m11,0.5,0.5,0.3065735963827292,1.0
b9cfe692,temporal-reasoning,pos_m11,0.0,0.5,0.19342640361727081,1.0
b9cfe692,temporal-reasoning,cards_m13,0.5,0.5,0.23719771276929622,1.0
b9cfe692,temporal-reasoning,pos_m13,0.0,0.0,0.0,1.0
b9cfe692,temporal-reasoning,cards_m17,0.0,0.5,0.20438239758848611,1.0
b9cfe692,temporal-reasoning,pos_m17,0.0,0.5,0.18457569677956817,1.0
b9cfe692,temporal-reasoning,bm25_turn,0.5,1.0,0.6052602440527057,1.0
b9cfe692,temporal-reasoning,bm25_cards_hand,1.0,1.0,0.8503449055347546,1.0
b9cfe692,temporal-reasoning,rrf_turn,0.5,1.0,0.5802792108518124,1.0
b9cfe692,temporal-reasoning,rrf_sentence,0.5,1.0,0.46845052016107697,1.0
b9cfe692,temporal-reasoning,rrf_cards_hand,1.0,1.0,0.5706417189553201,1.0
b9cfe692,temporal-reasoning,rrf_cards_m11,0.5,1.0,0.5714285040141098,1.0
b9cfe692,temporal-reasoning,rrf_cards_m13,0.0,1.0,0.41183384043543503,1.0
b9cfe692,temporal-reasoning,rrf_cards_m17,0.5,1.0,0.45749452618986164,1.0
b9cfe692,temporal-reasoning,rrf_turn_route,1.0,1.0,0.8503449055347546,1.0
b9cfe692,temporal-reasoning,dense_session_mean,,,,1.0
b9cfe692,temporal-reasoning,bm25_session,,,,1.0
gpt4_4edbafa2,temporal-reasoning,turn,1.0,1.0,0.5437713091520254,1.0
gpt4_4edbafa2,temporal-reasoning,sentence,0.5,0.5,0.6131471927654584,1.0
gpt4_4edbafa2,temporal-reasoning,cards_hand,0.5,0.5,0.6131471927654584,1.0
gpt4_4edbafa2,temporal-reasoning,pos_hand,0.5,0.5,0.6131471927654584,1.0
gpt4_4edbafa2,temporal-reasoning,cards_m11,0.5,0.5,0.6131471927654584,1.0
gpt4_4edbafa2,temporal-reasoning,pos_m11,0.5,0.5,0.6131471927654584,1.0
gpt4_4edbafa2,temporal-reasoning,cards_m13,0.5,1.0,0.7903864795495061,1.0
gpt4_4edbafa2,temporal-reasoning,pos_m13,0.5,1.0,0.7903864795495061,1.0
gpt4_4edbafa2,temporal-reasoning,cards_m17,0.5,0.5,0.6131471927654584,1.0
gpt4_4edbafa2,temporal-reasoning,pos_m17,0.5,0.5,0.6131471927654584,1.0
gpt4_4edbafa2,temporal-reasoning,bm25_turn,1.0,1.0,1.0,1.0
gpt4_4edbafa2,temporal-reasoning,bm25_cards_hand,1.0,1.0,0.8503449055347546,1.0
gpt4_4edbafa2,temporal-reasoning,rrf_turn,1.0,1.0,1.0,1.0
gpt4_4edbafa2,temporal-reasoning,rrf_sentence,1.0,1.0,0.8503449055347546,1.0
gpt4_4edbafa2,temporal-reasoning,rrf_cards_hand,1.0,1.0,0.8503449055347546,1.0
gpt4_4edbafa2,temporal-reasoning,rrf_cards_m11,1.0,1.0,0.8772153153380493,1.0
gpt4_4edbafa2,temporal-reasoning,rrf_cards_m13,1.0,1.0,0.8772153153380493,1.0
gpt4_4edbafa2,temporal-reasoning,rrf_cards_m17,1.0,1.0,0.8772153153380493,1.0
gpt4_4edbafa2,temporal-reasoning,rrf_turn_route,1.0,1.0,1.0,1.0
gpt4_4edbafa2,temporal-reasoning,dense_session_mean,,,,1.0
gpt4_4edbafa2,temporal-reasoning,bm25_session,,,,1.0
c8090214,temporal-reasoning,turn,0.5,0.5,0.6131471927654584,1.0
c8090214,temporal-reasoning,sentence,0.5,0.5,0.6131471927654584,1.0
c8090214,temporal-reasoning,cards_hand,0.5,0.5,0.6131471927654584,0.5
c8090214,temporal-reasoning,pos_hand,0.5,0.5,0.6131471927654584,0.5
c8090214,temporal-reasoning,cards_m11,0.5,0.5,0.6131471927654584,1.0
c8090214,temporal-reasoning,pos_m11,0.5,0.5,0.6131471927654584,0.5
c8090214,temporal-reasoning,cards_m13,0.5,0.5,0.6131471927654584,0.5
c8090214,temporal-reasoning,pos_m13,0.5,0.5,0.6131471927654584,0.5
c8090214,temporal-reasoning,cards_m17,0.5,0.5,0.6131471927654584,0.5
c8090214,temporal-reasoning,pos_m17,0.5,0.5,0.6131471927654584,0.5
c8090214,temporal-reasoning,bm25_turn,1.0,1.0,0.9197207891481876,1.0
c8090214,temporal-reasoning,bm25_cards_hand,0.5,1.0,0.4911492931622974,0.5
c8090214,temporal-reasoning,rrf_turn,0.5,1.0,0.8065735963827293,1.0
c8090214,temporal-reasoning,rrf_sentence,0.5,0.5,0.6131471927654584,1.0
c8090214,temporal-reasoning,rrf_cards_hand,0.5,0.5,0.6131471927654584,1.0
c8090214,temporal-reasoning,rrf_cards_m11,0.5,1.0,0.7903864795495061,1.0
c8090214,temporal-reasoning,rrf_cards_m13,0.5,0.5,0.6131471927654584,1.0
c8090214,temporal-reasoning,rrf_cards_m17,0.5,1.0,0.7903864795495061,1.0
c8090214,temporal-reasoning,rrf_turn_route,1.0,1.0,0.8503449055347546,1.0
c8090214,temporal-reasoning,dense_session_mean,,,,1.0
c8090214,temporal-reasoning,bm25_session,,,,1.0
gpt4_483dd43c,temporal-reasoning,turn,1.0,1.0,0.9197207891481876,1.0
gpt4_483dd43c,temporal-reasoning,sentence,1.0,1.0,0.6509209298071326,1.0
gpt4_483dd43c,temporal-reasoning,cards_hand,1.0,1.0,0.9197207891481876,1.0
gpt4_483dd43c,temporal-reasoning,pos_hand,1.0,1.0,0.9197207891481876,1.0
gpt4_483dd43c,temporal-reasoning,cards_m11,1.0,1.0,0.9197207891481876,1.0
gpt4_483dd43c,temporal-reasoning,pos_m11,1.0,1.0,0.9197207891481876,1.0
gpt4_483dd43c,temporal-reasoning,cards_m13,1.0,1.0,0.8772153153380493,1.0
gpt4_483dd43c,temporal-reasoning,pos_m13,1.0,1.0,0.9197207891481876,1.0
gpt4_483dd43c,temporal-reasoning,cards_m17,1.0,1.0,0.9197207891481876,1.0
gpt4_483dd43c,temporal-reasoning,pos_m17,1.0,1.0,0.9197207891481876,1.0
gpt4_483dd43c,temporal-reasoning,bm25_turn,1.0,1.0,0.6934264036172708,1.0
gpt4_483dd43c,temporal-reasoning,bm25_cards_hand,1.0,1.0,0.5706417189553201,1.0
gpt4_483dd43c,temporal-reasoning,rrf_turn,1.0,1.0,1.0,1.0
gpt4_483dd43c,temporal-reasoning,rrf_sentence,1.0,1.0,0.6934264036172708,1.0
gpt4_483dd43c,temporal-reasoning,rrf_cards_hand,1.0,1.0,0.6509209298071326,1.0
gpt4_483dd43c,temporal-reasoning,rrf_cards_m11,1.0,1.0,0.6934264036172708,1.0
gpt4_483dd43c,temporal-reasoning,rrf_cards_m13,1.0,1.0,0.6934264036172708,1.0
gpt4_483dd43c,temporal-reasoning,rrf_cards_m17,1.0,1.0,0.6934264036172708,1.0
gpt4_483dd43c,temporal-reasoning,rrf_turn_route,1.0,1.0,1.0,1.0
gpt4_483dd43c,temporal-reasoning,dense_session_mean,,,,1.0
gpt4_483dd43c,temporal-reasoning,bm25_session,,,,1.0
e4e14d04,temporal-reasoning,turn,0.0,0.5,0.17723928678404774,1.0
e4e14d04,temporal-reasoning,sentence,1.0,1.0,1.0,1.0
e4e14d04,temporal-reasoning,cards_hand,0.0,1.0,0.38162168437253385,1.0
e4e14d04,temporal-reasoning,pos_hand,0.0,1.0,0.40298313359773236,1.0
e4e14d04,temporal-reasoning,cards_m11,0.0,1.0,0.41183384043543503,1.0
e4e14d04,temporal-reasoning,pos_m11,0.0,1.0,0.41183384043543503,1.0
e4e14d04,temporal-reasoning,cards_m13,0.0,1.0,0.40298313359773236,1.0
e4e14d04,temporal-reasoning,pos_m13,0.0,1.0,0.40298313359773236,1.0
e4e14d04,temporal-reasoning,cards_m17,0.0,1.0,0.40298313359773236,1.0
e4e14d04,temporal-reasoning,pos_m17,0.0,1.0,0.40298313359773236,1.0
e4e14d04,temporal-reasoning,bm25_turn,1.0,1.0,0.9197207891481876,1.0
e4e14d04,temporal-reasoning,bm25_cards_hand,1.0,1.0,0.8503449055347546,1.0
e4e14d04,temporal-reasoning,rrf_turn,0.5,1.0,0.46845052016107697,1.0
e4e14d04,temporal-reasoning,rrf_sentence,1.0,1.0,1.0,1.0
e4e14d04,temporal-reasoning,rrf_cards_hand,1.0,1.0,0.5012658353418871,1.0
e4e14d04,temporal-reasoning,rrf_cards_m11,1.0,1.0,0.6934264036172708,1.0
e4e14d04,temporal-reasoning,rrf_cards_m13,1.0,1.0,0.5706417189553201,1.0
e4e14d04,temporal-reasoning,rrf_cards_m17,1.0,1.0,0.5012658353418871,1.0
e4e14d04,temporal-reasoning,rrf_turn_route,0.5,1.0,0.48247555939075504,1.0
e4e14d04,temporal-reasoning,dense_session_mean,,,,1.0
e4e14d04,temporal-reasoning,bm25_session,,,,1.0
c9f37c46,temporal-reasoning,turn,0.5,1.0,0.5249810332008933,1.0
c9f37c46,temporal-reasoning,sentence,0.5,1.0,0.8175295903539445,1.0
c9f37c46,temporal-reasoning,cards_hand,1.0,1.0,0.9197207891481876,1.0
c9f37c46,temporal-reasoning,pos_hand,1.0,1.0,0.9197207891481876,1.0
c9f37c46,temporal-reasoning,cards_m11,0.5,1.0,0.7903864795495061,1.0
c9f37c46,temporal-reasoning,pos_m11,1.0,1.0,0.8503449055347546,1.0
c9f37c46,temporal-reasoning,cards_m13,1.0,1.0,0.8772153153380493,1.0
c9f37c46,temporal-reasoning,pos_m13,1.0,1.0,0.8772153153380493,1.0
c9f37c46,temporal-reasoning,cards_m17,1.0,1.0,0.9197207891481876,1.0
c9f37c46,temporal-reasoning,pos_m17,1.0,1.0,0.9197207891481876,1.0
c9f37c46,temporal-reasoning,bm25_turn,1.0,1.0,1.0,1.0
c9f37c46,temporal-reasoning,bm25_cards_hand,1.0,1.0,1.0,1.0
c9f37c46,temporal-reasoning,rrf_turn,1.0,1.0,0.8772153153380493,1.0
c9f37c46,temporal-reasoning,rrf_sentence,1.0,1.0,0.8772153153380493,1.0
c9f37c46,temporal-reasoning,rrf_cards_hand,1.0,1.0,1.0,1.0
c9f37c46,temporal-reasoning,rrf_cards_m11,0.5,1.0,0.8315546295836225,1.0
c9f37c46,temporal-reasoning,rrf_cards_m13,1.0,1.0,1.0,1.0
c9f37c46,temporal-reasoning,rrf_cards_m17,1.0,1.0,1.0,1.0
c9f37c46,temporal-reasoning,rrf_turn_route,1.0,1.0,0.9197207891481876,1.0
c9f37c46,temporal-reasoning,dense_session_mean,,,,1.0
c9f37c46,temporal-reasoning,bm25_session,,,,1.0
gpt4_2c50253f,temporal-reasoning,turn,1.0,1.0,1.0,1.0
gpt4_2c50253f,temporal-reasoning,sentence,1.0,1.0,0.9197207891481876,1.0
gpt4_2c50253f,temporal-reasoning,cards_hand,1.0,1.0,0.9197207891481876,1.0
gpt4_2c50253f,temporal-reasoning,pos_hand,1.0,1.0,1.0,1.0
gpt4_2c50253f,temporal-reasoning,cards_m11,1.0,1.0,1.0,1.0
gpt4_2c50253f,temporal-reasoning,pos_m11,1.0,1.0,1.0,1.0
gpt4_2c50253f,temporal-reasoning,cards_m13,1.0,1.0,1.0,1.0
gpt4_2c50253f,temporal-reasoning,pos_m13,1.0,1.0,1.0,1.0
gpt4_2c50253f,temporal-reasoning,cards_m17,1.0,1.0,1.0,1.0
gpt4_2c50253f,temporal-reasoning,pos_m17,1.0,1.0,1.0,1.0
gpt4_2c50253f,temporal-reasoning,bm25_turn,1.0,1.0,0.9197207891481876,1.0
gpt4_2c50253f,temporal-reasoning,bm25_cards_hand,1.0,1.0,0.8772153153380493,1.0
gpt4_2c50253f,temporal-reasoning,rrf_turn,1.0,1.0,1.0,1.0
gpt4_2c50253f,temporal-reasoning,rrf_sentence,1.0,1.0,1.0,1.0
gpt4_2c50253f,temporal-reasoning,rrf_cards_hand,1.0,1.0,0.9197207891481876,1.0
gpt4_2c50253f,temporal-reasoning,rrf_cards_m11,1.0,1.0,1.0,1.0
gpt4_2c50253f,temporal-reasoning,rrf_cards_m13,1.0,1.0,1.0,1.0
gpt4_2c50253f,temporal-reasoning,rrf_cards_m17,1.0,1.0,1.0,1.0
gpt4_2c50253f,temporal-reasoning,rrf_turn_route,1.0,1.0,1.0,1.0
gpt4_2c50253f,temporal-reasoning,dense_session_mean,,,,1.0
gpt4_2c50253f,temporal-reasoning,bm25_session,,,,1.0
dcfa8644,temporal-reasoning,turn,0.5,1.0,0.48381288316677695,1.0
dcfa8644,temporal-reasoning,sentence,1.0,1.0,1.0,1.0
dcfa8644,temporal-reasoning,cards_hand,1.0,1.0,1.0,1.0
dcfa8644,temporal-reasoning,pos_hand,1.0,1.0,1.0,1.0
dcfa8644,temporal-reasoning,cards_m11,1.0,1.0,0.8772153153380493,1.0
dcfa8644,temporal-reasoning,pos_m11,1.0,1.0,0.8772153153380493,1.0
dcfa8644,temporal-reasoning,cards_m13,1.0,1.0,0.8772153153380493,1.0
dcfa8644,temporal-reasoning,pos_m13,1.0,1.0,0.8772153153380493,1.0
dcfa8644,temporal-reasoning,cards_m17,1.0,1.0,1.0,1.0
dcfa8644,temporal-reasoning,pos_m17,1.0,1.0,1.0,1.0
dcfa8644,temporal-reasoning,bm25_turn,1.0,1.0,0.8503449055347546,1.0
dcfa8644,temporal-reasoning,bm25_cards_hand,0.5,0.5,0.6131471927654584,1.0
dcfa8644,temporal-reasoning,rrf_turn,1.0,1.0,0.8503449055347546,1.0
dcfa8644,temporal-reasoning,rrf_sentence,1.0,1.0,0.9197207891481876,1.0
dcfa8644,temporal-reasoning,rrf_cards_hand,1.0,1.0,0.8772153153380493,1.0
dcfa8644,temporal-reasoning,rrf_cards_m11,1.0,1.0,0.8772153153380493,1.0
dcfa8644,temporal-reasoning,rrf_cards_m13,1.0,1.0,0.8772153153380493,1.0
dcfa8644,temporal-reasoning,rrf_cards_m17,1.0,1.0,0.9197207891481876,1.0
dcfa8644,temporal-reasoning,rrf_turn_route,1.0,1.0,0.9197207891481876,1.0
dcfa8644,temporal-reasoning,dense_session_mean,,,,1.0
dcfa8644,temporal-reasoning,bm25_session,,,,1.0
gpt4_b4a80587,temporal-reasoning,turn,0.0,0.5,0.17723928678404774,1.0
gpt4_b4a80587,temporal-reasoning,sentence,0.0,0.5,0.21840743681816419,1.0
gpt4_b4a80587,temporal-reasoning,cards_hand,0.0,0.5,0.20438239758848611,1.0
gpt4_b4a80587,temporal-reasoning,pos_hand,0.0,0.5,0.20438239758848611,1.0
gpt4_b4a80587,temporal-reasoning,cards_m11,0.0,0.0,0.0,1.0
gpt4_b4a80587,temporal-reasoning,pos_m11,0.0,0.0,0.0,1.0
gpt4_b4a80587,temporal-reasoning,cards_m13,0.0,0.5,0.21840743681816419,1.0
gpt4_b4a80587,temporal-reasoning,pos_m13,0.0,0.5,0.21840743681816419,1.0
gpt4_b4a80587,temporal-reasoning,cards_m17,0.0,0.5,0.20438239758848611,1.0
gpt4_b4a80587,temporal-reasoning,pos_m17,0.0,0.5,0.21840743681816419,1.0
gpt4_b4a80587,temporal-reasoning,bm25_turn,0.5,0.5,0.6131471927654584,1.0
gpt4_b4a80587,temporal-reasoning,bm25_cards_hand,0.5,0.5,0.6131471927654584,1.0
gpt4_b4a80587,temporal-reasoning,rrf_turn,0.5,0.5,0.2640681225725909,1.0
gpt4_b4a80587,temporal-reasoning,rrf_sentence,0.5,0.5,0.38685280723454163,1.0
gpt4_b4a80587,temporal-reasoning,rrf_cards_hand,0.5,0.5,0.38685280723454163,1.0
gpt4_b4a80587,temporal-reasoning,rrf_cards_m11,0.0,0.5,0.20438239758848611,1.0
gpt4_b4a80587,temporal-reasoning,rrf_cards_m13,0.5,0.5,0.38685280723454163,1.0
gpt4_b4a80587,temporal-reasoning,rrf_cards_m17,0.5,0.5,0.38685280723454163,1.0
gpt4_b4a80587,temporal-reasoning,rrf_turn_route,0.5,1.0,0.5109559939712153,1.0
gpt4_b4a80587,temporal-reasoning,dense_session_mean,,,,1.0
gpt4_b4a80587,temporal-reasoning,bm25_session,,,,1.0
gpt4_9a159967,temporal-reasoning,turn,0.3333333333333333,0.6666666666666666,0.35853358850813305,1.0
gpt4_9a159967,temporal-reasoning,sentence,0.3333333333333333,1.0,0.6045093387918965,1.0
gpt4_9a159967,temporal-reasoning,cards_hand,0.6666666666666666,0.6666666666666666,0.6508205185601091,1.0
gpt4_9a159967,temporal-reasoning,pos_hand,0.6666666666666666,1.0,0.6546154994739983,1.0
gpt4_9a159967,temporal-reasoning,cards_m11,0.6666666666666666,1.0,0.8194270280062366,1.0
gpt4_9a159967,temporal-reasoning,pos_m11,0.6666666666666666,1.0,0.8194270280062366,1.0
gpt4_9a159967,temporal-reasoning,cards_m13,0.6666666666666666,0.6666666666666666,0.6713860725233041,1.0
gpt4_9a159967,temporal-reasoning,pos_m13,0.6666666666666666,0.6666666666666666,0.6713860725233041,1.0
gpt4_9a159967,temporal-reasoning,cards_m17,0.3333333333333333,1.0,0.7669719408901708,1.0
gpt4_9a159967,temporal-reasoning,pos_m17,0.6666666666666666,1.0,0.812653045383133,1.0
gpt4_9a159967,temporal-reasoning,bm25_turn,0.0,0.0,0.0,0.3333333333333333
gpt4_9a159967,temporal-reasoning,bm25_cards_hand,0.0,0.0,0.0,0.6666666666666666
gpt4_9a159967,temporal-reasoning,rrf_turn,0.3333333333333333,0.6666666666666666,0.36926780146674987,1.0
gpt4_9a159967,temporal-reasoning,rrf_sentence,0.3333333333333333,1.0,0.5256940434743352,1.0
gpt4_9a159967,temporal-reasoning,rrf_cards_hand,0.0,0.3333333333333333,0.15642624200758548,1.0
gpt4_9a159967,temporal-reasoning,rrf_cards_m11,0.3333333333333333,1.0,0.5256940434743352,1.0
gpt4_9a159967,temporal-reasoning,rrf_cards_m13,0.6666666666666666,0.6666666666666666,0.38364913903790027,1.0
gpt4_9a159967,temporal-reasoning,rrf_cards_m17,0.3333333333333333,1.0,0.5256940434743352,1.0
gpt4_9a159967,temporal-reasoning,rrf_turn_route,0.6666666666666666,1.0,0.5642221110316635,1.0
gpt4_9a159967,temporal-reasoning,dense_session_mean,,,,1.0
gpt4_9a159967,temporal-reasoning,bm25_session,,,,0.6666666666666666
cc6d1ec1,temporal-reasoning,turn,0.0,0.0,0.0,1.0
cc6d1ec1,temporal-reasoning,sentence,1.0,1.0,1.0,1.0
cc6d1ec1,temporal-reasoning,cards_hand,0.5,0.5,0.6131471927654584,1.0
cc6d1ec1,temporal-reasoning,pos_hand,0.5,0.5,0.6131471927654584,1.0
cc6d1ec1,temporal-reasoning,cards_m11,0.5,1.0,0.8065735963827293,1.0
cc6d1ec1,temporal-reasoning,pos_m11,1.0,1.0,1.0,1.0
cc6d1ec1,temporal-reasoning,cards_m13,1.0,1.0,1.0,1.0
cc6d1ec1,temporal-reasoning,pos_m13,1.0,1.0,1.0,1.0
cc6d1ec1,temporal-reasoning,cards_m17,1.0,1.0,0.9197207891481876,1.0
cc6d1ec1,temporal-reasoning,pos_m17,1.0,1.0,0.9197207891481876,1.0
cc6d1ec1,temporal-reasoning,bm25_turn,1.0,1.0,1.0,1.0
cc6d1ec1,temporal-reasoning,bm25_cards_hand,1.0,1.0,1.0,1.0
cc6d1ec1,temporal-reasoning,rrf_turn,0.5,1.0,0.45560514958746035,1.0
cc6d1ec1,temporal-reasoning,rrf_sentence,1.0,1.0,1.0,1.0
cc6d1ec1,temporal-reasoning,rrf_cards_hand,1.0,1.0,0.8503449055347546,1.0
cc6d1ec1,temporal-reasoning,rrf_cards_m11,1.0,1.0,1.0,1.0
cc6d1ec1,temporal-reasoning,rrf_cards_m13,1.0,1.0,1.0,1.0
cc6d1ec1,temporal-reasoning,rrf_cards_m17,1.0,1.0,1.0,1.0
cc6d1ec1,temporal-reasoning,rrf_turn_route,1.0,1.0,0.5706417189553201,1.0
cc6d1ec1,temporal-reasoning,dense_session_mean,,,,1.0
cc6d1ec1,temporal-reasoning,bm25_session,,,,1.0
gpt4_8c8961ae,temporal-reasoning,turn,0.5,0.5,0.6131471927654584,1.0
gpt4_8c8961ae,temporal-reasoning,sentence,0.5,0.5,0.38685280723454163,1.0
gpt4_8c8961ae,temporal-reasoning,cards_hand,0.5,0.5,0.38685280723454163,1.0
gpt4_8c8961ae,temporal-reasoning,pos_hand,0.5,0.5,0.38685280723454163,1.0
gpt4_8c8961ae,temporal-reasoning,cards_m11,0.5,0.5,0.38685280723454163,1.0
gpt4_8c8961ae,temporal-reasoning,pos_m11,0.5,0.5,0.38685280723454163,1.0
gpt4_8c8961ae,temporal-reasoning,cards_m13,0.5,0.5,0.38685280723454163,1.0
gpt4_8c8961ae,temporal-reasoning,pos_m13,0.5,0.5,0.38685280723454163,1.0
gpt4_8c8961ae,temporal-reasoning,cards_m17,0.5,0.5,0.38685280723454163,1.0
gpt4_8c8961ae,temporal-reasoning,pos_m17,0.5,0.5,0.38685280723454163,1.0
gpt4_8c8961ae,temporal-reasoning,bm25_turn,0.5,0.5,0.38685280723454163,1.0
gpt4_8c8961ae,temporal-reasoning,bm25_cards_hand,0.5,0.5,0.23719771276929622,1.0
gpt4_8c8961ae,temporal-reasoning,rrf_turn,0.5,0.5,0.6131471927654584,1.0
gpt4_8c8961ae,temporal-reasoning,rrf_sentence,0.5,0.5,0.6131471927654584,1.0
gpt4_8c8961ae,temporal-reasoning,rrf_cards_hand,0.5,0.5,0.38685280723454163,1.0
gpt4_8c8961ae,temporal-reasoning,rrf_cards_m11,0.5,0.5,0.6131471927654584,1.0
gpt4_8c8961ae,temporal-reasoning,rrf_cards_m13,0.5,0.5,0.6131471927654584,1.0
gpt4_8c8961ae,temporal-reasoning,rrf_cards_m17,0.5,0.5,0.6131471927654584,1.0
gpt4_8c8961ae,temporal-reasoning,rrf_turn_route,0.5,1.0,0.7903864795495061,1.0
gpt4_8c8961ae,temporal-reasoning,dense_session_mean,,,,1.0
gpt4_8c8961ae,temporal-reasoning,bm25_session,,,,1.0
gpt4_d9af6064,temporal-reasoning,turn,1.0,1.0,0.5706417189553201,1.0
gpt4_d9af6064,temporal-reasoning,sentence,0.5,1.0,0.8065735963827293,1.0
gpt4_d9af6064,temporal-reasoning,cards_hand,0.0,1.0,0.41183384043543503,1.0
gpt4_d9af6064,temporal-reasoning,pos_hand,0.0,1.0,0.40298313359773236,1.0
gpt4_d9af6064,temporal-reasoning,cards_m11,0.5,1.0,0.7977228895450266,1.0
gpt4_d9af6064,temporal-reasoning,pos_m11,0.5,1.0,0.8065735963827293,1.0
gpt4_d9af6064,temporal-reasoning,cards_m13,0.5,1.0,0.7903864795495061,1.0
gpt4_d9af6064,temporal-reasoning,pos_m13,0.5,1.0,0.7903864795495061,1.0
gpt4_d9af6064,temporal-reasoning,cards_m17,0.5,1.0,0.45749452618986164,1.0
gpt4_d9af6064,temporal-reasoning,pos_m17,0.5,1.0,0.7977228895450266,1.0
gpt4_d9af6064,temporal-reasoning,bm25_turn,0.5,1.0,0.5109559939712153,1.0
gpt4_d9af6064,temporal-reasoning,bm25_cards_hand,1.0,1.0,1.0,1.0
gpt4_d9af6064,temporal-reasoning,rrf_turn,1.0,1.0,0.5706417189553201,1.0
gpt4_d9af6064,temporal-reasoning,rrf_sentence,0.5,1.0,0.8315546295836225,1.0
gpt4_d9af6064,temporal-reasoning,rrf_cards_hand,1.0,1.0,0.5706417189553201,1.0
gpt4_d9af6064,temporal-reasoning,rrf_cards_m11,0.5,1.0,0.8315546295836225,1.0
gpt4_d9af6064,temporal-reasoning,rrf_cards_m13,0.5,1.0,0.8315546295836225,1.0
gpt4_d9af6064,temporal-reasoning,rrf_cards_m17,1.0,1.0,0.5437713091520254,1.0
gpt4_d9af6064,temporal-reasoning,rrf_turn_route,1.0,1.0,0.6934264036172708,1.0
gpt4_d9af6064,temporal-reasoning,dense_session_mean,,,,1.0
gpt4_d9af6064,temporal-reasoning,bm25_session,,,,1.0
gpt4_7de946e7,temporal-reasoning,turn,0.5,1.0,0.8175295903539445,1.0
gpt4_7de946e7,temporal-reasoning,sentence,1.0,1.0,0.5706417189553201,1.0
gpt4_7de946e7,temporal-reasoning,cards_hand,1.0,1.0,0.5012658353418871,1.0
gpt4_7de946e7,temporal-reasoning,pos_hand,1.0,1.0,0.5706417189553201,1.0
gpt4_7de946e7,temporal-reasoning,cards_m11,1.0,1.0,0.5706417189553201,1.0
gpt4_7de946e7,temporal-reasoning,pos_m11,1.0,1.0,0.5437713091520254,1.0
gpt4_7de946e7,temporal-reasoning,cards_m13,0.5,1.0,0.5802792108518124,1.0
gpt4_7de946e7,temporal-reasoning,pos_m13,0.5,1.0,0.5249810332008933,1.0
gpt4_7de946e7,temporal-reasoning,cards_m17,1.0,1.0,0.5706417189553201,1.0
gpt4_7de946e7,temporal-reasoning,pos_m17,1.0,1.0,0.5437713091520254,1.0
gpt4_7de946e7,temporal-reasoning,bm25_turn,1.0,1.0,0.5706417189553201,1.0
gpt4_7de946e7,temporal-reasoning,bm25_cards_hand,1.0,1.0,0.8503449055347546,1.0
gpt4_7de946e7,temporal-reasoning,rrf_turn,1.0,1.0,0.8503449055347546,1.0
gpt4_7de946e7,temporal-reasoning,rrf_sentence,1.0,1.0,0.5706417189553201,1.0
gpt4_7de946e7,temporal-reasoning,rrf_cards_hand,1.0,1.0,0.5437713091520254,1.0
gpt4_7de946e7,temporal-reasoning,rrf_cards_m11,1.0,1.0,0.5706417189553201,1.0
gpt4_7de946e7,temporal-reasoning,rrf_cards_m13,0.5,1.0,0.6052602440527057,1.0
gpt4_7de946e7,temporal-reasoning,rrf_cards_m17,1.0,1.0,0.5706417189553201,1.0
gpt4_7de946e7,temporal-reasoning,rrf_turn_route,1.0,1.0,0.8772153153380493,1.0
gpt4_7de946e7,temporal-reasoning,dense_session_mean,,,,1.0
gpt4_7de946e7,temporal-reasoning,bm25_session,,,,1.0
d01c6aa8,temporal-reasoning,turn,0.5,0.5,0.38685280723454163,1.0
d01c6aa8,temporal-reasoning,sentence,0.5,0.5,0.38685280723454163,1.0
d01c6aa8,temporal-reasoning,cards_hand,0.5,0.5,0.6131471927654584,1.0
d01c6aa8,temporal-reasoning,pos_hand,0.5,0.5,0.38685280723454163,1.0
d01c6aa8,temporal-reasoning,cards_m11,0.5,0.5,0.38685280723454163,1.0
d01c6aa8,temporal-reasoning,pos_m11,0.5,0.5,0.38685280723454163,1.0
d01c6aa8,temporal-reasoning,cards_m13,0.5,0.5,0.38685280723454163,1.0
d01c6aa8,temporal-reasoning,pos_m13,0.5,0.5,0.38685280723454163,1.0
d01c6aa8,temporal-reasoning,cards_m17,0.5,0.5,0.38685280723454163,1.0
d01c6aa8,temporal-reasoning,pos_m17,0.5,0.5,0.38685280723454163,1.0
d01c6aa8,temporal-reasoning,bm25_turn,0.0,0.5,0.21840743681816419,1.0
d01c6aa8,temporal-reasoning,bm25_cards_hand,0.5,0.5,0.2640681225725909,1.0
d01c6aa8,temporal-reasoning,rrf_turn,0.5,1.0,0.42177340954886444,1.0
d01c6aa8,temporal-reasoning,rrf_sentence,0.5,0.5,0.3065735963827292,1.0
d01c6aa8,temporal-reasoning,rrf_cards_hand,0.5,1.0,0.41443699955334395,1.0
d01c6aa8,temporal-reasoning,rrf_cards_m11,0.5,0.5,0.2640681225725909,1.0
d01c6aa8,temporal-reasoning,rrf_cards_m13,0.5,0.5,0.2640681225725909,1.0
d01c6aa8,temporal-reasoning,rrf_cards_m17,0.5,0.5,0.2640681225725909,1.0
d01c6aa8,temporal-reasoning,rrf_turn_route,0.5,1.0,0.5249810332008933,1.0
d01c6aa8,temporal-reasoning,dense_session_mean,,,,1.0
d01c6aa8,temporal-reasoning,bm25_session,,,,1.0
993da5e2,temporal-reasoning,turn,0.5,1.0,0.7977228895450266,1.0
993da5e2,temporal-reasoning,sentence,1.0,1.0,0.8772153153380493,1.0
993da5e2,temporal-reasoning,cards_hand,1.0,1.0,0.9197207891481876,1.0
993da5e2,temporal-reasoning,pos_hand,1.0,1.0,0.9197207891481876,1.0
993da5e2,temporal-reasoning,cards_m11,0.5,0.5,0.2640681225725909,1.0
993da5e2,temporal-reasoning,pos_m11,1.0,1.0,0.9197207891481876,1.0
993da5e2,temporal-reasoning,cards_m13,1.0,1.0,0.6934264036172708,1.0
993da5e2,temporal-reasoning,pos_m13,1.0,1.0,0.9197207891481876,1.0
993da5e2,temporal-reasoning,cards_m17,1.0,1.0,0.5706417189553201,1.0
993da5e2,temporal-reasoning,pos_m17,1.0,1.0,0.8772153153380493,1.0
993da5e2,temporal-reasoning,bm25_turn,1.0,1.0,1.0,1.0
993da5e2,temporal-reasoning,bm25_cards_hand,1.0,1.0,0.8772153153380493,1.0
993da5e2,temporal-reasoning,rrf_turn,1.0,1.0,0.9197207891481876,1.0
993da5e2,temporal-reasoning,rrf_sentence,1.0,1.0,1.0,1.0
993da5e2,temporal-reasoning,rrf_cards_hand,1.0,1.0,1.0,1.0
993da5e2,temporal-reasoning,rrf_cards_m11,0.5,1.0,0.8315546295836225,1.0
993da5e2,temporal-reasoning,rrf_cards_m13,1.0,1.0,1.0,1.0
993da5e2,temporal-reasoning,rrf_cards_m17,1.0,1.0,0.9197207891481876,1.0
993da5e2,temporal-reasoning,rrf_turn_route,1.0,1.0,1.0,1.0
993da5e2,temporal-reasoning,dense_session_mean,,,,1.0
993da5e2,temporal-reasoning,bm25_session,,,,1.0
a3045048,temporal-reasoning,turn,0.5,0.5,0.2640681225725909,1.0
a3045048,temporal-reasoning,sentence,1.0,1.0,0.6934264036172708,1.0
a3045048,temporal-reasoning,cards_hand,0.5,0.5,0.6131471927654584,1.0
a3045048,temporal-reasoning,pos_hand,0.5,0.5,0.6131471927654584,1.0
a3045048,temporal-reasoning,cards_m11,1.0,1.0,0.6934264036172708,1.0
a3045048,temporal-reasoning,pos_m11,0.5,0.5,0.38685280723454163,1.0
a3045048,temporal-reasoning,cards_m13,0.5,0.5,0.3065735963827292,1.0
a3045048,temporal-reasoning,pos_m13,0.5,0.5,0.3065735963827292,1.0
a3045048,temporal-reasoning,cards_m17,1.0,1.0,0.9197207891481876,1.0
a3045048,temporal-reasoning,pos_m17,1.0,1.0,0.6934264036172708,1.0
a3045048,temporal-reasoning,bm25_turn,1.0,1.0,0.8503449055347546,1.0
a3045048,temporal-reasoning,bm25_cards_hand,0.5,1.0,0.8175295903539445,1.0
a3045048,temporal-reasoning,rrf_turn,0.5,1.0,0.8175295903539445,1.0
a3045048,temporal-reasoning,rrf_sentence,1.0,1.0,0.6509209298071326,1.0
a3045048,temporal-reasoning,rrf_cards_hand,0.5,1.0,0.7977228895450266,1.0
a3045048,temporal-reasoning,rrf_cards_m11,1.0,1.0,0.6509209298071326,1.0
a3045048,temporal-reasoning,rrf_cards_m13,0.5,1.0,0.5802792108518124,1.0
a3045048,temporal-reasoning,rrf_cards_m17,1.0,1.0,0.8772153153380493,1.0
a3045048,temporal-reasoning,rrf_turn_route,1.0,1.0,0.8503449055347546,1.0
a3045048,temporal-reasoning,dense_session_mean,,,,0.5
a3045048,temporal-reasoning,bm25_session,,,,1.0
gpt4_d31cdae3,temporal-reasoning,turn,0.0,0.5,0.18457569677956817,0.5
gpt4_d31cdae3,temporal-reasoning,sentence,0.0,0.5,0.17723928678404774,1.0
gpt4_d31cdae3,temporal-reasoning,cards_hand,0.0,0.0,0.0,0.5
gpt4_d31cdae3,temporal-reasoning,pos_hand,0.0,0.0,0.0,0.5
gpt4_d31cdae3,temporal-reasoning,cards_m11,0.0,0.0,0.0,0.5
gpt4_d31cdae3,temporal-reasoning,pos_m11,0.0,0.0,0.0,0.5
gpt4_d31cdae3,temporal-reasoning,cards_m13,0.0,0.0,0.0,0.5
gpt4_d31cdae3,temporal-reasoning,pos_m13,0.0,0.0,0.0,0.5
gpt4_d31cdae3,temporal-reasoning,cards_m17,0.0,0.0,0.0,0.5
gpt4_d31cdae3,temporal-reasoning,pos_m17,0.0,0.0,0.0,0.5
gpt4_d31cdae3,temporal-reasoning,bm25_turn,1.0,1.0,1.0,1.0
gpt4_d31cdae3,temporal-reasoning,bm25_cards_hand,1.0,1.0,0.8772153153380493,1.0
gpt4_d31cdae3,temporal-reasoning,rrf_turn,0.5,1.0,0.7903864795495061,1.0
gpt4_d31cdae3,temporal-reasoning,rrf_sentence,1.0,1.0,0.5437713091520254,1.0
gpt4_d31cdae3,temporal-reasoning,rrf_cards_hand,0.5,1.0,0.48247555939075504,1.0
gpt4_d31cdae3,temporal-reasoning,rrf_cards_m11,0.5,1.0,0.5249810332008933,1.0
gpt4_d31cdae3,temporal-reasoning,rrf_cards_m13,0.5,1.0,0.46845052016107697,1.0
gpt4_d31cdae3,temporal-reasoning,rrf_cards_m17,0.5,1.0,0.48247555939075504,1.0
gpt4_d31cdae3,temporal-reasoning,rrf_turn_route,1.0,1.0,0.8503449055347546,1.0
gpt4_d31cdae3,temporal-reasoning,dense_session_mean,,,,0.5
gpt4_d31cdae3,temporal-reasoning,bm25_session,,,,1.0
gpt4_cd90e484,temporal-reasoning,turn,1.0,1.0,0.6934264036172708,1.0
gpt4_cd90e484,temporal-reasoning,sentence,1.0,1.0,0.8772153153380493,1.0
gpt4_cd90e484,temporal-reasoning,cards_hand,1.0,1.0,0.8772153153380493,1.0
gpt4_cd90e484,temporal-reasoning,pos_hand,1.0,1.0,0.8772153153380493,1.0
gpt4_cd90e484,temporal-reasoning,cards_m11,1.0,1.0,0.9197207891481876,1.0
gpt4_cd90e484,temporal-reasoning,pos_m11,1.0,1.0,0.9197207891481876,1.0
gpt4_cd90e484,temporal-reasoning,cards_m13,1.0,1.0,0.9197207891481876,1.0
gpt4_cd90e484,temporal-reasoning,pos_m13,1.0,1.0,0.9197207891481876,1.0
gpt4_cd90e484,temporal-reasoning,cards_m17,1.0,1.0,0.8772153153380493,1.0
gpt4_cd90e484,temporal-reasoning,pos_m17,1.0,1.0,0.8772153153380493,1.0
gpt4_cd90e484,temporal-reasoning,bm25_turn,1.0,1.0,1.0,1.0
gpt4_cd90e484,temporal-reasoning,bm25_cards_hand,1.0,1.0,0.8503449055347546,1.0
gpt4_cd90e484,temporal-reasoning,rrf_turn,1.0,1.0,1.0,1.0
gpt4_cd90e484,temporal-reasoning,rrf_sentence,1.0,1.0,1.0,1.0
gpt4_cd90e484,temporal-reasoning,rrf_cards_hand,1.0,1.0,0.8772153153380493,1.0
gpt4_cd90e484,temporal-reasoning,rrf_cards_m11,1.0,1.0,1.0,1.0
gpt4_cd90e484,temporal-reasoning,rrf_cards_m13,1.0,1.0,1.0,1.0
gpt4_cd90e484,temporal-reasoning,rrf_cards_m17,1.0,1.0,1.0,1.0
gpt4_cd90e484,temporal-reasoning,rrf_turn_route,1.0,1.0,1.0,1.0
gpt4_cd90e484,temporal-reasoning,dense_session_mean,,,,1.0
gpt4_cd90e484,temporal-reasoning,bm25_session,,,,1.0
gpt4_88806d6e,temporal-reasoning,turn,0.5,1.0,0.45560514958746035,1.0
gpt4_88806d6e,temporal-reasoning,sentence,0.0,0.5,0.20438239758848611,1.0
gpt4_88806d6e,temporal-reasoning,cards_hand,0.0,0.5,0.21840743681816419,1.0
gpt4_88806d6e,temporal-reasoning,pos_hand,0.0,0.5,0.21840743681816419,1.0
gpt4_88806d6e,temporal-reasoning,cards_m11,0.0,0.5,0.21840743681816419,1.0
gpt4_88806d6e,temporal-reasoning,pos_m11,0.0,1.0,0.39564672360221187,1.0
gpt4_88806d6e,temporal-reasoning,cards_m13,0.5,0.5,0.23719771276929622,1.0
gpt4_88806d6e,temporal-reasoning,pos_m13,0.5,0.5,0.23719771276929622,1.0
gpt4_88806d6e,temporal-reasoning,cards_m17,0.0,1.0,0.3706656904013186,1.0
gpt4_88806d6e,temporal-reasoning,pos_m17,0.0,0.5,0.18457569677956817,1.0
gpt4_88806d6e,temporal-reasoning,bm25_turn,0.5,0.5,0.6131471927654584,1.0
gpt4_88806d6e,temporal-reasoning,bm25_cards_hand,0.5,1.0,0.5,1.0
gpt4_88806d6e,temporal-reasoning,rrf_turn,0.5,1.0,0.8175295903539445,1.0
gpt4_88806d6e,temporal-reasoning,rrf_sentence,0.0,1.0,0.39564672360221187,1.0
gpt4_88806d6e,temporal-reasoning,rrf_cards_hand,0.5,1.0,0.45560514958746035,1.0
gpt4_88806d6e,temporal-reasoning,rrf_cards_m11,0.5,1.0,0.448643819352159,1.0
gpt4_88806d6e,temporal-reasoning,rrf_cards_m13,0.5,1.0,0.430624116386567,1.0
gpt4_88806d6e,temporal-reasoning,rrf_cards_m17,0.5,1.0,0.44130740935663865,1.0
gpt4_88806d6e,temporal-reasoning,rrf_turn_route,1.0,1.0,0.8503449055347546,1.0
gpt4_88806d6e,temporal-reasoning,dense_session_mean,,,,1.0
gpt4_88806d6e,temporal-reasoning,bm25_session,,,,1.0
gpt4_4cd9eba1,temporal-reasoning,turn,1.0,1.0,0.8772153153380493,1.0
gpt4_4cd9eba1,temporal-reasoning,sentence,1.0,1.0,1.0,1.0
gpt4_4cd9eba1,temporal-reasoning,cards_hand,1.0,1.0,1.0,1.0
gpt4_4cd9eba1,temporal-reasoning,pos_hand,1.0,1.0,1.0,1.0
gpt4_4cd9eba1,temporal-reasoning,cards_m11,1.0,1.0,1.0,1.0
gpt4_4cd9eba1,temporal-reasoning,pos_m11,1.0,1.0,1.0,1.0
gpt4_4cd9eba1,temporal-reasoning,cards_m13,1.0,1.0,1.0,1.0
gpt4_4cd9eba1,temporal-reasoning,pos_m13,1.0,1.0,1.0,1.0
gpt4_4cd9eba1,temporal-reasoning,cards_m17,1.0,1.0,1.0,1.0
gpt4_4cd9eba1,temporal-reasoning,pos_m17,1.0,1.0,1.0,1.0
gpt4_4cd9eba1,temporal-reasoning,bm25_turn,1.0,1.0,1.0,1.0
gpt4_4cd9eba1,temporal-reasoning,bm25_cards_hand,1.0,1.0,0.9197207891481876,1.0
gpt4_4cd9eba1,temporal-reasoning,rrf_turn,1.0,1.0,1.0,1.0
gpt4_4cd9eba1,temporal-reasoning,rrf_sentence,1.0,1.0,1.0,1.0
gpt4_4cd9eba1,temporal-reasoning,rrf_cards_hand,1.0,1.0,1.0,1.0
gpt4_4cd9eba1,temporal-reasoning,rrf_cards_m11,1.0,1.0,1.0,1.0
gpt4_4cd9eba1,temporal-reasoning,rrf_cards_m13,1.0,1.0,1.0,1.0
gpt4_4cd9eba1,temporal-reasoning,rrf_cards_m17,1.0,1.0,1.0,1.0
gpt4_4cd9eba1,temporal-reasoning,rrf_turn_route,1.0,1.0,1.0,1.0
gpt4_4cd9eba1,temporal-reasoning,dense_session_mean,,,,1.0
gpt4_4cd9eba1,temporal-reasoning,bm25_session,,,,1.0
gpt4_93f6379c,temporal-reasoning,turn,1.0,1.0,1.0,1.0
gpt4_93f6379c,temporal-reasoning,sentence,1.0,1.0,1.0,1.0
gpt4_93f6379c,temporal-reasoning,cards_hand,0.5,0.5,0.6131471927654584,1.0
gpt4_93f6379c,temporal-reasoning,pos_hand,0.5,0.5,0.38685280723454163,1.0
gpt4_93f6379c,temporal-reasoning,cards_m11,0.5,0.5,0.2640681225725909,1.0
gpt4_93f6379c,temporal-reasoning,pos_m11,0.5,0.5,0.6131471927654584,1.0
gpt4_93f6379c,temporal-reasoning,cards_m13,0.5,0.5,0.2640681225725909,1.0
gpt4_93f6379c,temporal-reasoning,pos_m13,0.5,0.5,0.6131471927654584,1.0
gpt4_93f6379c,temporal-reasoning,cards_m17,0.5,0.5,0.6131471927654584,1.0
gpt4_93f6379c,temporal-reasoning,pos_m17,0.5,0.5,0.6131471927654584,1.0
gpt4_93f6379c,temporal-reasoning,bm25_turn,1.0,1.0,0.6934264036172708,0.6666666666666666
gpt4_93f6379c,temporal-reasoning,bm25_cards_hand,1.0,1.0,0.5706417189553201,0.6666666666666666
gpt4_93f6379c,temporal-reasoning,rrf_turn,1.0,1.0,0.9197207891481876,1.0
gpt4_93f6379c,temporal-reasoning,rrf_sentence,1.0,1.0,1.0,1.0
gpt4_93f6379c,temporal-reasoning,rrf_cards_hand,1.0,1.0,0.8503449055347546,1.0
gpt4_93f6379c,temporal-reasoning,rrf_cards_m11,0.5,1.0,0.5249810332008933,1.0
gpt4_93f6379c,temporal-reasoning,rrf_cards_m13,0.5,1.0,0.5249810332008933,1.0
gpt4_93f6379c,temporal-reasoning,rrf_cards_m17,0.5,1.0,0.6052602440527057,1.0
gpt4_93f6379c,temporal-reasoning,rrf_turn_route,1.0,1.0,1.0,1.0
gpt4_93f6379c,temporal-reasoning,dense_session_mean,,,,0.6666666666666666
gpt4_93f6379c,temporal-reasoning,bm25_session,,,,0.6666666666666666
b29f3365,temporal-reasoning,turn,0.5,0.5,0.38685280723454163,1.0
b29f3365,temporal-reasoning,sentence,1.0,1.0,1.0,1.0
b29f3365,temporal-reasoning,cards_hand,1.0,1.0,1.0,1.0
b29f3365,temporal-reasoning,pos_hand,1.0,1.0,1.0,1.0
b29f3365,temporal-reasoning,cards_m11,1.0,1.0,0.5012658353418871,1.0
b29f3365,temporal-reasoning,pos_m11,1.0,1.0,0.8503449055347546,1.0
b29f3365,temporal-reasoning,cards_m13,1.0,1.0,0.5437713091520254,1.0
b29f3365,temporal-reasoning,pos_m13,1.0,1.0,0.8772153153380493,1.0
b29f3365,temporal-reasoning,cards_m17,1.0,1.0,0.8503449055347546,1.0
b29f3365,temporal-reasoning,pos_m17,1.0,1.0,1.0,1.0
b29f3365,temporal-reasoning,bm25_turn,1.0,1.0,0.6240505200038379,1.0
b29f3365,temporal-reasoning,bm25_cards_hand,0.5,1.0,0.6052602440527057,1.0
b29f3365,temporal-reasoning,rrf_turn,0.5,1.0,0.7903864795495061,1.0
b29f3365,temporal-reasoning,rrf_sentence,1.0,1.0,0.9197207891481876,1.0
b29f3365,temporal-reasoning,rrf_cards_hand,1.0,1.0,0.9197207891481876,1.0
b29f3365,temporal-reasoning,rrf_cards_m11,1.0,1.0,0.6934264036172708,1.0
b29f3365,temporal-reasoning,rrf_cards_m13,1.0,1.0,0.6934264036172708,1.0
b29f3365,temporal-reasoning,rrf_cards_m17,1.0,1.0,0.6934264036172708,1.0
b29f3365,temporal-reasoning,rrf_turn_route,0.5,1.0,0.8315546295836225,1.0
b29f3365,temporal-reasoning,dense_session_mean,,,,1.0
b29f3365,temporal-reasoning,bm25_session,,,,1.0
gpt4_2f56ae70,temporal-reasoning,turn,0.6666666666666666,0.6666666666666666,0.7653606369886217,0.6666666666666666
gpt4_2f56ae70,temporal-reasoning,sentence,0.6666666666666666,0.6666666666666666,0.7039180890341347,0.6666666666666666
gpt4_2f56ae70,temporal-reasoning,cards_hand,0.6666666666666666,0.6666666666666666,0.7653606369886217,0.6666666666666666
gpt4_2f56ae70,temporal-reasoning,pos_hand,0.6666666666666666,0.6666666666666666,0.7653606369886217,0.6666666666666666
gpt4_2f56ae70,temporal-reasoning,cards_m11,0.6666666666666666,0.6666666666666666,0.7039180890341347,0.6666666666666666
gpt4_2f56ae70,temporal-reasoning,pos_m11,0.6666666666666666,0.6666666666666666,0.7653606369886217,0.6666666666666666
gpt4_2f56ae70,temporal-reasoning,cards_m13,0.6666666666666666,0.6666666666666666,0.7653606369886217,0.6666666666666666
gpt4_2f56ae70,temporal-reasoning,pos_m13,0.6666666666666666,0.6666666666666666,0.7653606369886217,0.6666666666666666
gpt4_2f56ae70,temporal-reasoning,cards_m17,0.6666666666666666,0.6666666666666666,0.7653606369886217,0.6666666666666666
gpt4_2f56ae70,temporal-reasoning,pos_m17,0.6666666666666666,0.6666666666666666,0.7653606369886217,0.6666666666666666
gpt4_2f56ae70,temporal-reasoning,bm25_turn,0.0,0.0,0.0,0.3333333333333333
gpt4_2f56ae70,temporal-reasoning,bm25_cards_hand,0.0,0.0,0.0,0.3333333333333333
gpt4_2f56ae70,temporal-reasoning,rrf_turn,0.3333333333333333,0.6666666666666666,0.43734888382569426,0.6666666666666666
gpt4_2f56ae70,temporal-reasoning,rrf_sentence,0.3333333333333333,0.6666666666666666,0.370291336443826,1.0
gpt4_2f56ae70,temporal-reasoning,rrf_cards_hand,0.3333333333333333,0.3333333333333333,0.20210734650054757,1.0
gpt4_2f56ae70,temporal-reasoning,rrf_cards_m11,0.3333333333333333,0.6666666666666666,0.370291336443826,0.6666666666666666
gpt4_2f56ae70,temporal-reasoning,rrf_cards_m13,0.3333333333333333,0.6666666666666666,0.37590633587120725,0.6666666666666666
gpt4_2f56ae70,temporal-reasoning,rrf_cards_m17,0.3333333333333333,0.6666666666666666,0.37590633587120725,0.6666666666666666
gpt4_2f56ae70,temporal-reasoning,rrf_turn_route,0.3333333333333333,0.6666666666666666,0.6364391809889587,0.6666666666666666
gpt4_2f56ae70,temporal-reasoning,dense_session_mean,,,,0.6666666666666666
gpt4_2f56ae70,temporal-reasoning,bm25_session,,,,1.0
6613b389,temporal-reasoning,turn,0.5,0.5,0.3065735963827292,1.0
6613b389,temporal-reasoning,sentence,0.5,0.5,0.6131471927654584,1.0
6613b389,temporal-reasoning,cards_hand,0.5,0.5,0.6131471927654584,1.0
6613b389,temporal-reasoning,pos_hand,0.5,0.5,0.23719771276929622,1.0
6613b389,temporal-reasoning,cards_m11,0.5,0.5,0.6131471927654584,1.0
6613b389,temporal-reasoning,pos_m11,0.5,0.5,0.6131471927654584,1.0
6613b389,temporal-reasoning,cards_m13,0.0,0.5,0.21840743681816419,1.0
6613b389,temporal-reasoning,pos_m13,0.0,0.5,0.21840743681816419,1.0
6613b389,temporal-reasoning,cards_m17,0.5,0.5,0.6131471927654584,1.0
6613b389,temporal-reasoning,pos_m17,0.5,0.5,0.23719771276929622,1.0
6613b389,temporal-reasoning,bm25_turn,1.0,1.0,0.6240505200038379,0.6666666666666666
6613b389,temporal-reasoning,bm25_cards_hand,0.5,0.5,0.23719771276929622,0.6666666666666666
6613b389,temporal-reasoning,rrf_turn,1.0,1.0,0.6240505200038379,0.6666666666666666
6613b389,temporal-reasoning,rrf_sentence,0.5,1.0,0.8315546295836225,0.6666666666666666
6613b389,temporal-reasoning,rrf_cards_hand,0.5,1.0,0.7977228895450266,0.6666666666666666
6613b389,temporal-reasoning,rrf_cards_m11,0.5,1.0,0.8315546295836225,0.6666666666666666
6613b389,temporal-reasoning,rrf_cards_m13,0.5,1.0,0.8315546295836225,0.6666666666666666
6613b389,temporal-reasoning,rrf_cards_m17,1.0,1.0,0.8503449055347546,0.6666666666666666
6613b389,temporal-reasoning,rrf_turn_route,1.0,1.0,0.6509209298071326,0.6666666666666666
6613b389,temporal-reasoning,dense_session_mean,,,,1.0
6613b389,temporal-reasoning,bm25_session,,,,0.6666666666666666
gpt4_78cf46a3,temporal-reasoning,turn,0.5,0.5,0.6131471927654584,0.5
gpt4_78cf46a3,temporal-reasoning,sentence,1.0,1.0,0.8503449055347546,1.0
gpt4_78cf46a3,temporal-reasoning,cards_hand,0.5,1.0,0.8315546295836225,1.0
gpt4_78cf46a3,temporal-reasoning,pos_hand,1.0,1.0,0.8503449055347546,1.0
gpt4_78cf46a3,temporal-reasoning,cards_m11,0.5,0.5,0.6131471927654584,1.0
gpt4_78cf46a3,temporal-reasoning,pos_m11,1.0,1.0,0.8503449055347546,1.0
gpt4_78cf46a3,temporal-reasoning,cards_m13,1.0,1.0,0.8503449055347546,1.0
gpt4_78cf46a3,temporal-reasoning,pos_m13,1.0,1.0,0.8503449055347546,1.0
gpt4_78cf46a3,temporal-reasoning,cards_m17,0.5,0.5,0.6131471927654584,1.0
gpt4_78cf46a3,temporal-reasoning,pos_m17,0.5,0.5,0.6131471927654584,1.0
gpt4_78cf46a3,temporal-reasoning,bm25_turn,1.0,1.0,0.6934264036172708,1.0
gpt4_78cf46a3,temporal-reasoning,bm25_cards_hand,1.0,1.0,0.6934264036172708,1.0
gpt4_78cf46a3,temporal-reasoning,rrf_turn,1.0,1.0,0.8503449055347546,1.0
gpt4_78cf46a3,temporal-reasoning,rrf_sentence,1.0,1.0,0.9197207891481876,1.0
gpt4_78cf46a3,temporal-reasoning,rrf_cards_hand,1.0,1.0,0.9197207891481876,1.0
gpt4_78cf46a3,temporal-reasoning,rrf_cards_m11,0.5,1.0,0.8315546295836225,1.0
gpt4_78cf46a3,temporal-reasoning,rrf_cards_m13,1.0,1.0,0.9197207891481876,1.0
gpt4_78cf46a3,temporal-reasoning,rrf_cards_m17,0.5,1.0,0.8315546295836225,1.0
gpt4_78cf46a3,temporal-reasoning,rrf_turn_route,1.0,1.0,0.9197207891481876,1.0
gpt4_78cf46a3,temporal-reasoning,dense_session_mean,,,,0.5
gpt4_78cf46a3,temporal-reasoning,bm25_session,,,,1.0
gpt4_0a05b494,temporal-reasoning,turn,0.5,1.0,0.8175295903539445,1.0
gpt4_0a05b494,temporal-reasoning,sentence,1.0,1.0,1.0,1.0
gpt4_0a05b494,temporal-reasoning,cards_hand,1.0,1.0,1.0,1.0
gpt4_0a05b494,temporal-reasoning,pos_hand,0.5,1.0,0.7903864795495061,1.0
gpt4_0a05b494,temporal-reasoning,cards_m11,1.0,1.0,1.0,1.0
gpt4_0a05b494,temporal-reasoning,pos_m11,0.5,1.0,0.7903864795495061,1.0
gpt4_0a05b494,temporal-reasoning,cards_m13,1.0,1.0,1.0,1.0
gpt4_0a05b494,temporal-reasoning,pos_m13,0.5,0.5,0.6131471927654584,1.0
gpt4_0a05b494,temporal-reasoning,cards_m17,0.5,1.0,0.7903864795495061,1.0
gpt4_0a05b494,temporal-reasoning,pos_m17,0.5,0.5,0.6131471927654584,1.0
gpt4_0a05b494,temporal-reasoning,bm25_turn,1.0,1.0,1.0,1.0
gpt4_0a05b494,temporal-reasoning,bm25_cards_hand,1.0,1.0,0.9197207891481876,1.0
gpt4_0a05b494,temporal-reasoning,rrf_turn,1.0,1.0,1.0,1.0
gpt4_0a05b494,temporal-reasoning,rrf_sentence,1.0,1.0,1.0,1.0
gpt4_0a05b494,temporal-reasoning,rrf_cards_hand,1.0,1.0,1.0,1.0
gpt4_0a05b494,temporal-reasoning,rrf_cards_m11,1.0,1.0,1.0,1.0
gpt4_0a05b494,temporal-reasoning,rrf_cards_m13,1.0,1.0,1.0,1.0
gpt4_0a05b494,temporal-reasoning,rrf_cards_m17,1.0,1.0,0.9197207891481876,1.0
gpt4_0a05b494,temporal-reasoning,rrf_turn_route,1.0,1.0,1.0,1.0
gpt4_0a05b494,temporal-reasoning,dense_session_mean,,,,1.0
gpt4_0a05b494,temporal-reasoning,bm25_session,,,,1.0
gpt4_1a1dc16d,temporal-reasoning,turn,0.0,0.0,0.0,1.0
gpt4_1a1dc16d,temporal-reasoning,sentence,1.0,1.0,0.5706417189553201,1.0
gpt4_1a1dc16d,temporal-reasoning,cards_hand,0.0,0.0,0.0,1.0
gpt4_1a1dc16d,temporal-reasoning,pos_hand,0.0,0.0,0.0,1.0
gpt4_1a1dc16d,temporal-reasoning,cards_m11,1.0,1.0,0.5706417189553201,1.0
gpt4_1a1dc16d,temporal-reasoning,pos_m11,0.5,1.0,0.5640920940185894,1.0
gpt4_1a1dc16d,temporal-reasoning,cards_m13,0.0,0.0,0.0,1.0
gpt4_1a1dc16d,temporal-reasoning,pos_m13,0.0,0.5,0.18457569677956817,1.0
gpt4_1a1dc16d,temporal-reasoning,cards_m17,0.5,0.5,0.38685280723454163,1.0
gpt4_1a1dc16d,temporal-reasoning,pos_m17,0.5,1.0,0.5640920940185894,1.0
gpt4_1a1dc16d,temporal-reasoning,bm25_turn,1.0,1.0,0.5706417189553201,1.0
gpt4_1a1dc16d,temporal-reasoning,bm25_cards_hand,0.5,0.5,0.23719771276929622,1.0
gpt4_1a1dc16d,temporal-reasoning,rrf_turn,0.5,1.0,0.45560514958746035,1.0
gpt4_1a1dc16d,temporal-reasoning,rrf_sentence,1.0,1.0,0.6509209298071326,1.0
gpt4_1a1dc16d,temporal-reasoning,rrf_cards_hand,0.5,0.5,0.23719771276929622,1.0
gpt4_1a1dc16d,temporal-reasoning,rrf_cards_m11,1.0,1.0,0.6509209298071326,1.0
gpt4_1a1dc16d,temporal-reasoning,rrf_cards_m13,1.0,1.0,0.5012658353418871,1.0
gpt4_1a1dc16d,temporal-reasoning,rrf_cards_m17,1.0,1.0,0.8503449055347546,1.0
gpt4_1a1dc16d,temporal-reasoning,rrf_turn_route,1.0,1.0,0.5706417189553201,1.0
gpt4_1a1dc16d,temporal-reasoning,dense_session_mean,,,,1.0
gpt4_1a1dc16d,temporal-reasoning,bm25_session,,,,1.0
gpt4_2f584639,temporal-reasoning,turn,0.5,0.5,0.23719771276929622,1.0
gpt4_2f584639,temporal-reasoning,sentence,0.5,1.0,0.48247555939075504,1.0
gpt4_2f584639,temporal-reasoning,cards_hand,1.0,1.0,0.5012658353418871,1.0
gpt4_2f584639,temporal-reasoning,pos_hand,0.5,1.0,0.44130740935663865,1.0
gpt4_2f584639,temporal-reasoning,cards_m11,0.5,1.0,0.48381288316677695,1.0
gpt4_2f584639,temporal-reasoning,pos_m11,0.5,1.0,0.48381288316677695,1.0
gpt4_2f584639,temporal-reasoning,cards_m13,0.0,1.0,0.38162168437253385,1.0
gpt4_2f584639,temporal-reasoning,pos_m13,0.0,1.0,0.3889580943680543,1.0
gpt4_2f584639,temporal-reasoning,cards_m17,0.5,0.5,0.2640681225725909,1.0
gpt4_2f584639,temporal-reasoning,pos_m17,0.5,0.5,0.2640681225725909,1.0
gpt4_2f584639,temporal-reasoning,bm25_turn,1.0,1.0,0.6934264036172708,1.0
gpt4_2f584639,temporal-reasoning,bm25_cards_hand,1.0,1.0,0.8503449055347546,1.0
gpt4_2f584639,temporal-reasoning,rrf_turn,0.5,1.0,0.48247555939075504,1.0
gpt4_2f584639,temporal-reasoning,rrf_sentence,1.0,1.0,0.6934264036172708,1.0
gpt4_2f584639,temporal-reasoning,rrf_cards_hand,1.0,1.0,0.6934264036172708,1.0
gpt4_2f584639,temporal-reasoning,rrf_cards_m11,1.0,1.0,0.8772153153380493,1.0
gpt4_2f584639,temporal-reasoning,rrf_cards_m13,0.5,1.0,0.48247555939075504,1.0
gpt4_2f584639,temporal-reasoning,rrf_cards_m17,0.5,1.0,0.5912352048230277,1.0
gpt4_2f584639,temporal-reasoning,rrf_turn_route,1.0,1.0,0.6934264036172708,1.0
gpt4_2f584639,temporal-reasoning,dense_session_mean,,,,1.0
gpt4_2f584639,temporal-reasoning,bm25_session,,,,1.0
gpt4_213fd887,temporal-reasoning,turn,0.5,0.5,0.3065735963827292,1.0
gpt4_213fd887,temporal-reasoning,sentence,0.5,0.5,0.6131471927654584,1.0
gpt4_213fd887,temporal-reasoning,cards_hand,0.5,0.5,0.2640681225725909,1.0
gpt4_213fd887,temporal-reasoning,pos_hand,0.5,0.5,0.2640681225725909,1.0
gpt4_213fd887,temporal-reasoning,cards_m11,0.5,0.5,0.6131471927654584,1.0
gpt4_213fd887,temporal-reasoning,pos_m11,0.5,0.5,0.6131471927654584,1.0
gpt4_213fd887,temporal-reasoning,cards_m13,0.5,0.5,0.6131471927654584,1.0
gpt4_213fd887,temporal-reasoning,pos_m13,0.5,0.5,0.6131471927654584,1.0
gpt4_213fd887,temporal-reasoning,cards_m17,0.5,0.5,0.6131471927654584,1.0
gpt4_213fd887,temporal-reasoning,pos_m17,0.5,0.5,0.6131471927654584,1.0
gpt4_213fd887,temporal-reasoning,bm25_turn,0.5,1.0,0.7977228895450266,1.0
gpt4_213fd887,temporal-reasoning,bm25_cards_hand,0.5,1.0,0.8065735963827293,1.0
gpt4_213fd887,temporal-reasoning,rrf_turn,0.5,0.5,0.38685280723454163,1.0
gpt4_213fd887,temporal-reasoning,rrf_sentence,0.5,0.5,0.6131471927654584,1.0
gpt4_213fd887,temporal-reasoning,rrf_cards_hand,0.5,1.0,0.7977228895450266,1.0
gpt4_213fd887,temporal-reasoning,rrf_cards_m11,0.5,0.5,0.6131471927654584,1.0
gpt4_213fd887,temporal-reasoning,rrf_cards_m13,0.5,0.5,0.6131471927654584,1.0
gpt4_213fd887,temporal-reasoning,rrf_cards_m17,0.5,0.5,0.6131471927654584,1.0
gpt4_213fd887,temporal-reasoning,rrf_turn_route,0.5,1.0,0.5714285040141098,1.0
gpt4_213fd887,temporal-reasoning,dense_session_mean,,,,1.0
gpt4_213fd887,temporal-reasoning,bm25_session,,,,1.0
gpt4_5438fa52,temporal-reasoning,turn,0.0,0.0,0.0,0.5
gpt4_5438fa52,temporal-reasoning,sentence,0.5,0.5,0.3065735963827292,1.0
gpt4_5438fa52,temporal-reasoning,cards_hand,0.5,0.5,0.38685280723454163,1.0
gpt4_5438fa52,temporal-reasoning,pos_hand,0.5,0.5,0.3065735963827292,1.0
gpt4_5438fa52,temporal-reasoning,cards_m11,0.5,0.5,0.3065735963827292,1.0
gpt4_5438fa52,temporal-reasoning,pos_m11,0.5,0.5,0.3065735963827292,1.0
gpt4_5438fa52,temporal-reasoning,cards_m13,0.5,0.5,0.38685280723454163,1.0
gpt4_5438fa52,temporal-reasoning,pos_m13,0.5,0.5,0.3065735963827292,1.0
gpt4_5438fa52,temporal-reasoning,cards_m17,0.5,0.5,0.38685280723454163,1.0
gpt4_5438fa52,temporal-reasoning,pos_m17,0.5,0.5,0.3065735963827292,1.0
gpt4_5438fa52,temporal-reasoning,bm25_turn,1.0,1.0,0.6934264036172708,1.0
gpt4_5438fa52,temporal-reasoning,bm25_cards_hand,0.5,1.0,0.5640920940185894,1.0
gpt4_5438fa52,temporal-reasoning,rrf_turn,0.5,1.0,0.5714285040141098,1.0
gpt4_5438fa52,temporal-reasoning,rrf_sentence,0.5,0.5,0.38685280723454163,1.0
gpt4_5438fa52,temporal-reasoning,rrf_cards_hand,0.5,0.5,0.38685280723454163,1.0
gpt4_5438fa52,temporal-reasoning,rrf_cards_m11,0.5,0.5,0.38685280723454163,1.0
gpt4_5438fa52,temporal-reasoning,rrf_cards_m13,0.5,0.5,0.38685280723454163,1.0
gpt4_5438fa52,temporal-reasoning,rrf_cards_m17,0.5,0.5,0.6131471927654584,1.0
gpt4_5438fa52,temporal-reasoning,rrf_turn_route,0.5,1.0,0.5912352048230277,1.0
gpt4_5438fa52,temporal-reasoning,dense_session_mean,,,,0.5
gpt4_5438fa52,temporal-reasoning,bm25_session,,,,0.5
gpt4_c27434e8,temporal-reasoning,turn,0.0,0.5,0.17723928678404774,1.0
gpt4_c27434e8,temporal-reasoning,sentence,0.5,0.5,0.6131471927654584,1.0
gpt4_c27434e8,temporal-reasoning,cards_hand,0.5,0.5,0.6131471927654584,1.0
gpt4_c27434e8,temporal-reasoning,pos_hand,0.5,0.5,0.6131471927654584,1.0
gpt4_c27434e8,temporal-reasoning,cards_m11,0.5,0.5,0.6131471927654584,1.0
gpt4_c27434e8,temporal-reasoning,pos_m11,0.5,0.5,0.6131471927654584,1.0
gpt4_c27434e8,temporal-reasoning,cards_m13,0.5,0.5,0.6131471927654584,1.0
gpt4_c27434e8,temporal-reasoning,pos_m13,0.5,0.5,0.6131471927654584,1.0
gpt4_c27434e8,temporal-reasoning,cards_m17,0.5,0.5,0.6131471927654584,1.0
gpt4_c27434e8,temporal-reasoning,pos_m17,0.5,0.5,0.6131471927654584,1.0
gpt4_c27434e8,temporal-reasoning,bm25_turn,0.5,0.5,0.6131471927654584,1.0
gpt4_c27434e8,temporal-reasoning,bm25_cards_hand,0.5,0.5,0.6131471927654584,1.0
gpt4_c27434e8,temporal-reasoning,rrf_turn,0.0,0.5,0.21840743681816419,1.0
gpt4_c27434e8,temporal-reasoning,rrf_sentence,0.5,0.5,0.6131471927654584,1.0
gpt4_c27434e8,temporal-reasoning,rrf_cards_hand,0.5,0.5,0.6131471927654584,1.0
gpt4_c27434e8,temporal-reasoning,rrf_cards_m11,0.5,0.5,0.6131471927654584,1.0
gpt4_c27434e8,temporal-reasoning,rrf_cards_m13,0.5,0.5,0.6131471927654584,1.0
gpt4_c27434e8,temporal-reasoning,rrf_cards_m17,0.5,0.5,0.6131471927654584,1.0
gpt4_c27434e8,temporal-reasoning,rrf_turn_route,0.5,1.0,0.46845052016107697,1.0
gpt4_c27434e8,temporal-reasoning,dense_session_mean,,,,1.0
gpt4_c27434e8,temporal-reasoning,bm25_session,,,,1.0
gpt4_fe651585,temporal-reasoning,turn,0.5,1.0,0.4911492931622974,1.0
gpt4_fe651585,temporal-reasoning,sentence,0.5,1.0,0.5249810332008933,1.0
gpt4_fe651585,temporal-reasoning,cards_hand,0.5,1.0,0.48247555939075504,1.0
gpt4_fe651585,temporal-reasoning,pos_hand,0.5,1.0,0.6052602440527057,1.0
gpt4_fe651585,temporal-reasoning,cards_m11,0.5,1.0,0.6052602440527057,1.0
gpt4_fe651585,temporal-reasoning,pos_m11,0.5,1.0,0.48247555939075504,1.0
gpt4_fe651585,temporal-reasoning,cards_m13,0.5,1.0,0.4415801103577823,1.0
gpt4_fe651585,temporal-reasoning,pos_m13,0.5,1.0,0.45560514958746035,1.0
gpt4_fe651585,temporal-reasoning,cards_m17,0.5,1.0,0.6052602440527057,1.0
gpt4_fe651585,temporal-reasoning,pos_m17,0.5,1.0,0.6052602440527057,1.0
gpt4_fe651585,temporal-reasoning,bm25_turn,0.0,0.5,0.21840743681816419,1.0
gpt4_fe651585,temporal-reasoning,bm25_cards_hand,0.0,0.5,0.21840743681816419,1.0
gpt4_fe651585,temporal-reasoning,rrf_turn,0.5,1.0,0.5109559939712153,1.0
gpt4_fe651585,temporal-reasoning,rrf_sentence,1.0,1.0,0.5012658353418871,1.0
gpt4_fe651585,temporal-reasoning,rrf_cards_hand,0.5,0.5,0.3065735963827292,1.0
gpt4_fe651585,temporal-reasoning,rrf_cards_m11,1.0,1.0,0.5437713091520254,1.0
gpt4_fe651585,temporal-reasoning,rrf_cards_m13,0.5,1.0,0.48247555939075504,1.0
gpt4_fe651585,temporal-reasoning,rrf_cards_m17,1.0,1.0,0.5437713091520254,1.0
gpt4_fe651585,temporal-reasoning,rrf_turn_route,1.0,1.0,0.6509209298071326,1.0
gpt4_fe651585,temporal-reasoning,dense_session_mean,,,,1.0
gpt4_fe651585,temporal-reasoning,bm25_session,,,,1.0
8c18457d,temporal-reasoning,turn,0.6666666666666666,0.6666666666666666,0.6713860725233041,1.0
8c18457d,temporal-reasoning,sentence,0.3333333333333333,0.6666666666666666,0.4525081529734507,1.0
8c18457d,temporal-reasoning,cards_hand,0.3333333333333333,0.3333333333333333,0.20210734650054757,1.0
8c18457d,temporal-reasoning,pos_hand,0.3333333333333333,0.3333333333333333,0.46927872602275644,1.0
8c18457d,temporal-reasoning,cards_m11,0.3333333333333333,0.3333333333333333,0.46927872602275644,1.0
8c18457d,temporal-reasoning,pos_m11,0.3333333333333333,0.3333333333333333,0.46927872602275644,1.0
8c18457d,temporal-reasoning,cards_m13,0.3333333333333333,0.3333333333333333,0.2960819109658652,1.0
8c18457d,temporal-reasoning,pos_m13,0.3333333333333333,0.3333333333333333,0.2960819109658652,1.0
8c18457d,temporal-reasoning,cards_m17,0.3333333333333333,0.6666666666666666,0.4525081529734507,1.0
8c18457d,temporal-reasoning,pos_m17,0.3333333333333333,0.6666666666666666,0.4525081529734507,1.0
8c18457d,temporal-reasoning,bm25_turn,1.0,1.0,0.9674679834891693,1.0
8c18457d,temporal-reasoning,bm25_cards_hand,0.6666666666666666,1.0,0.8278123145308894,1.0
8c18457d,temporal-reasoning,rrf_turn,0.6666666666666666,1.0,0.8710785440003369,1.0
8c18457d,temporal-reasoning,rrf_sentence,0.6666666666666666,1.0,0.9325210919548239,1.0
8c18457d,temporal-reasoning,rrf_cards_hand,1.0,1.0,0.8529278650606567,1.0
8c18457d,temporal-reasoning,rrf_cards_m11,1.0,1.0,0.9060254355346823,1.0
8c18457d,temporal-reasoning,rrf_cards_m13,1.0,1.0,0.9060254355346823,1.0
8c18457d,temporal-reasoning,rrf_cards_m17,1.0,1.0,0.9469024295259745,1.0
8c18457d,temporal-reasoning,rrf_turn_route,1.0,1.0,0.9060254355346823,1.0
8c18457d,temporal-reasoning,dense_session_mean,,,,1.0
8c18457d,temporal-reasoning,bm25_session,,,,1.0
6a1eabeb,knowledge-update,turn,1.0,1.0,0.6509209298071326,1.0
6a1eabeb,knowledge-update,sentence,0.5,1.0,0.8175295903539445,1.0
6a1eabeb,knowledge-update,cards_hand,1.0,1.0,0.6934264036172708,1.0
6a1eabeb,knowledge-update,pos_hand,1.0,1.0,0.6509209298071326,1.0
6a1eabeb,knowledge-update,cards_m11,0.5,1.0,0.8175295903539445,1.0
6a1eabeb,knowledge-update,pos_m11,0.5,1.0,0.8175295903539445,1.0
6a1eabeb,knowledge-update,cards_m13,1.0,1.0,0.9197207891481876,1.0
6a1eabeb,knowledge-update,pos_m13,1.0,1.0,0.9197207891481876,1.0
6a1eabeb,knowledge-update,cards_m17,0.5,1.0,0.5912352048230277,1.0
6a1eabeb,knowledge-update,pos_m17,0.5,1.0,0.5912352048230277,1.0
6a1eabeb,knowledge-update,bm25_turn,1.0,1.0,0.6934264036172708,1.0
6a1eabeb,knowledge-update,bm25_cards_hand,1.0,1.0,0.6934264036172708,1.0
6a1eabeb,knowledge-update,rrf_turn,1.0,1.0,0.5706417189553201,1.0
6a1eabeb,knowledge-update,rrf_sentence,1.0,1.0,0.8772153153380493,1.0
6a1eabeb,knowledge-update,rrf_cards_hand,1.0,1.0,0.6934264036172708,1.0
6a1eabeb,knowledge-update,rrf_cards_m11,1.0,1.0,0.6509209298071326,1.0
6a1eabeb,knowledge-update,rrf_cards_m13,1.0,1.0,0.9197207891481876,1.0
6a1eabeb,knowledge-update,rrf_cards_m17,1.0,1.0,0.6509209298071326,1.0
6a1eabeb,knowledge-update,rrf_turn_route,1.0,1.0,0.6934264036172708,1.0
6a1eabeb,knowledge-update,dense_session_mean,,,,1.0
6a1eabeb,knowledge-update,bm25_session,,,,1.0
6aeb4375,knowledge-update,turn,1.0,1.0,0.6934264036172708,1.0
6aeb4375,knowledge-update,sentence,1.0,1.0,0.9197207891481876,1.0
6aeb4375,knowledge-update,cards_hand,1.0,1.0,0.5706417189553201,1.0
6aeb4375,knowledge-update,pos_hand,1.0,1.0,0.5706417189553201,1.0
6aeb4375,knowledge-update,cards_m11,1.0,1.0,0.8772153153380493,1.0
6aeb4375,knowledge-update,pos_m11,1.0,1.0,0.8772153153380493,1.0
6aeb4375,knowledge-update,cards_m13,1.0,1.0,0.5012658353418871,1.0
6aeb4375,knowledge-update,pos_m13,1.0,1.0,0.5012658353418871,1.0
6aeb4375,knowledge-update,cards_m17,1.0,1.0,0.5706417189553201,1.0
6aeb4375,knowledge-update,pos_m17,1.0,1.0,0.5706417189553201,1.0
6aeb4375,knowledge-update,bm25_turn,1.0,1.0,1.0,1.0
6aeb4375,knowledge-update,bm25_cards_hand,1.0,1.0,1.0,1.0
6aeb4375,knowledge-update,rrf_turn,1.0,1.0,0.9197207891481876,1.0
6aeb4375,knowledge-update,rrf_sentence,1.0,1.0,1.0,1.0
6aeb4375,knowledge-update,rrf_cards_hand,1.0,1.0,0.9197207891481876,1.0
6aeb4375,knowledge-update,rrf_cards_m11,1.0,1.0,0.9197207891481876,1.0
6aeb4375,knowledge-update,rrf_cards_m13,1.0,1.0,0.6509209298071326,1.0
6aeb4375,knowledge-update,rrf_cards_m17,1.0,1.0,0.9197207891481876,1.0
6aeb4375,knowledge-update,rrf_turn_route,1.0,1.0,1.0,1.0
6aeb4375,knowledge-update,dense_session_mean,,,,1.0
6aeb4375,knowledge-update,bm25_session,,,,1.0
830ce83f,knowledge-update,turn,0.6666666666666666,1.0,0.5642221110316635,1.0
830ce83f,knowledge-update,sentence,0.6666666666666666,1.0,0.9134015924715543,1.0
830ce83f,knowledge-update,cards_hand,0.3333333333333333,1.0,0.7844801364718913,1.0
830ce83f,knowledge-update,pos_hand,0.6666666666666666,1.0,0.9217868789962071,1.0
830ce83f,knowledge-update,cards_m11,0.0,1.0,0.45646838330896394,1.0
830ce83f,knowledge-update,pos_m11,0.0,1.0,0.45646838330896394,1.0
830ce83f,knowledge-update,cards_m13,0.3333333333333333,1.0,0.4860089900278707,1.0
830ce83f,knowledge-update,pos_m13,0.3333333333333333,1.0,0.4860089900278707,1.0
830ce83f,knowledge-update,cards_m17,0.6666666666666666,1.0,0.7988614740430418,1.0
830ce83f,knowledge-update,pos_m17,0.6666666666666666,1.0,0.7988614740430418,1.0
830ce83f,knowledge-update,bm25_turn,0.0,0.0,0.0,0.5
830ce83f,knowledge-update,bm25_cards_hand,0.0,0.0,0.0,0.5
830ce83f,knowledge-update,rrf_turn,0.0,0.3333333333333333,0.14126697285982898,1.0
830ce83f,knowledge-update,rrf_sentence,0.0,0.6666666666666666,0.2836929289153804,1.0
830ce83f,knowledge-update,rrf_cards_hand,0.0,0.3333333333333333,0.14126697285982898,1.0
830ce83f,knowledge-update,rrf_cards_m11,0.0,0.3333333333333333,0.14126697285982898,1.0
830ce83f,knowledge-update,rrf_cards_m13,0.0,0.3333333333333333,0.14126697285982898,1.0
830ce83f,knowledge-update,rrf_cards_m17,0.0,0.3333333333333333,0.15642624200758548,1.0
830ce83f,knowledge-update,rrf_turn_route,0.3333333333333333,0.6666666666666666,0.3228087653971817,1.0
830ce83f,knowledge-update,dense_session_mean,,,,0.5
830ce83f,knowledge-update,bm25_session,,,,0.5
852ce960,knowledge-update,turn,0.5,0.5,0.6131471927654584,1.0
852ce960,knowledge-update,sentence,1.0,1.0,0.8772153153380493,1.0
852ce960,knowledge-update,cards_hand,1.0,1.0,0.8772153153380493,1.0
852ce960,knowledge-update,pos_hand,1.0,1.0,0.8772153153380493,1.0
852ce960,knowledge-update,cards_m11,0.5,1.0,0.8315546295836225,1.0
852ce960,knowledge-update,pos_m11,1.0,1.0,0.8772153153380493,1.0
852ce960,knowledge-update,cards_m13,0.5,0.5,0.6131471927654584,1.0
852ce960,knowledge-update,pos_m13,0.5,0.5,0.6131471927654584,1.0
852ce960,knowledge-update,cards_m17,1.0,1.0,0.8772153153380493,1.0
852ce960,knowledge-update,pos_m17,1.0,1.0,0.8772153153380493,1.0
852ce960,knowledge-update,bm25_turn,1.0,1.0,1.0,1.0
852ce960,knowledge-update,bm25_cards_hand,1.0,1.0,1.0,1.0
852ce960,knowledge-update,rrf_turn,1.0,1.0,0.8503449055347546,1.0
852ce960,knowledge-update,rrf_sentence,1.0,1.0,0.9197207891481876,1.0
852ce960,knowledge-update,rrf_cards_hand,1.0,1.0,0.9197207891481876,1.0
852ce960,knowledge-update,rrf_cards_m11,1.0,1.0,0.8772153153380493,1.0
852ce960,knowledge-update,rrf_cards_m13,1.0,1.0,0.8503449055347546,1.0
852ce960,knowledge-update,rrf_cards_m17,1.0,1.0,0.9197207891481876,1.0
852ce960,knowledge-update,rrf_turn_route,1.0,1.0,0.9197207891481876,1.0
852ce960,knowledge-update,dense_session_mean,,,,1.0
852ce960,knowledge-update,bm25_session,,,,1.0
945e3d21,knowledge-update,turn,0.5,1.0,0.5249810332008933,1.0
945e3d21,knowledge-update,sentence,1.0,1.0,0.9197207891481876,1.0
945e3d21,knowledge-update,cards_hand,0.5,1.0,0.8065735963827293,1.0
945e3d21,knowledge-update,pos_hand,1.0,1.0,0.9197207891481876,1.0
945e3d21,knowledge-update,cards_m11,0.5,1.0,0.8065735963827293,1.0
945e3d21,knowledge-update,pos_m11,1.0,1.0,0.8503449055347546,1.0
945e3d21,knowledge-update,cards_m13,0.5,0.5,0.6131471927654584,1.0
945e3d21,knowledge-update,pos_m13,0.5,1.0,0.7977228895450266,1.0
945e3d21,knowledge-update,cards_m17,0.0,0.5,0.21840743681816419,1.0
945e3d21,knowledge-update,pos_m17,0.5,1.0,0.46845052016107697,1.0
945e3d21,knowledge-update,bm25_turn,0.5,0.5,0.6131471927654584,1.0
945e3d21,knowledge-update,bm25_cards_hand,0.5,0.5,0.38685280723454163,1.0
945e3d21,knowledge-update,rrf_turn,1.0,1.0,0.6934264036172708,1.0
945e3d21,knowledge-update,rrf_sentence,1.0,1.0,0.8772153153380493,1.0
945e3d21,knowledge-update,rrf_cards_hand,0.5,0.5,0.38685280723454163,1.0
945e3d21,knowledge-update,rrf_cards_m11,1.0,1.0,0.6509209298071326,1.0
945e3d21,knowledge-update,rrf_cards_m13,1.0,1.0,0.5437713091520254,1.0
945e3d21,knowledge-update,rrf_cards_m17,0.5,1.0,0.5249810332008933,1.0
945e3d21,knowledge-update,rrf_turn_route,1.0,1.0,0.6934264036172708,1.0
945e3d21,knowledge-update,dense_session_mean,,,,1.0
945e3d21,knowledge-update,bm25_session,,,,1.0
d7c942c3,knowledge-update,turn,0.5,1.0,0.8315546295836225,1.0
d7c942c3,knowledge-update,sentence,1.0,1.0,0.8772153153380493,1.0
d7c942c3,knowledge-update,cards_hand,1.0,1.0,0.9197207891481876,1.0
d7c942c3,knowledge-update,pos_hand,1.0,1.0,0.9197207891481876,1.0
d7c942c3,knowledge-update,cards_m11,1.0,1.0,0.9197207891481876,1.0
d7c942c3,knowledge-update,pos_m11,0.5,1.0,0.8315546295836225,1.0
d7c942c3,knowledge-update,cards_m13,1.0,1.0,0.6934264036172708,1.0
d7c942c3,knowledge-update,pos_m13,0.5,1.0,0.6052602440527057,1.0
d7c942c3,knowledge-update,cards_m17,1.0,1.0,0.8772153153380493,1.0
d7c942c3,knowledge-update,pos_m17,1.0,1.0,0.9197207891481876,1.0
d7c942c3,knowledge-update,bm25_turn,1.0,1.0,1.0,1.0
d7c942c3,knowledge-update,bm25_cards_hand,1.0,1.0,1.0,1.0
d7c942c3,knowledge-update,rrf_turn,1.0,1.0,0.9197207891481876,1.0
d7c942c3,knowledge-update,rrf_sentence,1.0,1.0,0.9197207891481876,1.0
d7c942c3,knowledge-update,rrf_cards_hand,1.0,1.0,1.0,1.0
d7c942c3,knowledge-update,rrf_cards_m11,1.0,1.0,1.0,1.0
d7c942c3,knowledge-update,rrf_cards_m13,1.0,1.0,0.9197207891481876,1.0
d7c942c3,knowledge-update,rrf_cards_m17,1.0,1.0,0.9197207891481876,1.0
d7c942c3,knowledge-update,rrf_turn_route,1.0,1.0,1.0,1.0
d7c942c3,knowledge-update,dense_session_mean,,,,0.5
d7c942c3,knowledge-update,bm25_session,,,,1.0
71315a70,knowledge-update,turn,0.5,1.0,0.5109559939712153,1.0
71315a70,knowledge-update,sentence,1.0,1.0,1.0,1.0
71315a70,knowledge-update,cards_hand,1.0,1.0,1.0,1.0
71315a70,knowledge-update,pos_hand,1.0,1.0,0.8772153153380493,1.0
71315a70,knowledge-update,cards_m11,1.0,1.0,1.0,1.0
71315a70,knowledge-update,pos_m11,1.0,1.0,0.8772153153380493,1.0
71315a70,knowledge-update,cards_m13,1.0,1.0,0.6934264036172708,1.0
71315a70,knowledge-update,pos_m13,1.0,1.0,0.9197207891481876,1.0
71315a70,knowledge-update,cards_m17,1.0,1.0,1.0,1.0
71315a70,knowledge-update,pos_m17,1.0,1.0,1.0,1.0
71315a70,knowledge-update,bm25_turn,1.0,1.0,0.9197207891481876,1.0
71315a70,knowledge-update,bm25_cards_hand,1.0,1.0,0.9197207891481876,1.0
71315a70,knowledge-update,rrf_turn,1.0,1.0,0.6934264036172708,1.0
71315a70,knowledge-update,rrf_sentence,1.0,1.0,1.0,1.0
71315a70,knowledge-update,rrf_cards_hand,1.0,1.0,1.0,1.0
71315a70,knowledge-update,rrf_cards_m11,1.0,1.0,1.0,1.0
71315a70,knowledge-update,rrf_cards_m13,1.0,1.0,1.0,1.0
71315a70,knowledge-update,rrf_cards_m17,1.0,1.0,1.0,1.0
71315a70,knowledge-update,rrf_turn_route,1.0,1.0,0.6934264036172708,1.0
71315a70,knowledge-update,dense_session_mean,,,,1.0
71315a70,knowledge-update,bm25_session,,,,1.0
89941a93,knowledge-update,turn,1.0,1.0,0.5012658353418871,1.0
89941a93,knowledge-update,sentence,0.5,1.0,0.6052602440527057,1.0
89941a93,knowledge-update,cards_hand,0.5,1.0,0.5249810332008933,1.0
89941a93,knowledge-update,pos_hand,0.5,1.0,0.6052602440527057,1.0
89941a93,knowledge-update,cards_m11,0.5,1.0,0.45560514958746035,1.0
89941a93,knowledge-update,pos_m11,0.5,1.0,0.45560514958746035,1.0
89941a93,knowledge-update,cards_m13,0.5,1.0,0.45560514958746035,1.0
89941a93,knowledge-update,pos_m13,0.5,1.0,0.45560514958746035,1.0
89941a93,knowledge-update,cards_m17,0.5,1.0,0.45560514958746035,1.0
89941a93,knowledge-update,pos_m17,0.5,1.0,0.45560514958746035,1.0
89941a93,knowledge-update,bm25_turn,0.0,1.0,0.3889580943680543,1.0
89941a93,knowledge-update,bm25_cards_hand,0.0,0.0,0.0,1.0
89941a93,knowledge-update,rrf_turn,1.0,1.0,0.5437713091520254,1.0
89941a93,knowledge-update,rrf_sentence,1.0,1.0,0.5437713091520254,1.0
89941a93,knowledge-update,rrf_cards_hand,0.5,1.0,0.48247555939075504,1.0
89941a93,knowledge-update,rrf_cards_m11,0.5,1.0,0.5249810332008933,1.0
89941a93,knowledge-update,rrf_cards_m13,0.5,1.0,0.5249810332008933,1.0
89941a93,knowledge-update,rrf_cards_m17,0.5,1.0,0.5249810332008933,1.0
89941a93,knowledge-update,rrf_turn_route,1.0,1.0,0.6934264036172708,1.0
89941a93,knowledge-update,dense_session_mean,,,,1.0
89941a93,knowledge-update,bm25_session,,,,1.0
ce6d2d27,knowledge-update,turn,0.5,0.5,0.2640681225725909,1.0
ce6d2d27,knowledge-update,sentence,1.0,1.0,1.0,1.0
ce6d2d27,knowledge-update,cards_hand,0.5,0.5,0.6131471927654584,1.0
ce6d2d27,knowledge-update,pos_hand,0.5,0.5,0.6131471927654584,1.0
ce6d2d27,knowledge-update,cards_m11,0.5,0.5,0.6131471927654584,1.0
ce6d2d27,knowledge-update,pos_m11,0.5,0.5,0.6131471927654584,1.0
ce6d2d27,knowledge-update,cards_m13,0.5,0.5,0.6131471927654584,1.0
ce6d2d27,knowledge-update,pos_m13,0.5,0.5,0.6131471927654584,1.0
ce6d2d27,knowledge-update,cards_m17,1.0,1.0,1.0,1.0
ce6d2d27,knowledge-update,pos_m17,1.0,1.0,0.9197207891481876,1.0
ce6d2d27,knowledge-update,bm25_turn,1.0,1.0,0.9197207891481876,1.0
ce6d2d27,knowledge-update,bm25_cards_hand,1.0,1.0,0.8503449055347546,1.0
ce6d2d27,knowledge-update,rrf_turn,0.5,1.0,0.8065735963827293,1.0
ce6d2d27,knowledge-update,rrf_sentence,1.0,1.0,1.0,1.0
ce6d2d27,knowledge-update,rrf_cards_hand,0.5,1.0,0.8315546295836225,1.0
ce6d2d27,knowledge-update,rrf_cards_m11,1.0,1.0,0.8503449055347546,1.0
ce6d2d27,knowledge-update,rrf_cards_m13,1.0,1.0,0.8503449055347546,1.0
ce6d2d27,knowledge-update,rrf_cards_m17,1.0,1.0,1.0,1.0
ce6d2d27,knowledge-update,rrf_turn_route,1.0,1.0,0.8772153153380493,1.0
ce6d2d27,knowledge-update,dense_session_mean,,,,0.5
ce6d2d27,knowledge-update,bm25_session,,,,1.0
9ea5eabc,knowledge-update,turn,1.0,1.0,0.6240505200038379,1.0
9ea5eabc,knowledge-update,sentence,0.0,0.5,0.18457569677956817,1.0
9ea5eabc,knowledge-update,cards_hand,0.0,0.0,0.0,1.0
9ea5eabc,knowledge-update,pos_hand,0.0,0.0,0.0,1.0
9ea5eabc,knowledge-update,cards_m11,0.0,0.0,0.0,1.0
9ea5eabc,knowledge-update,pos_m11,0.0,0.0,0.0,1.0
9ea5eabc,knowledge-update,cards_m13,0.0,0.0,0.0,1.0
9ea5eabc,knowledge-update,pos_m13,0.0,0.0,0.0,1.0
9ea5eabc,knowledge-update,cards_m17,0.0,0.5,0.18457569677956817,1.0
9ea5eabc,knowledge-update,pos_m17,0.0,0.0,0.0,1.0
9ea5eabc,knowledge-update,bm25_turn,1.0,1.0,1.0,1.0
9ea5eabc,knowledge-update,bm25_cards_hand,1.0,1.0,1.0,1.0
9ea5eabc,knowledge-update,rrf_turn,1.0,1.0,1.0,1.0
9ea5eabc,knowledge-update,rrf_sentence,0.5,1.0,0.5912352048230277,1.0
9ea5eabc,knowledge-update,rrf_cards_hand,0.5,1.0,0.48247555939075504,1.0
9ea5eabc,knowledge-update,rrf_cards_m11,0.5,1.0,0.41443699955334395,1.0
9ea5eabc,knowledge-update,rrf_cards_m13,0.5,0.5,0.2640681225725909,1.0
9ea5eabc,knowledge-update,rrf_cards_m17,0.5,1.0,0.5109559939712153,1.0
9ea5eabc,knowledge-update,rrf_turn_route,1.0,1.0,1.0,1.0
9ea5eabc,knowledge-update,dense_session_mean,,,,1.0
9ea5eabc,knowledge-update,bm25_session,,,,1.0
07741c44,knowledge-update,turn,0.0,0.0,0.0,1.0
07741c44,knowledge-update,sentence,0.5,1.0,0.4415801103577823,1.0
07741c44,knowledge-update,cards_hand,0.0,1.0,0.4227898344066503,1.0
07741c44,knowledge-update,pos_hand,0.5,1.0,0.4415801103577823,1.0
07741c44,knowledge-update,cards_m11,0.5,1.0,0.48247555939075504,1.0
07741c44,knowledge-update,pos_m11,0.5,1.0,0.4415801103577823,1.0
07741c44,knowledge-update,cards_m13,0.0,0.5,0.21840743681816419,1.0
07741c44,knowledge-update,pos_m13,0.0,0.5,0.20438239758848611,1.0
07741c44,knowledge-update,cards_m17,0.5,1.0,0.4415801103577823,1.0
07741c44,knowledge-update,pos_m17,0.5,1.0,0.4415801103577823,1.0
07741c44,knowledge-update,bm25_turn,1.0,1.0,0.5437713091520254,1.0
07741c44,knowledge-update,bm25_cards_hand,0.5,1.0,0.5802792108518124,1.0
07741c44,knowledge-update,rrf_turn,0.0,1.0,0.40298313359773236,1.0
07741c44,knowledge-update,rrf_sentence,1.0,1.0,0.5706417189553201,1.0
07741c44,knowledge-update,rrf_cards_hand,1.0,1.0,0.6240505200038379,1.0
07741c44,knowledge-update,rrf_cards_m11,1.0,1.0,0.5706417189553201,1.0
07741c44,knowledge-update,rrf_cards_m13,0.5,1.0,0.4415801103577823,1.0
07741c44,knowledge-update,rrf_cards_m17,1.0,1.0,0.5706417189553201,1.0
07741c44,knowledge-update,rrf_turn_route,0.5,1.0,0.48247555939075504,1.0
07741c44,knowledge-update,dense_session_mean,,,,1.0
07741c44,knowledge-update,bm25_session,,,,1.0
a1eacc2a,knowledge-update,turn,0.5,1.0,0.4415801103577823,1.0
a1eacc2a,knowledge-update,sentence,1.0,1.0,0.9197207891481876,1.0
a1eacc2a,knowledge-update,cards_hand,1.0,1.0,1.0,1.0
a1eacc2a,knowledge-update,pos_hand,1.0,1.0,1.0,1.0
a1eacc2a,knowledge-update,cards_m11,1.0,1.0,1.0,1.0
a1eacc2a,knowledge-update,pos_m11,1.0,1.0,1.0,1.0
a1eacc2a,knowledge-update,cards_m13,1.0,1.0,1.0,1.0
a1eacc2a,knowledge-update,pos_m13,1.0,1.0,1.0,1.0
a1eacc2a,knowledge-update,cards_m17,1.0,1.0,1.0,1.0
a1eacc2a,knowledge-update,pos_m17,1.0,1.0,1.0,1.0
a1eacc2a,knowledge-update,bm25_turn,1.0,1.0,1.0,1.0
a1eacc2a,knowledge-update,bm25_cards_hand,1.0,1.0,1.0,1.0
a1eacc2a,knowledge-update,rrf_turn,1.0,1.0,0.5706417189553201,1.0
a1eacc2a,knowledge-update,rrf_sentence,1.0,1.0,1.0,1.0
a1eacc2a,knowledge-update,rrf_cards_hand,1.0,1.0,1.0,1.0
a1eacc2a,knowledge-update,rrf_cards_m11,1.0,1.0,1.0,1.0
a1eacc2a,knowledge-update,rrf_cards_m13,1.0,1.0,1.0,1.0
a1eacc2a,knowledge-update,rrf_cards_m17,1.0,1.0,1.0,1.0
a1eacc2a,knowledge-update,rrf_turn_route,1.0,1.0,1.0,1.0
a1eacc2a,knowledge-update,dense_session_mean,,,,1.0
a1eacc2a,knowledge-update,bm25_session,,,,1.0
184da446,knowledge-update,turn,0.0,0.0,0.0,0.0
184da446,knowledge-update,sentence,0.5,1.0,0.4415801103577823,1.0
184da446,knowledge-update,cards_hand,0.0,0.5,0.21840743681816419,0.5
184da446,knowledge-update,pos_hand,0.0,0.5,0.21840743681816419,0.5
184da446,knowledge-update,cards_m11,0.5,1.0,0.4415801103577823,1.0
184da446,knowledge-update,pos_m11,0.5,1.0,0.4415801103577823,1.0
184da446,knowledge-update,cards_m13,0.5,0.5,0.23719771276929622,1.0
184da446,knowledge-update,pos_m13,0.5,0.5,0.2640681225725909,1.0
184da446,knowledge-update,cards_m17,0.0,0.5,0.21840743681816419,1.0
184da446,knowledge-update,pos_m17,0.5,1.0,0.44130740935663865,1.0
184da446,knowledge-update,bm25_turn,1.0,1.0,0.8772153153380493,1.0
184da446,knowledge-update,bm25_cards_hand,0.5,1.0,0.7977228895450266,1.0
184da446,knowledge-update,rrf_turn,0.5,1.0,0.4415801103577823,1.0
184da446,knowledge-update,rrf_sentence,1.0,1.0,0.6240505200038379,1.0
184da446,knowledge-update,rrf_cards_hand,0.5,1.0,0.5714285040141098,1.0
184da446,knowledge-update,rrf_cards_m11,1.0,1.0,0.6240505200038379,1.0
184da446,knowledge-update,rrf_cards_m13,0.5,1.0,0.48247555939075504,1.0
184da446,knowledge-update,rrf_cards_m17,0.5,1.0,0.5249810332008933,1.0
184da446,knowledge-update,rrf_turn_route,1.0,1.0,0.6509209298071326,1.0
184da446,knowledge-update,dense_session_mean,,,,0.0
184da446,knowledge-update,bm25_session,,,,1.0
031748ae,knowledge-update,turn,1.0,1.0,0.6509209298071326,1.0
031748ae,knowledge-update,sentence,1.0,1.0,0.6934264036172708,1.0
031748ae,knowledge-update,cards_hand,1.0,1.0,0.6240505200038379,1.0
031748ae,knowledge-update,pos_hand,1.0,1.0,0.6240505200038379,1.0
031748ae,knowledge-update,cards_m11,1.0,1.0,0.6934264036172708,1.0
031748ae,knowledge-update,pos_m11,1.0,1.0,0.6509209298071326,1.0
031748ae,knowledge-update,cards_m13,1.0,1.0,0.6934264036172708,1.0
031748ae,knowledge-update,pos_m13,1.0,1.0,0.6509209298071326,1.0
031748ae,knowledge-update,cards_m17,1.0,1.0,0.6240505200038379,1.0
031748ae,knowledge-update,pos_m17,1.0,1.0,0.5437713091520254,1.0
031748ae,knowledge-update,bm25_turn,1.0,1.0,0.6934264036172708,1.0
031748ae,knowledge-update,bm25_cards_hand,1.0,1.0,0.6934264036172708,1.0
031748ae,knowledge-update,rrf_turn,1.0,1.0,0.6509209298071326,1.0
031748ae,knowledge-update,rrf_sentence,1.0,1.0,0.6934264036172708,1.0
031748ae,knowledge-update,rrf_cards_hand,1.0,1.0,0.6509209298071326,1.0
031748ae,knowledge-update,rrf_cards_m11,1.0,1.0,0.6934264036172708,1.0
031748ae,knowledge-update,rrf_cards_m13,1.0,1.0,0.6934264036172708,1.0
031748ae,knowledge-update,rrf_cards_m17,1.0,1.0,0.6509209298071326,1.0
031748ae,knowledge-update,rrf_turn_route,1.0,1.0,0.6934264036172708,1.0
031748ae,knowledge-update,dense_session_mean,,,,1.0
031748ae,knowledge-update,bm25_session,,,,1.0
4d6b87c8,knowledge-update,turn,0.5,1.0,0.5109559939712153,1.0
4d6b87c8,knowledge-update,sentence,1.0,1.0,1.0,1.0
4d6b87c8,knowledge-update,cards_hand,1.0,1.0,0.6509209298071326,1.0
4d6b87c8,knowledge-update,pos_hand,1.0,1.0,0.8772153153380493,1.0
4d6b87c8,knowledge-update,cards_m11,1.0,1.0,0.5706417189553201,1.0
4d6b87c8,knowledge-update,pos_m11,1.0,1.0,0.9197207891481876,1.0
4d6b87c8,knowledge-update,cards_m13,1.0,1.0,0.8772153153380493,1.0
4d6b87c8,knowledge-update,pos_m13,1.0,1.0,0.9197207891481876,1.0
4d6b87c8,knowledge-update,cards_m17,1.0,1.0,0.6240505200038379,1.0
4d6b87c8,knowledge-update,pos_m17,1.0,1.0,0.6934264036172708,1.0
4d6b87c8,knowledge-update,bm25_turn,1.0,1.0,0.8772153153380493,1.0
4d6b87c8,knowledge-update,bm25_cards_hand,1.0,1.0,0.9197207891481876,1.0
4d6b87c8,knowledge-update,rrf_turn,1.0,1.0,0.6509209298071326,1.0
4d6b87c8,knowledge-update,rrf_sentence,1.0,1.0,0.9197207891481876,1.0
4d6b87c8,knowledge-update,rrf_cards_hand,1.0,1.0,0.6934264036172708,1.0
4d6b87c8,knowledge-update,rrf_cards_m11,1.0,1.0,0.5706417189553201,1.0
4d6b87c8,knowledge-update,rrf_cards_m13,1.0,1.0,1.0,1.0
4d6b87c8,knowledge-update,rrf_cards_m17,1.0,1.0,0.6509209298071326,1.0
4d6b87c8,knowledge-update,rrf_turn_route,1.0,1.0,0.6934264036172708,1.0
4d6b87c8,knowledge-update,dense_session_mean,,,,1.0
4d6b87c8,knowledge-update,bm25_session,,,,1.0
0f05491a,knowledge-update,turn,0.5,1.0,0.448643819352159,1.0
0f05491a,knowledge-update,sentence,0.5,0.5,0.2640681225725909,1.0
0f05491a,knowledge-update,cards_hand,0.5,0.5,0.2640681225725909,1.0
0f05491a,knowledge-update,pos_hand,0.5,0.5,0.2640681225725909,1.0
0f05491a,knowledge-update,cards_m11,0.0,0.0,0.0,1.0
0f05491a,knowledge-update,pos_m11,0.0,0.0,0.0,1.0
0f05491a,knowledge-update,cards_m13,0.5,0.5,0.2640681225725909,1.0
0f05491a,knowledge-update,pos_m13,0.5,1.0,0.44130740935663865,1.0
0f05491a,knowledge-update,cards_m17,0.5,0.5,0.2640681225725909,1.0
0f05491a,knowledge-update,pos_m17,0.5,0.5,0.2640681225725909,1.0
0f05491a,knowledge-update,bm25_turn,0.5,1.0,0.430624116386567,1.0
0f05491a,knowledge-update,bm25_cards_hand,0.5,1.0,0.46845052016107697,1.0
0f05491a,knowledge-update,rrf_turn,0.5,1.0,0.448643819352159,1.0
0f05491a,knowledge-update,rrf_sentence,0.5,0.5,0.2640681225725909,1.0
0f05491a,knowledge-update,rrf_cards_hand,0.5,1.0,0.44130740935663865,1.0
0f05491a,knowledge-update,rrf_cards_m11,0.0,1.0,0.3706656904013186,1.0
0f05491a,knowledge-update,rrf_cards_m13,0.5,1.0,0.44130740935663865,1.0
0f05491a,knowledge-update,rrf_cards_m17,0.5,1.0,0.44130740935663865,1.0
0f05491a,knowledge-update,rrf_turn_route,1.0,1.0,0.5012658353418871,1.0
0f05491a,knowledge-update,dense_session_mean,,,,1.0
0f05491a,knowledge-update,bm25_session,,,,1.0
08e075c7,knowledge-update,turn,1.0,1.0,1.0,1.0
08e075c7,knowledge-update,sentence,1.0,1.0,0.6509209298071326,1.0
08e075c7,knowledge-update,cards_hand,1.0,1.0,0.6509209298071326,1.0
08e075c7,knowledge-update,pos_hand,1.0,1.0,0.6509209298071326,1.0
08e075c7,knowledge-update,cards_m11,1.0,1.0,0.6509209298071326,1.0
08e075c7,knowledge-update,pos_m11,1.0,1.0,0.6509209298071326,1.0
08e075c7,knowledge-update,cards_m13,0.5,1.0,0.5249810332008933,1.0
08e075c7,knowledge-update,pos_m13,0.5,1.0,0.5249810332008933,1.0
08e075c7,knowledge-update,cards_m17,1.0,1.0,0.6509209298071326,1.0
08e075c7,knowledge-update,pos_m17,1.0,1.0,0.6509209298071326,1.0
08e075c7,knowledge-update,bm25_turn,1.0,1.0,1.0,1.0
08e075c7,knowledge-update,bm25_cards_hand,1.0,1.0,1.0,1.0
08e075c7,knowledge-update,rrf_turn,1.0,1.0,1.0,1.0
08e075c7,knowledge-update,rrf_sentence,1.0,1.0,0.6934264036172708,1.0
08e075c7,knowledge-update,rrf_cards_hand,1.0,1.0,0.9197207891481876,1.0
08e075c7,knowledge-update,rrf_cards_m11,1.0,1.0,0.6934264036172708,1.0
08e075c7,knowledge-update,rrf_cards_m13,1.0,1.0,0.9197207891481876,1.0
08e075c7,knowledge-update,rrf_cards_m17,1.0,1.0,0.6934264036172708,1.0
08e075c7,knowledge-update,rrf_turn_route,1.0,1.0,1.0,1.0
08e075c7,knowledge-update,dense_session_mean,,,,0.5
08e075c7,knowledge-update,bm25_session,,,,1.0
f9e8c073,knowledge-update,turn,0.5,1.0,0.42177340954886444,1.0
f9e8c073,knowledge-update,sentence,1.0,1.0,1.0,1.0
f9e8c073,knowledge-update,cards_hand,1.0,1.0,1.0,1.0
f9e8c073,knowledge-update,pos_hand,0.5,1.0,0.8315546295836225,1.0
f9e8c073,knowledge-update,cards_m11,1.0,1.0,1.0,1.0
f9e8c073,knowledge-update,pos_m11,0.5,1.0,0.48247555939075504,1.0
f9e8c073,knowledge-update,cards_m13,0.5,1.0,0.45560514958746035,1.0
f9e8c073,knowledge-update,pos_m13,1.0,1.0,0.8503449055347546,1.0
f9e8c073,knowledge-update,cards_m17,1.0,1.0,1.0,1.0
f9e8c073,knowledge-update,pos_m17,0.5,1.0,0.8315546295836225,1.0
f9e8c073,knowledge-update,bm25_turn,1.0,1.0,0.8772153153380493,1.0
f9e8c073,knowledge-update,bm25_cards_hand,1.0,1.0,1.0,1.0
f9e8c073,knowledge-update,rrf_turn,0.5,1.0,0.5912352048230277,1.0
f9e8c073,knowledge-update,rrf_sentence,1.0,1.0,0.9197207891481876,1.0
f9e8c073,knowledge-update,rrf_cards_hand,1.0,1.0,1.0,1.0
f9e8c073,knowledge-update,rrf_cards_m11,1.0,1.0,0.9197207891481876,1.0
f9e8c073,knowledge-update,rrf_cards_m13,1.0,1.0,0.5437713091520254,1.0
f9e8c073,knowledge-update,rrf_cards_m17,1.0,1.0,0.9197207891481876,1.0
f9e8c073,knowledge-update,rrf_turn_route,1.0,1.0,0.6240505200038379,1.0
f9e8c073,knowledge-update,dense_session_mean,,,,1.0
f9e8c073,knowledge-update,bm25_session,,,,1.0
41698283,knowledge-update,turn,0.0,0.5,0.21840743681816419,1.0
41698283,knowledge-update,sentence,1.0,1.0,0.8772153153380493,1.0
41698283,knowledge-update,cards_hand,1.0,1.0,0.9197207891481876,1.0
41698283,knowledge-update,pos_hand,1.0,1.0,0.6934264036172708,1.0
41698283,knowledge-update,cards_m11,1.0,1.0,0.8772153153380493,1.0
41698283,knowledge-update,pos_m11,1.0,1.0,0.8772153153380493,1.0
41698283,knowledge-update,cards_m13,1.0,1.0,0.6934264036172708,1.0
41698283,knowledge-update,pos_m13,1.0,1.0,0.6934264036172708,1.0
41698283,knowledge-update,cards_m17,1.0,1.0,0.8772153153380493,1.0
41698283,knowledge-update,pos_m17,1.0,1.0,0.5437713091520254,1.0
41698283,knowledge-update,bm25_turn,0.5,0.5,0.6131471927654584,1.0
41698283,knowledge-update,bm25_cards_hand,0.5,0.5,0.38685280723454163,1.0
41698283,knowledge-update,rrf_turn,0.0,0.5,0.21840743681816419,1.0
41698283,knowledge-update,rrf_sentence,0.5,0.5,0.6131471927654584,1.0
41698283,knowledge-update,rrf_cards_hand,0.5,1.0,0.7903864795495061,1.0
41698283,knowledge-update,rrf_cards_m11,0.5,0.5,0.6131471927654584,1.0
41698283,knowledge-update,rrf_cards_m13,0.5,0.5,0.6131471927654584,1.0
41698283,knowledge-update,rrf_cards_m17,0.5,0.5,0.6131471927654584,1.0
41698283,knowledge-update,rrf_turn_route,0.5,1.0,0.48247555939075504,1.0
41698283,knowledge-update,dense_session_mean,,,,1.0
41698283,knowledge-update,bm25_session,,,,1.0
2698e78f,knowledge-update,turn,0.5,1.0,0.430624116386567,1.0
2698e78f,knowledge-update,sentence,1.0,1.0,0.5012658353418871,1.0
2698e78f,knowledge-update,cards_hand,1.0,1.0,0.5012658353418871,1.0
2698e78f,knowledge-update,pos_hand,1.0,1.0,0.5012658353418871,1.0
2698e78f,knowledge-update,cards_m11,0.5,1.0,0.44130740935663865,1.0
2698e78f,knowledge-update,pos_m11,1.0,1.0,0.8503449055347546,1.0
2698e78f,knowledge-update,cards_m13,0.5,1.0,0.48247555939075504,1.0
2698e78f,knowledge-update,pos_m13,1.0,1.0,0.5012658353418871,1.0
2698e78f,knowledge-update,cards_m17,1.0,1.0,0.8503449055347546,1.0
2698e78f,knowledge-update,pos_m17,1.0,1.0,0.8503449055347546,1.0
2698e78f,knowledge-update,bm25_turn,1.0,1.0,0.8772153153380493,1.0
2698e78f,knowledge-update,bm25_cards_hand,0.5,0.5,0.3065735963827292,1.0
2698e78f,knowledge-update,rrf_turn,1.0,1.0,0.6934264036172708,1.0
2698e78f,knowledge-update,rrf_sentence,1.0,1.0,1.0,1.0
2698e78f,knowledge-update,rrf_cards_hand,1.0,1.0,0.5437713091520254,1.0
2698e78f,knowledge-update,rrf_cards_m11,0.5,1.0,0.8315546295836225,1.0
2698e78f,knowledge-update,rrf_cards_m13,1.0,1.0,1.0,1.0
2698e78f,knowledge-update,rrf_cards_m17,1.0,1.0,1.0,1.0
2698e78f,knowledge-update,rrf_turn_route,1.0,1.0,0.6934264036172708,1.0
2698e78f,knowledge-update,dense_session_mean,,,,1.0
2698e78f,knowledge-update,bm25_session,,,,1.0
b6019101,knowledge-update,turn,1.0,1.0,0.6509209298071326,1.0
b6019101,knowledge-update,sentence,1.0,1.0,0.8503449055347546,1.0
b6019101,knowledge-update,cards_hand,1.0,1.0,0.6240505200038379,1.0
b6019101,knowledge-update,pos_hand,1.0,1.0,0.6240505200038379,1.0
b6019101,knowledge-update,cards_m11,1.0,1.0,0.8503449055347546,1.0
b6019101,knowledge-update,pos_m11,1.0,1.0,0.8503449055347546,1.0
b6019101,knowledge-update,cards_m13,1.0,1.0,0.8772153153380493,1.0
b6019101,knowledge-update,pos_m13,1.0,1.0,0.8772153153380493,1.0
b6019101,knowledge-update,cards_m17,1.0,1.0,0.6240505200038379,1.0
b6019101,knowledge-update,pos_m17,1.0,1.0,0.6240505200038379,1.0
b6019101,knowledge-update,bm25_turn,1.0,1.0,1.0,1.0
b6019101,knowledge-update,bm25_cards_hand,1.0,1.0,1.0,1.0
b6019101,knowledge-update,rrf_turn,1.0,1.0,0.9197207891481876,1.0
b6019101,knowledge-update,rrf_sentence,1.0,1.0,0.9197207891481876,1.0
b6019101,knowledge-update,rrf_cards_hand,1.0,1.0,0.9197207891481876,1.0
b6019101,knowledge-update,rrf_cards_m11,1.0,1.0,0.9197207891481876,1.0
b6019101,knowledge-update,rrf_cards_m13,1.0,1.0,1.0,1.0
b6019101,knowledge-update,rrf_cards_m17,1.0,1.0,0.8772153153380493,1.0
b6019101,knowledge-update,rrf_turn_route,1.0,1.0,0.9197207891481876,1.0
b6019101,knowledge-update,dense_session_mean,,,,1.0
b6019101,knowledge-update,bm25_session,,,,1.0
45dc21b6,knowledge-update,turn,0.5,1.0,0.8315546295836225,1.0
45dc21b6,knowledge-update,sentence,1.0,1.0,1.0,1.0
45dc21b6,knowledge-update,cards_hand,1.0,1.0,1.0,1.0
45dc21b6,knowledge-update,pos_hand,1.0,1.0,1.0,1.0
45dc21b6,knowledge-update,cards_m11,1.0,1.0,1.0,1.0
45dc21b6,knowledge-update,pos_m11,1.0,1.0,1.0,1.0
45dc21b6,knowledge-update,cards_m13,1.0,1.0,0.8772153153380493,1.0
45dc21b6,knowledge-update,pos_m13,1.0,1.0,0.8772153153380493,1.0
45dc21b6,knowledge-update,cards_m17,1.0,1.0,1.0,1.0
45dc21b6,knowledge-update,pos_m17,1.0,1.0,1.0,1.0
45dc21b6,knowledge-update,bm25_turn,1.0,1.0,1.0,1.0
45dc21b6,knowledge-update,bm25_cards_hand,1.0,1.0,1.0,1.0
45dc21b6,knowledge-update,rrf_turn,1.0,1.0,0.9197207891481876,1.0
45dc21b6,knowledge-update,rrf_sentence,1.0,1.0,1.0,1.0
45dc21b6,knowledge-update,rrf_cards_hand,1.0,1.0,1.0,1.0
45dc21b6,knowledge-update,rrf_cards_m11,1.0,1.0,1.0,1.0
45dc21b6,knowledge-update,rrf_cards_m13,1.0,1.0,1.0,1.0
45dc21b6,knowledge-update,rrf_cards_m17,1.0,1.0,1.0,1.0
45dc21b6,knowledge-update,rrf_turn_route,1.0,1.0,1.0,1.0
45dc21b6,knowledge-update,dense_session_mean,,,,0.5
45dc21b6,knowledge-update,bm25_session,,,,1.0
5a4f22c0,knowledge-update,turn,0.5,1.0,0.7903864795495061,1.0
5a4f22c0,knowledge-update,sentence,1.0,1.0,1.0,1.0
5a4f22c0,knowledge-update,cards_hand,1.0,1.0,0.8503449055347546,1.0
5a4f22c0,knowledge-update,pos_hand,0.5,1.0,0.46845052016107697,1.0
5a4f22c0,knowledge-update,cards_m11,1.0,1.0,1.0,1.0
5a4f22c0,knowledge-update,pos_m11,0.5,1.0,0.8175295903539445,1.0
5a4f22c0,knowledge-update,cards_m13,1.0,1.0,1.0,1.0
5a4f22c0,knowledge-update,pos_m13,1.0,1.0,1.0,1.0
5a4f22c0,knowledge-update,cards_m17,1.0,1.0,1.0,1.0
5a4f22c0,knowledge-update,pos_m17,1.0,1.0,1.0,1.0
5a4f22c0,knowledge-update,bm25_turn,1.0,1.0,1.0,1.0
5a4f22c0,knowledge-update,bm25_cards_hand,1.0,1.0,1.0,1.0
5a4f22c0,knowledge-update,rrf_turn,0.5,1.0,0.8315546295836225,1.0
5a4f22c0,knowledge-update,rrf_sentence,1.0,1.0,1.0,1.0
5a4f22c0,knowledge-update,rrf_cards_hand,1.0,1.0,0.9197207891481876,1.0
5a4f22c0,knowledge-update,rrf_cards_m11,1.0,1.0,1.0,1.0
5a4f22c0,knowledge-update,rrf_cards_m13,1.0,1.0,1.0,1.0
5a4f22c0,knowledge-update,rrf_cards_m17,1.0,1.0,1.0,1.0
5a4f22c0,knowledge-update,rrf_turn_route,1.0,1.0,1.0,1.0
5a4f22c0,knowledge-update,dense_session_mean,,,,1.0
5a4f22c0,knowledge-update,bm25_session,,,,1.0
6071bd76,knowledge-update,turn,0.5,1.0,0.8175295903539445,1.0
6071bd76,knowledge-update,sentence,1.0,1.0,1.0,1.0
6071bd76,knowledge-update,cards_hand,1.0,1.0,1.0,1.0
6071bd76,knowledge-update,pos_hand,1.0,1.0,1.0,1.0
6071bd76,knowledge-update,cards_m11,1.0,1.0,1.0,1.0
6071bd76,knowledge-update,pos_m11,1.0,1.0,1.0,1.0
6071bd76,knowledge-update,cards_m13,1.0,1.0,0.6509209298071326,1.0
6071bd76,knowledge-update,pos_m13,1.0,1.0,0.6509209298071326,1.0
6071bd76,knowledge-update,cards_m17,1.0,1.0,0.9197207891481876,1.0
6071bd76,knowledge-update,pos_m17,1.0,1.0,0.9197207891481876,1.0
6071bd76,knowledge-update,bm25_turn,1.0,1.0,1.0,1.0
6071bd76,knowledge-update,bm25_cards_hand,1.0,1.0,1.0,1.0
6071bd76,knowledge-update,rrf_turn,1.0,1.0,0.8772153153380493,1.0
6071bd76,knowledge-update,rrf_sentence,1.0,1.0,1.0,1.0
6071bd76,knowledge-update,rrf_cards_hand,1.0,1.0,1.0,1.0
6071bd76,knowledge-update,rrf_cards_m11,1.0,1.0,1.0,1.0
6071bd76,knowledge-update,rrf_cards_m13,1.0,1.0,1.0,1.0
6071bd76,knowledge-update,rrf_cards_m17,1.0,1.0,1.0,1.0
6071bd76,knowledge-update,rrf_turn_route,1.0,1.0,1.0,1.0
6071bd76,knowledge-update,dense_session_mean,,,,1.0
6071bd76,knowledge-update,bm25_session,,,,1.0
e493bb7c,knowledge-update,turn,0.5,0.5,0.3065735963827292,1.0
e493bb7c,knowledge-update,sentence,1.0,1.0,0.9197207891481876,1.0
e493bb7c,knowledge-update,cards_hand,1.0,1.0,0.9197207891481876,1.0
e493bb7c,knowledge-update,pos_hand,1.0,1.0,0.9197207891481876,1.0
e493bb7c,knowledge-update,cards_m11,1.0,1.0,0.9197207891481876,1.0
e493bb7c,knowledge-update,pos_m11,1.0,1.0,0.9197207891481876,1.0
e493bb7c,knowledge-update,cards_m13,0.5,1.0,0.8315546295836225,1.0
e493bb7c,knowledge-update,pos_m13,0.5,1.0,0.8315546295836225,1.0
e493bb7c,knowledge-update,cards_m17,1.0,1.0,0.8772153153380493,1.0
e493bb7c,knowledge-update,pos_m17,1.0,1.0,0.9197207891481876,1.0
e493bb7c,knowledge-update,bm25_turn,1.0,1.0,0.8772153153380493,1.0
e493bb7c,knowledge-update,bm25_cards_hand,1.0,1.0,0.8503449055347546,1.0
e493bb7c,knowledge-update,rrf_turn,1.0,1.0,0.6240505200038379,1.0
e493bb7c,knowledge-update,rrf_sentence,1.0,1.0,0.9197207891481876,1.0
e493bb7c,knowledge-update,rrf_cards_hand,1.0,1.0,0.8772153153380493,1.0
e493bb7c,knowledge-update,rrf_cards_m11,1.0,1.0,0.9197207891481876,1.0
e493bb7c,knowledge-update,rrf_cards_m13,1.0,1.0,0.8503449055347546,1.0
e493bb7c,knowledge-update,rrf_cards_m17,1.0,1.0,0.8772153153380493,1.0
e493bb7c,knowledge-update,rrf_turn_route,1.0,1.0,0.9197207891481876,1.0
e493bb7c,knowledge-update,dense_session_mean,,,,1.0
e493bb7c,knowledge-update,bm25_session,,,,1.0
618f13b2,knowledge-update,turn,0.5,0.5,0.2640681225725909,1.0
618f13b2,knowledge-update,sentence,1.0,1.0,0.6934264036172708,1.0
618f13b2,knowledge-update,cards_hand,1.0,1.0,0.5706417189553201,1.0
618f13b2,knowledge-update,pos_hand,1.0,1.0,1.0,1.0
618f13b2,knowledge-update,cards_m11,1.0,1.0,0.6509209298071326,1.0
618f13b2,knowledge-update,pos_m11,1.0,1.0,0.6240505200038379,1.0
618f13b2,knowledge-update,cards_m13,1.0,1.0,1.0,1.0
618f13b2,knowledge-update,pos_m13,1.0,1.0,0.8772153153380493,1.0
618f13b2,knowledge-update,cards_m17,1.0,1.0,0.6240505200038379,1.0
618f13b2,knowledge-update,pos_m17,1.0,1.0,1.0,1.0
618f13b2,knowledge-update,bm25_turn,1.0,1.0,0.6509209298071326,1.0
618f13b2,knowledge-update,bm25_cards_hand,1.0,1.0,0.8503449055347546,1.0
618f13b2,knowledge-update,rrf_turn,0.5,1.0,0.5249810332008933,1.0
618f13b2,knowledge-update,rrf_sentence,1.0,1.0,0.6509209298071326,1.0
618f13b2,knowledge-update,rrf_cards_hand,1.0,1.0,0.8503449055347546,1.0
618f13b2,knowledge-update,rrf_cards_m11,1.0,1.0,0.6934264036172708,1.0
618f13b2,knowledge-update,rrf_cards_m13,1.0,1.0,1.0,1.0
618f13b2,knowledge-update,rrf_cards_m17,1.0,1.0,0.6240505200038379,1.0
618f13b2,knowledge-update,rrf_turn_route,1.0,1.0,0.6934264036172708,1.0
618f13b2,knowledge-update,dense_session_mean,,,,1.0
618f13b2,knowledge-update,bm25_session,,,,1.0
72e3ee87,knowledge-update,turn,1.0,1.0,0.5706417189553201,1.0
72e3ee87,knowledge-update,sentence,1.0,1.0,0.8503449055347546,1.0
72e3ee87,knowledge-update,cards_hand,1.0,1.0,0.8772153153380493,1.0
72e3ee87,knowledge-update,pos_hand,1.0,1.0,0.8772153153380493,1.0
72e3ee87,knowledge-update,cards_m11,1.0,1.0,0.5706417189553201,1.0
72e3ee87,knowledge-update,pos_m11,1.0,1.0,0.5706417189553201,1.0
72e3ee87,knowledge-update,cards_m13,1.0,1.0,0.8503449055347546,1.0
72e3ee87,knowledge-update,pos_m13,1.0,1.0,0.8772153153380493,1.0
72e3ee87,knowledge-update,cards_m17,1.0,1.0,0.8503449055347546,1.0
72e3ee87,knowledge-update,pos_m17,1.0,1.0,0.8772153153380493,1.0
72e3ee87,knowledge-update,bm25_turn,1.0,1.0,0.8772153153380493,1.0
72e3ee87,knowledge-update,bm25_cards_hand,0.5,1.0,0.8315546295836225,1.0
72e3ee87,knowledge-update,rrf_turn,1.0,1.0,0.8772153153380493,1.0
72e3ee87,knowledge-update,rrf_sentence,1.0,1.0,0.8772153153380493,1.0
72e3ee87,knowledge-update,rrf_cards_hand,1.0,1.0,0.8772153153380493,1.0
72e3ee87,knowledge-update,rrf_cards_m11,1.0,1.0,0.8772153153380493,1.0
72e3ee87,knowledge-update,rrf_cards_m13,1.0,1.0,0.8772153153380493,1.0
72e3ee87,knowledge-update,rrf_cards_m17,1.0,1.0,0.8772153153380493,1.0
72e3ee87,knowledge-update,rrf_turn_route,1.0,1.0,1.0,1.0
72e3ee87,knowledge-update,dense_session_mean,,,,1.0
72e3ee87,knowledge-update,bm25_session,,,,1.0
c4ea545c,knowledge-update,turn,0.5,0.5,0.6131471927654584,1.0
c4ea545c,knowledge-update,sentence,0.5,1.0,0.8175295903539445,1.0
c4ea545c,knowledge-update,cards_hand,0.5,0.5,0.6131471927654584,1.0
c4ea545c,knowledge-update,pos_hand,0.5,1.0,0.8175295903539445,1.0
c4ea545c,knowledge-update,cards_m11,0.5,0.5,0.6131471927654584,1.0
c4ea545c,knowledge-update,pos_m11,0.5,1.0,0.8175295903539445,1.0
c4ea545c,knowledge-update,cards_m13,0.5,0.5,0.6131471927654584,1.0
c4ea545c,knowledge-update,pos_m13,0.5,1.0,0.8315546295836225,1.0
c4ea545c,knowledge-update,cards_m17,0.5,1.0,0.8175295903539445,1.0
c4ea545c,knowledge-update,pos_m17,0.5,1.0,0.8175295903539445,1.0
c4ea545c,knowledge-update,bm25_turn,0.5,1.0,0.5714285040141098,0.5
c4ea545c,knowledge-update,bm25_cards_hand,0.5,0.5,0.38685280723454163,0.5
c4ea545c,knowledge-update,rrf_turn,1.0,1.0,0.8503449055347546,1.0
c4ea545c,knowledge-update,rrf_sentence,1.0,1.0,0.8503449055347546,1.0
c4ea545c,knowledge-update,rrf_cards_hand,0.5,1.0,0.6052602440527057,1.0
c4ea545c,knowledge-update,rrf_cards_m11,1.0,1.0,0.8503449055347546,1.0
c4ea545c,knowledge-update,rrf_cards_m13,1.0,1.0,0.8503449055347546,1.0
c4ea545c,knowledge-update,rrf_cards_m17,1.0,1.0,0.8503449055347546,1.0
c4ea545c,knowledge-update,rrf_turn_route,1.0,1.0,0.8772153153380493,1.0
c4ea545c,knowledge-update,dense_session_mean,,,,1.0
c4ea545c,knowledge-update,bm25_session,,,,1.0
01493427,knowledge-update,turn,1.0,1.0,0.8503449055347546,1.0
01493427,knowledge-update,sentence,1.0,1.0,1.0,1.0
01493427,knowledge-update,cards_hand,1.0,1.0,1.0,1.0
01493427,knowledge-update,pos_hand,1.0,1.0,1.0,1.0
01493427,knowledge-update,cards_m11,1.0,1.0,1.0,1.0
01493427,knowledge-update,pos_m11,1.0,1.0,1.0,1.0
01493427,knowledge-update,cards_m13,0.5,1.0,0.8065735963827293,1.0
01493427,knowledge-update,pos_m13,0.5,1.0,0.8065735963827293,1.0
01493427,knowledge-update,cards_m17,1.0,1.0,1.0,1.0
01493427,knowledge-update,pos_m17,1.0,1.0,1.0,1.0
01493427,knowledge-update,bm25_turn,1.0,1.0,1.0,1.0
01493427,knowledge-update,bm25_cards_hand,1.0,1.0,1.0,1.0
01493427,knowledge-update,rrf_turn,1.0,1.0,1.0,1.0
01493427,knowledge-update,rrf_sentence,1.0,1.0,1.0,1.0
01493427,knowledge-update,rrf_cards_hand,1.0,1.0,1.0,1.0
01493427,knowledge-update,rrf_cards_m11,1.0,1.0,1.0,1.0
01493427,knowledge-update,rrf_cards_m13,1.0,1.0,0.9197207891481876,1.0
01493427,knowledge-update,rrf_cards_m17,1.0,1.0,1.0,1.0
01493427,knowledge-update,rrf_turn_route,1.0,1.0,1.0,1.0
01493427,knowledge-update,dense_session_mean,,,,1.0
01493427,knowledge-update,bm25_session,,,,1.0
6a27ffc2,knowledge-update,turn,0.5,1.0,0.8175295903539445,1.0
6a27ffc2,knowledge-update,sentence,1.0,1.0,0.8772153153380493,1.0
6a27ffc2,knowledge-update,cards_hand,1.0,1.0,1.0,1.0
6a27ffc2,knowledge-update,pos_hand,1.0,1.0,1.0,1.0
6a27ffc2,knowledge-update,cards_m11,1.0,1.0,0.9197207891481876,1.0
6a27ffc2,knowledge-update,pos_m11,1.0,1.0,0.9197207891481876,1.0
6a27ffc2,knowledge-update,cards_m13,1.0,1.0,1.0,1.0
6a27ffc2,knowledge-update,pos_m13,1.0,1.0,1.0,1.0
6a27ffc2,knowledge-update,cards_m17,1.0,1.0,1.0,1.0
6a27ffc2,knowledge-update,pos_m17,1.0,1.0,1.0,1.0
6a27ffc2,knowledge-update,bm25_turn,1.0,1.0,0.9197207891481876,1.0
6a27ffc2,knowledge-update,bm25_cards_hand,1.0,1.0,0.9197207891481876,1.0
6a27ffc2,knowledge-update,rrf_turn,1.0,1.0,0.8772153153380493,1.0
6a27ffc2,knowledge-update,rrf_sentence,1.0,1.0,0.8772153153380493,1.0
6a27ffc2,knowledge-update,rrf_cards_hand,1.0,1.0,1.0,1.0
6a27ffc2,knowledge-update,rrf_cards_m11,1.0,1.0,1.0,1.0
6a27ffc2,knowledge-update,rrf_cards_m13,1.0,1.0,1.0,1.0
6a27ffc2,knowledge-update,rrf_cards_m17,1.0,1.0,1.0,1.0
6a27ffc2,knowledge-update,rrf_turn_route,1.0,1.0,0.9197207891481876,1.0
6a27ffc2,knowledge-update,dense_session_mean,,,,1.0
6a27ffc2,knowledge-update,bm25_session,,,,1.0
2133c1b5,knowledge-update,turn,1.0,1.0,0.8772153153380493,1.0
2133c1b5,knowledge-update,sentence,1.0,1.0,1.0,1.0
2133c1b5,knowledge-update,cards_hand,1.0,1.0,1.0,1.0
2133c1b5,knowledge-update,pos_hand,1.0,1.0,1.0,1.0
2133c1b5,knowledge-update,cards_m11,1.0,1.0,0.9197207891481876,1.0
2133c1b5,knowledge-update,pos_m11,1.0,1.0,1.0,1.0
2133c1b5,knowledge-update,cards_m13,1.0,1.0,0.9197207891481876,1.0
2133c1b5,knowledge-update,pos_m13,1.0,1.0,1.0,1.0
2133c1b5,knowledge-update,cards_m17,1.0,1.0,1.0,1.0
2133c1b5,knowledge-update,pos_m17,1.0,1.0,1.0,1.0
2133c1b5,knowledge-update,bm25_turn,1.0,1.0,1.0,1.0
2133c1b5,knowledge-update,bm25_cards_hand,1.0,1.0,1.0,1.0
2133c1b5,knowledge-update,rrf_turn,1.0,1.0,1.0,1.0
2133c1b5,knowledge-update,rrf_sentence,1.0,1.0,1.0,1.0
2133c1b5,knowledge-update,rrf_cards_hand,1.0,1.0,1.0,1.0
2133c1b5,knowledge-update,rrf_cards_m11,1.0,1.0,1.0,1.0
2133c1b5,knowledge-update,rrf_cards_m13,1.0,1.0,1.0,1.0
2133c1b5,knowledge-update,rrf_cards_m17,1.0,1.0,1.0,1.0
2133c1b5,knowledge-update,rrf_turn_route,1.0,1.0,1.0,1.0
2133c1b5,knowledge-update,dense_session_mean,,,,1.0
2133c1b5,knowledge-update,bm25_session,,,,1.0
18bc8abd,knowledge-update,turn,0.0,0.0,0.0,1.0
18bc8abd,knowledge-update,sentence,1.0,1.0,0.6240505200038379,1.0
18bc8abd,knowledge-update,cards_hand,0.5,1.0,0.5912352048230277,1.0
18bc8abd,knowledge-update,pos_hand,0.5,1.0,0.5912352048230277,1.0
18bc8abd,knowledge-update,cards_m11,0.5,1.0,0.5912352048230277,1.0
18bc8abd,knowledge-update,pos_m11,0.5,1.0,0.6052602440527057,1.0
18bc8abd,knowledge-update,cards_m13,0.5,1.0,0.6052602440527057,1.0
18bc8abd,knowledge-update,pos_m13,1.0,1.0,0.6240505200038379,1.0
18bc8abd,knowledge-update,cards_m17,1.0,1.0,0.6240505200038379,1.0
18bc8abd,knowledge-update,pos_m17,0.5,1.0,0.6052602440527057,1.0
18bc8abd,knowledge-update,bm25_turn,0.5,1.0,0.8175295903539445,1.0
18bc8abd,knowledge-update,bm25_cards_hand,0.5,0.5,0.6131471927654584,1.0
18bc8abd,knowledge-update,rrf_turn,0.0,1.0,0.41183384043543503,1.0
18bc8abd,knowledge-update,rrf_sentence,1.0,1.0,0.8503449055347546,1.0
18bc8abd,knowledge-update,rrf_cards_hand,0.5,1.0,0.7977228895450266,1.0
18bc8abd,knowledge-update,rrf_cards_m11,0.5,1.0,0.8175295903539445,1.0
18bc8abd,knowledge-update,rrf_cards_m13,1.0,1.0,0.8503449055347546,1.0
18bc8abd,knowledge-update,rrf_cards_m17,1.0,1.0,0.8503449055347546,1.0
18bc8abd,knowledge-update,rrf_turn_route,1.0,1.0,0.5706417189553201,1.0
18bc8abd,knowledge-update,dense_session_mean,,,,1.0
18bc8abd,knowledge-update,bm25_session,,,,1.0
db467c8c,knowledge-update,turn,0.5,1.0,0.5802792108518124,1.0
db467c8c,knowledge-update,sentence,1.0,1.0,0.8772153153380493,1.0
db467c8c,knowledge-update,cards_hand,0.5,0.5,0.3065735963827292,1.0
db467c8c,knowledge-update,pos_hand,1.0,1.0,1.0,1.0
db467c8c,knowledge-update,cards_m11,1.0,1.0,0.5437713091520254,1.0
db467c8c,knowledge-update,pos_m11,1.0,1.0,0.8772153153380493,1.0
db467c8c,knowledge-update,cards_m13,1.0,1.0,0.8772153153380493,1.0
db467c8c,knowledge-update,pos_m13,1.0,1.0,0.9197207891481876,1.0
db467c8c,knowledge-update,cards_m17,1.0,1.0,0.9197207891481876,1.0
db467c8c,knowledge-update,pos_m17,1.0,1.0,0.8772153153380493,1.0
db467c8c,knowledge-update,bm25_turn,1.0,1.0,0.6934264036172708,1.0
db467c8c,knowledge-update,bm25_cards_hand,1.0,1.0,0.9197207891481876,1.0
db467c8c,knowledge-update,rrf_turn,1.0,1.0,0.6509209298071326,1.0
db467c8c,knowledge-update,rrf_sentence,1.0,1.0,0.9197207891481876,1.0
db467c8c,knowledge-update,rrf_cards_hand,1.0,1.0,0.6240505200038379,1.0
db467c8c,knowledge-update,rrf_cards_m11,1.0,1.0,0.6934264036172708,1.0
db467c8c,knowledge-update,rrf_cards_m13,1.0,1.0,1.0,1.0
db467c8c,knowledge-update,rrf_cards_m17,1.0,1.0,1.0,1.0
db467c8c,knowledge-update,rrf_turn_route,1.0,1.0,0.6509209298071326,1.0
db467c8c,knowledge-update,dense_session_mean,,,,1.0
db467c8c,knowledge-update,bm25_session,,,,1.0
7a87bd0c,knowledge-update,turn,1.0,1.0,0.5012658353418871,1.0
7a87bd0c,knowledge-update,sentence,1.0,1.0,1.0,1.0
7a87bd0c,knowledge-update,cards_hand,1.0,1.0,0.9197207891481876,1.0
7a87bd0c,knowledge-update,pos_hand,1.0,1.0,1.0,1.0
7a87bd0c,knowledge-update,cards_m11,1.0,1.0,0.9197207891481876,1.0
7a87bd0c,knowledge-update,pos_m11,1.0,1.0,1.0,1.0
7a87bd0c,knowledge-update,cards_m13,1.0,1.0,0.6509209298071326,1.0
7a87bd0c,knowledge-update,pos_m13,1.0,1.0,0.8503449055347546,1.0
7a87bd0c,knowledge-update,cards_m17,1.0,1.0,0.6509209298071326,1.0
7a87bd0c,knowledge-update,pos_m17,1.0,1.0,0.6509209298071326,1.0
7a87bd0c,knowledge-update,bm25_turn,1.0,1.0,1.0,1.0
7a87bd0c,knowledge-update,bm25_cards_hand,1.0,1.0,1.0,1.0
7a87bd0c,knowledge-update,rrf_turn,1.0,1.0,0.6509209298071326,1.0
7a87bd0c,knowledge-update,rrf_sentence,1.0,1.0,1.0,1.0
7a87bd0c,knowledge-update,rrf_cards_hand,1.0,1.0,1.0,1.0
7a87bd0c,knowledge-update,rrf_cards_m11,1.0,1.0,1.0,1.0
7a87bd0c,knowledge-update,rrf_cards_m13,1.0,1.0,0.9197207891481876,1.0
7a87bd0c,knowledge-update,rrf_cards_m17,1.0,1.0,0.9197207891481876,1.0
7a87bd0c,knowledge-update,rrf_turn_route,1.0,1.0,0.9197207891481876,1.0
7a87bd0c,knowledge-update,dense_session_mean,,,,1.0
7a87bd0c,knowledge-update,bm25_session,,,,1.0
e61a7584,knowledge-update,turn,1.0,1.0,0.8503449055347546,1.0
e61a7584,knowledge-update,sentence,1.0,1.0,0.9197207891481876,1.0
e61a7584,knowledge-update,cards_hand,1.0,1.0,0.9197207891481876,1.0
e61a7584,knowledge-update,pos_hand,1.0,1.0,0.9197207891481876,1.0
e61a7584,knowledge-update,cards_m11,1.0,1.0,0.6934264036172708,1.0
e61a7584,knowledge-update,pos_m11,1.0,1.0,0.9197207891481876,1.0
e61a7584,knowledge-update,cards_m13,0.5,1.0,0.46845052016107697,1.0
e61a7584,knowledge-update,pos_m13,1.0,1.0,0.6240505200038379,1.0
e61a7584,knowledge-update,cards_m17,1.0,1.0,0.9197207891481876,1.0
e61a7584,knowledge-update,pos_m17,1.0,1.0,0.9197207891481876,1.0
e61a7584,knowledge-update,bm25_turn,0.5,1.0,0.8065735963827293,1.0
e61a7584,knowledge-update,bm25_cards_hand,0.5,1.0,0.8315546295836225,1.0
e61a7584,knowledge-update,rrf_turn,1.0,1.0,0.6934264036172708,1.0
e61a7584,knowledge-update,rrf_sentence,1.0,1.0,0.8772153153380493,1.0
e61a7584,knowledge-update,rrf_cards_hand,1.0,1.0,0.9197207891481876,1.0
e61a7584,knowledge-update,rrf_cards_m11,1.0,1.0,0.6509209298071326,1.0
e61a7584,knowledge-update,rrf_cards_m13,0.5,1.0,0.5912352048230277,1.0
e61a7584,knowledge-update,rrf_cards_m17,1.0,1.0,0.8772153153380493,1.0
e61a7584,knowledge-update,rrf_turn_route,1.0,1.0,0.6934264036172708,1.0
e61a7584,knowledge-update,dense_session_mean,,,,1.0
e61a7584,knowledge-update,bm25_session,,,,1.0
1cea1afa,knowledge-update,turn,0.5,1.0,0.5,1.0
1cea1afa,knowledge-update,sentence,1.0,1.0,0.9197207891481876,1.0
1cea1afa,knowledge-update,cards_hand,1.0,1.0,0.9197207891481876,1.0
1cea1afa,knowledge-update,pos_hand,1.0,1.0,0.9197207891481876,1.0
1cea1afa,knowledge-update,cards_m11,1.0,1.0,0.9197207891481876,1.0
1cea1afa,knowledge-update,pos_m11,1.0,1.0,0.9197207891481876,1.0
1cea1afa,knowledge-update,cards_m13,1.0,1.0,1.0,1.0
1cea1afa,knowledge-update,pos_m13,1.0,1.0,0.9197207891481876,1.0
1cea1afa,knowledge-update,cards_m17,1.0,1.0,1.0,1.0
1cea1afa,knowledge-update,pos_m17,1.0,1.0,0.9197207891481876,1.0
1cea1afa,knowledge-update,bm25_turn,0.0,0.0,0.0,1.0
1cea1afa,knowledge-update,bm25_cards_hand,0.0,0.0,0.0,0.5
1cea1afa,knowledge-update,rrf_turn,0.0,0.5,0.20438239758848611,1.0
1cea1afa,knowledge-update,rrf_sentence,0.5,0.5,0.2640681225725909,1.0
1cea1afa,knowledge-update,rrf_cards_hand,0.0,0.0,0.0,1.0
1cea1afa,knowledge-update,rrf_cards_m11,0.5,1.0,0.41443699955334395,1.0
1cea1afa,knowledge-update,rrf_cards_m13,0.0,1.0,0.41183384043543503,1.0
1cea1afa,knowledge-update,rrf_cards_m17,0.5,1.0,0.4415801103577823,1.0
1cea1afa,knowledge-update,rrf_turn_route,0.5,1.0,0.46845052016107697,1.0
1cea1afa,knowledge-update,dense_session_mean,,,,1.0
1cea1afa,knowledge-update,bm25_session,,,,1.0
ed4ddc30,knowledge-update,turn,1.0,1.0,0.6509209298071326,1.0
ed4ddc30,knowledge-update,sentence,1.0,1.0,1.0,1.0
ed4ddc30,knowledge-update,cards_hand,1.0,1.0,1.0,1.0
ed4ddc30,knowledge-update,pos_hand,1.0,1.0,0.9197207891481876,1.0
ed4ddc30,knowledge-update,cards_m11,1.0,1.0,1.0,1.0
ed4ddc30,knowledge-update,pos_m11,1.0,1.0,0.9197207891481876,1.0
ed4ddc30,knowledge-update,cards_m13,1.0,1.0,1.0,1.0
ed4ddc30,knowledge-update,pos_m13,1.0,1.0,1.0,1.0
ed4ddc30,knowledge-update,cards_m17,1.0,1.0,0.9197207891481876,1.0
ed4ddc30,knowledge-update,pos_m17,1.0,1.0,0.9197207891481876,1.0
ed4ddc30,knowledge-update,bm25_turn,1.0,1.0,1.0,1.0
ed4ddc30,knowledge-update,bm25_cards_hand,1.0,1.0,1.0,1.0
ed4ddc30,knowledge-update,rrf_turn,1.0,1.0,0.9197207891481876,1.0
ed4ddc30,knowledge-update,rrf_sentence,1.0,1.0,1.0,1.0
ed4ddc30,knowledge-update,rrf_cards_hand,1.0,1.0,1.0,1.0
ed4ddc30,knowledge-update,rrf_cards_m11,1.0,1.0,1.0,1.0
ed4ddc30,knowledge-update,rrf_cards_m13,1.0,1.0,1.0,1.0
ed4ddc30,knowledge-update,rrf_cards_m17,1.0,1.0,1.0,1.0
ed4ddc30,knowledge-update,rrf_turn_route,1.0,1.0,1.0,1.0
ed4ddc30,knowledge-update,dense_session_mean,,,,1.0
ed4ddc30,knowledge-update,bm25_session,,,,1.0
8fb83627,knowledge-update,turn,0.6666666666666666,0.6666666666666666,0.49818925746641285,1.0
8fb83627,knowledge-update,sentence,0.6666666666666666,1.0,0.6719882468370725,1.0
8fb83627,knowledge-update,cards_hand,0.3333333333333333,1.0,0.5065745439910657,1.0
8fb83627,knowledge-update,pos_hand,0.3333333333333333,1.0,0.5065745439910657,1.0
8fb83627,knowledge-update,cards_m11,0.3333333333333333,1.0,0.5937751258332797,1.0
8fb83627,knowledge-update,pos_m11,0.3333333333333333,1.0,0.5937751258332797,1.0
8fb83627,knowledge-update,cards_m13,0.6666666666666666,1.0,0.6719882468370725,1.0
8fb83627,knowledge-update,pos_m13,0.3333333333333333,1.0,0.5853898393086269,1.0
8fb83627,knowledge-update,cards_m17,0.3333333333333333,1.0,0.5937751258332797,1.0
8fb83627,knowledge-update,pos_m17,0.3333333333333333,1.0,0.5937751258332797,1.0
8fb83627,knowledge-update,bm25_turn,0.6666666666666666,1.0,0.5508095940041026,1.0
8fb83627,knowledge-update,bm25_cards_hand,0.6666666666666666,1.0,0.5780136823717549,1.0
8fb83627,knowledge-update,rrf_turn,0.6666666666666666,1.0,0.5847876649948583,1.0
8fb83627,knowledge-update,rrf_sentence,0.6666666666666666,1.0,0.6546154994739983,1.0
8fb83627,knowledge-update,rrf_cards_hand,0.3333333333333333,1.0,0.5498407734605131,1.0
8fb83627,knowledge-update,rrf_cards_m11,0.6666666666666666,1.0,0.5833416105149332,1.0
8fb83627,knowledge-update,rrf_cards_m13,0.6666666666666666,1.0,0.6546154994739983,1.0
8fb83627,knowledge-update,rrf_cards_m17,0.6666666666666666,1.0,0.5833416105149332,1.0
8fb83627,knowledge-update,rrf_turn_route,1.0,1.0,0.9674679834891693,1.0
8fb83627,knowledge-update,dense_session_mean,,,,1.0
8fb83627,knowledge-update,bm25_session,,,,1.0
b01defab,knowledge-update,turn,0.5,1.0,0.4911492931622974,1.0
b01defab,knowledge-update,sentence,1.0,1.0,0.5012658353418871,1.0
b01defab,knowledge-update,cards_hand,0.5,1.0,0.430624116386567,1.0
b01defab,knowledge-update,pos_hand,0.0,0.5,0.21840743681816419,1.0
b01defab,knowledge-update,cards_m11,0.5,1.0,0.4911492931622974,1.0
b01defab,knowledge-update,pos_m11,0.5,1.0,0.45749452618986164,1.0
b01defab,knowledge-update,cards_m13,0.5,0.5,0.3065735963827292,1.0
b01defab,knowledge-update,pos_m13,1.0,1.0,0.5012658353418871,1.0
b01defab,knowledge-update,cards_m17,0.0,1.0,0.3889580943680543,1.0
b01defab,knowledge-update,pos_m17,0.0,0.5,0.20438239758848611,1.0
b01defab,knowledge-update,bm25_turn,1.0,1.0,0.5437713091520254,1.0
b01defab,knowledge-update,bm25_cards_hand,1.0,1.0,0.8503449055347546,1.0
b01defab,knowledge-update,rrf_turn,1.0,1.0,0.5437713091520254,1.0
b01defab,knowledge-update,rrf_sentence,1.0,1.0,0.5012658353418871,1.0
b01defab,knowledge-update,rrf_cards_hand,1.0,1.0,0.5437713091520254,1.0
b01defab,knowledge-update,rrf_cards_m11,0.5,1.0,0.48247555939075504,1.0
b01defab,knowledge-update,rrf_cards_m13,0.5,1.0,0.46845052016107697,1.0
b01defab,knowledge-update,rrf_cards_m17,0.5,1.0,0.48247555939075504,1.0
b01defab,knowledge-update,rrf_turn_route,1.0,1.0,0.6934264036172708,1.0
b01defab,knowledge-update,dense_session_mean,,,,1.0
b01defab,knowledge-update,bm25_session,,,,1.0
22d2cb42,knowledge-update,turn,1.0,1.0,0.38685280723454163,1.0
22d2cb42,knowledge-update,sentence,0.0,1.0,0.2890648263178879,1.0
22d2cb42,knowledge-update,cards_hand,0.0,0.0,0.0,1.0
22d2cb42,knowledge-update,pos_hand,0.0,0.0,0.0,1.0
22d2cb42,knowledge-update,cards_m11,0.0,1.0,0.3010299956639812,1.0
22d2cb42,knowledge-update,pos_m11,0.0,1.0,0.3010299956639812,1.0
22d2cb42,knowledge-update,cards_m13,0.0,1.0,0.3333333333333333,1.0
22d2cb42,knowledge-update,pos_m13,0.0,1.0,0.3333333333333333,1.0
22d2cb42,knowledge-update,cards_m17,0.0,1.0,0.3010299956639812,1.0
22d2cb42,knowledge-update,pos_m17,0.0,1.0,0.3010299956639812,1.0
22d2cb42,knowledge-update,bm25_turn,0.0,0.0,0.0,1.0
22d2cb42,knowledge-update,bm25_cards_hand,0.0,0.0,0.0,1.0
22d2cb42,knowledge-update,rrf_turn,0.0,1.0,0.3010299956639812,1.0
22d2cb42,knowledge-update,rrf_sentence,0.0,0.0,0.0,1.0
22d2cb42,knowledge-update,rrf_cards_hand,0.0,0.0,0.0,1.0
22d2cb42,knowledge-update,rrf_cards_m11,0.0,0.0,0.0,1.0
22d2cb42,knowledge-update,rrf_cards_m13,0.0,0.0,0.0,1.0
22d2cb42,knowledge-update,rrf_cards_m17,0.0,0.0,0.0,1.0
22d2cb42,knowledge-update,rrf_turn_route,0.0,1.0,0.3562071871080222,1.0
22d2cb42,knowledge-update,dense_session_mean,,,,1.0
22d2cb42,knowledge-update,bm25_session,,,,1.0
0e4e4c46,knowledge-update,turn,0.5,0.5,0.2640681225725909,1.0
0e4e4c46,knowledge-update,sentence,1.0,1.0,0.9197207891481876,1.0
0e4e4c46,knowledge-update,cards_hand,1.0,1.0,0.9197207891481876,1.0
0e4e4c46,knowledge-update,pos_hand,1.0,1.0,0.8772153153380493,1.0
0e4e4c46,knowledge-update,cards_m11,1.0,1.0,0.9197207891481876,1.0
0e4e4c46,knowledge-update,pos_m11,1.0,1.0,0.9197207891481876,1.0
0e4e4c46,knowledge-update,cards_m13,1.0,1.0,0.9197207891481876,1.0
0e4e4c46,knowledge-update,pos_m13,1.0,1.0,0.8772153153380493,1.0
0e4e4c46,knowledge-update,cards_m17,1.0,1.0,0.9197207891481876,1.0
0e4e4c46,knowledge-update,pos_m17,1.0,1.0,0.9197207891481876,1.0
0e4e4c46,knowledge-update,bm25_turn,1.0,1.0,1.0,1.0
0e4e4c46,knowledge-update,bm25_cards_hand,1.0,1.0,1.0,1.0
0e4e4c46,knowledge-update,rrf_turn,0.5,1.0,0.8065735963827293,1.0
0e4e4c46,knowledge-update,rrf_sentence,1.0,1.0,1.0,1.0
0e4e4c46,knowledge-update,rrf_cards_hand,1.0,1.0,1.0,1.0
0e4e4c46,knowledge-update,rrf_cards_m11,1.0,1.0,1.0,1.0
0e4e4c46,knowledge-update,rrf_cards_m13,1.0,1.0,1.0,1.0
0e4e4c46,knowledge-update,rrf_cards_m17,1.0,1.0,1.0,1.0
0e4e4c46,knowledge-update,rrf_turn_route,1.0,1.0,0.8772153153380493,1.0
0e4e4c46,knowledge-update,dense_session_mean,,,,0.5
0e4e4c46,knowledge-update,bm25_session,,,,1.0
4b24c848,knowledge-update,turn,1.0,1.0,0.6934264036172708,1.0
4b24c848,knowledge-update,sentence,1.0,1.0,0.9197207891481876,1.0
4b24c848,knowledge-update,cards_hand,1.0,1.0,1.0,1.0
4b24c848,knowledge-update,pos_hand,1.0,1.0,1.0,1.0
4b24c848,knowledge-update,cards_m11,1.0,1.0,0.9197207891481876,1.0
4b24c848,knowledge-update,pos_m11,1.0,1.0,0.9197207891481876,1.0
4b24c848,knowledge-update,cards_m13,1.0,1.0,0.9197207891481876,1.0
4b24c848,knowledge-update,pos_m13,1.0,1.0,0.9197207891481876,1.0
4b24c848,knowledge-update,cards_m17,1.0,1.0,0.9197207891481876,1.0
4b24c848,knowledge-update,pos_m17,1.0,1.0,0.9197207891481876,1.0
4b24c848,knowledge-update,bm25_turn,1.0,1.0,1.0,1.0
4b24c848,knowledge-update,bm25_cards_hand,1.0,1.0,1.0,1.0
4b24c848,knowledge-update,rrf_turn,1.0,1.0,0.9197207891481876,1.0
4b24c848,knowledge-update,rrf_sentence,1.0,1.0,0.9197207891481876,1.0
4b24c848,knowledge-update,rrf_cards_hand,1.0,1.0,1.0,1.0
4b24c848,knowledge-update,rrf_cards_m11,1.0,1.0,0.9197207891481876,1.0
4b24c848,knowledge-update,rrf_cards_m13,1.0,1.0,1.0,1.0
4b24c848,knowledge-update,rrf_cards_m17,1.0,1.0,0.9197207891481876,1.0
4b24c848,knowledge-update,rrf_turn_route,1.0,1.0,0.9197207891481876,1.0
4b24c848,knowledge-update,dense_session_mean,,,,1.0
4b24c848,knowledge-update,bm25_session,,,,1.0
7e974930,knowledge-update,turn,1.0,1.0,0.8772153153380493,1.0
7e974930,knowledge-update,sentence,1.0,1.0,0.9197207891481876,1.0
7e974930,knowledge-update,cards_hand,1.0,1.0,0.9197207891481876,1.0
7e974930,knowledge-update,pos_hand,1.0,1.0,0.9197207891481876,1.0
7e974930,knowledge-update,cards_m11,1.0,1.0,0.6934264036172708,1.0
7e974930,knowledge-update,pos_m11,1.0,1.0,0.9197207891481876,1.0
7e974930,knowledge-update,cards_m13,1.0,1.0,0.9197207891481876,1.0
7e974930,knowledge-update,pos_m13,1.0,1.0,0.9197207891481876,1.0
7e974930,knowledge-update,cards_m17,0.5,1.0,0.5802792108518124,1.0
7e974930,knowledge-update,pos_m17,0.5,1.0,0.8065735963827293,1.0
7e974930,knowledge-update,bm25_turn,1.0,1.0,0.9197207891481876,1.0
7e974930,knowledge-update,bm25_cards_hand,1.0,1.0,0.8772153153380493,1.0
7e974930,knowledge-update,rrf_turn,1.0,1.0,1.0,1.0
7e974930,knowledge-update,rrf_sentence,1.0,1.0,0.9197207891481876,1.0
7e974930,knowledge-update,rrf_cards_hand,1.0,1.0,0.8772153153380493,1.0
7e974930,knowledge-update,rrf_cards_m11,1.0,1.0,0.8772153153380493,1.0
7e974930,knowledge-update,rrf_cards_m13,1.0,1.0,0.9197207891481876,1.0
7e974930,knowledge-update,rrf_cards_m17,1.0,1.0,0.8503449055347546,1.0
7e974930,knowledge-update,rrf_turn_route,1.0,1.0,1.0,1.0
7e974930,knowledge-update,dense_session_mean,,,,1.0
7e974930,knowledge-update,bm25_session,,,,1.0
603deb26,knowledge-update,turn,0.0,1.0,0.40298313359773236,1.0
603deb26,knowledge-update,sentence,1.0,1.0,0.8772153153380493,1.0
603deb26,knowledge-update,cards_hand,1.0,1.0,0.8772153153380493,1.0
603deb26,knowledge-update,pos_hand,1.0,1.0,0.8772153153380493,1.0
603deb26,knowledge-update,cards_m11,1.0,1.0,0.8772153153380493,1.0
603deb26,knowledge-update,pos_m11,1.0,1.0,0.9197207891481876,1.0
603deb26,knowledge-update,cards_m13,1.0,1.0,0.9197207891481876,1.0
603deb26,knowledge-update,pos_m13,1.0,1.0,0.8772153153380493,1.0
603deb26,knowledge-update,cards_m17,1.0,1.0,0.9197207891481876,1.0
603deb26,knowledge-update,pos_m17,1.0,1.0,0.9197207891481876,1.0
603deb26,knowledge-update,bm25_turn,1.0,1.0,0.8772153153380493,1.0
603deb26,knowledge-update,bm25_cards_hand,1.0,1.0,0.5706417189553201,1.0
603deb26,knowledge-update,rrf_turn,1.0,1.0,0.5012658353418871,1.0
603deb26,knowledge-update,rrf_sentence,1.0,1.0,0.8772153153380493,1.0
603deb26,knowledge-update,rrf_cards_hand,1.0,1.0,0.8772153153380493,1.0
603deb26,knowledge-update,rrf_cards_m11,1.0,1.0,0.8772153153380493,1.0
603deb26,knowledge-update,rrf_cards_m13,1.0,1.0,0.9197207891481876,1.0
603deb26,knowledge-update,rrf_cards_m17,1.0,1.0,0.9197207891481876,1.0
603deb26,knowledge-update,rrf_turn_route,1.0,1.0,0.5012658353418871,1.0
603deb26,knowledge-update,dense_session_mean,,,,1.0
603deb26,knowledge-update,bm25_session,,,,1.0
59524333,knowledge-update,turn,0.5,1.0,0.8175295903539445,1.0
59524333,knowledge-update,sentence,1.0,1.0,0.8503449055347546,1.0
59524333,knowledge-update,cards_hand,0.5,1.0,0.7903864795495061,1.0
59524333,knowledge-update,pos_hand,0.5,1.0,0.7903864795495061,1.0
59524333,knowledge-update,cards_m11,0.5,1.0,0.7903864795495061,1.0
59524333,knowledge-update,pos_m11,0.5,1.0,0.7903864795495061,1.0
59524333,knowledge-update,cards_m13,0.5,1.0,0.5640920940185894,1.0
59524333,knowledge-update,pos_m13,0.5,1.0,0.5640920940185894,1.0
59524333,knowledge-update,cards_m17,0.5,1.0,0.7903864795495061,1.0
59524333,knowledge-update,pos_m17,0.5,1.0,0.7903864795495061,1.0
59524333,knowledge-update,bm25_turn,1.0,1.0,0.6509209298071326,1.0
59524333,knowledge-update,bm25_cards_hand,1.0,1.0,0.6509209298071326,1.0
59524333,knowledge-update,rrf_turn,1.0,1.0,0.6509209298071326,1.0
59524333,knowledge-update,rrf_sentence,1.0,1.0,0.6934264036172708,1.0
59524333,knowledge-update,rrf_cards_hand,0.5,1.0,0.8315546295836225,1.0
59524333,knowledge-update,rrf_cards_m11,0.5,1.0,0.8315546295836225,1.0
59524333,knowledge-update,rrf_cards_m13,0.5,1.0,0.6052602440527057,1.0
59524333,knowledge-update,rrf_cards_m17,0.5,1.0,0.8315546295836225,1.0
59524333,knowledge-update,rrf_turn_route,1.0,1.0,0.6934264036172708,1.0
59524333,knowledge-update,dense_session_mean,,,,1.0
59524333,knowledge-update,bm25_session,,,,1.0
5831f84d,knowledge-update,turn,1.0,1.0,0.6509209298071326,1.0
5831f84d,knowledge-update,sentence,1.0,1.0,1.0,1.0
5831f84d,knowledge-update,cards_hand,1.0,1.0,1.0,1.0
5831f84d,knowledge-update,pos_hand,1.0,1.0,1.0,1.0
5831f84d,knowledge-update,cards_m11,1.0,1.0,1.0,1.0
5831f84d,knowledge-update,pos_m11,1.0,1.0,1.0,1.0
5831f84d,knowledge-update,cards_m13,1.0,1.0,0.8772153153380493,1.0
5831f84d,knowledge-update,pos_m13,1.0,1.0,0.8772153153380493,1.0
5831f84d,knowledge-update,cards_m17,1.0,1.0,1.0,1.0
5831f84d,knowledge-update,pos_m17,1.0,1.0,1.0,1.0
5831f84d,knowledge-update,bm25_turn,1.0,1.0,1.0,1.0
5831f84d,knowledge-update,bm25_cards_hand,1.0,1.0,1.0,1.0
5831f84d,knowledge-update,rrf_turn,1.0,1.0,0.9197207891481876,1.0
5831f84d,knowledge-update,rrf_sentence,1.0,1.0,1.0,1.0
5831f84d,knowledge-update,rrf_cards_hand,1.0,1.0,1.0,1.0
5831f84d,knowledge-update,rrf_cards_m11,1.0,1.0,1.0,1.0
5831f84d,knowledge-update,rrf_cards_m13,1.0,1.0,1.0,1.0
5831f84d,knowledge-update,rrf_cards_m17,1.0,1.0,1.0,1.0
5831f84d,knowledge-update,rrf_turn_route,1.0,1.0,0.9197207891481876,1.0
5831f84d,knowledge-update,dense_session_mean,,,,1.0
5831f84d,knowledge-update,bm25_session,,,,1.0
eace081b,knowledge-update,turn,0.0,1.0,0.3562071871080222,1.0
eace081b,knowledge-update,sentence,0.0,1.0,0.3333333333333333,1.0
eace081b,knowledge-update,cards_hand,0.0,1.0,0.3333333333333333,1.0
eace081b,knowledge-update,pos_hand,0.0,1.0,0.3333333333333333,1.0
eace081b,knowledge-update,cards_m11,0.0,1.0,0.31546487678572877,1.0
eace081b,knowledge-update,pos_m11,0.0,1.0,0.31546487678572877,1.0
eace081b,knowledge-update,cards_m13,0.0,1.0,0.31546487678572877,1.0
eace081b,knowledge-update,pos_m13,0.0,1.0,0.31546487678572877,1.0
eace081b,knowledge-update,cards_m17,0.0,1.0,0.31546487678572877,1.0
eace081b,knowledge-update,pos_m17,0.0,1.0,0.31546487678572877,1.0
eace081b,knowledge-update,bm25_turn,0.0,0.0,0.0,1.0
eace081b,knowledge-update,bm25_cards_hand,0.0,0.0,0.0,1.0
eace081b,knowledge-update,rrf_turn,0.0,1.0,0.3333333333333333,1.0
eace081b,knowledge-update,rrf_sentence,0.0,1.0,0.3333333333333333,1.0
eace081b,knowledge-update,rrf_cards_hand,0.0,1.0,0.3562071871080222,1.0
eace081b,knowledge-update,rrf_cards_m11,0.0,1.0,0.31546487678572877,1.0
eace081b,knowledge-update,rrf_cards_m13,0.0,1.0,0.31546487678572877,1.0
eace081b,knowledge-update,rrf_cards_m17,0.0,1.0,0.31546487678572877,1.0
eace081b,knowledge-update,rrf_turn_route,1.0,1.0,0.43067655807339306,1.0
eace081b,knowledge-update,dense_session_mean,,,,1.0
eace081b,knowledge-update,bm25_session,,,,1.0
affe2881,knowledge-update,turn,0.5,0.5,0.6131471927654584,1.0
affe2881,knowledge-update,sentence,1.0,1.0,0.8503449055347546,1.0
affe2881,knowledge-update,cards_hand,0.5,0.5,0.6131471927654584,1.0
affe2881,knowledge-update,pos_hand,0.5,0.5,0.2640681225725909,1.0
affe2881,knowledge-update,cards_m11,0.5,0.5,0.6131471927654584,1.0
affe2881,knowledge-update,pos_m11,0.5,0.5,0.2640681225725909,1.0
affe2881,knowledge-update,cards_m13,0.5,0.5,0.3065735963827292,1.0
affe2881,knowledge-update,pos_m13,0.5,0.5,0.38685280723454163,1.0
affe2881,knowledge-update,cards_m17,0.5,0.5,0.6131471927654584,1.0
affe2881,knowledge-update,pos_m17,0.5,0.5,0.6131471927654584,1.0
affe2881,knowledge-update,bm25_turn,1.0,1.0,0.9197207891481876,1.0
affe2881,knowledge-update,bm25_cards_hand,1.0,1.0,0.8772153153380493,1.0
affe2881,knowledge-update,rrf_turn,0.5,0.5,0.6131471927654584,1.0
affe2881,knowledge-update,rrf_sentence,1.0,1.0,0.9197207891481876,1.0
affe2881,knowledge-update,rrf_cards_hand,1.0,1.0,0.8772153153380493,1.0
affe2881,knowledge-update,rrf_cards_m11,1.0,1.0,0.8503449055347546,1.0
affe2881,knowledge-update,rrf_cards_m13,0.5,1.0,0.6052602440527057,1.0
affe2881,knowledge-update,rrf_cards_m17,1.0,1.0,0.8503449055347546,1.0
affe2881,knowledge-update,rrf_turn_route,1.0,1.0,0.8503449055347546,1.0
affe2881,knowledge-update,dense_session_mean,,,,1.0
affe2881,knowledge-update,bm25_session,,,,1.0
50635ada,knowledge-update,turn,0.5,1.0,0.5109559939712153,1.0
50635ada,knowledge-update,sentence,1.0,1.0,0.5706417189553201,1.0
50635ada,knowledge-update,cards_hand,0.5,1.0,0.5249810332008933,1.0
50635ada,knowledge-update,pos_hand,0.5,1.0,0.5249810332008933,1.0
50635ada,knowledge-update,cards_m11,0.5,1.0,0.5249810332008933,1.0
50635ada,knowledge-update,pos_m11,0.5,1.0,0.5249810332008933,1.0
50635ada,knowledge-update,cards_m13,0.5,1.0,0.4415801103577823,1.0
50635ada,knowledge-update,pos_m13,0.5,1.0,0.5249810332008933,1.0
50635ada,knowledge-update,cards_m17,1.0,1.0,0.5706417189553201,1.0
50635ada,knowledge-update,pos_m17,1.0,1.0,0.5706417189553201,1.0
50635ada,knowledge-update,bm25_turn,1.0,1.0,0.5706417189553201,1.0
50635ada,knowledge-update,bm25_cards_hand,1.0,1.0,0.5706417189553201,1.0
50635ada,knowledge-update,rrf_turn,1.0,1.0,0.5706417189553201,1.0
50635ada,knowledge-update,rrf_sentence,1.0,1.0,0.5706417189553201,1.0
50635ada,knowledge-update,rrf_cards_hand,1.0,1.0,0.5706417189553201,1.0
50635ada,knowledge-update,rrf_cards_m11,1.0,1.0,0.5706417189553201,1.0
50635ada,knowledge-update,rrf_cards_m13,1.0,1.0,0.5706417189553201,1.0
50635ada,knowledge-update,rrf_cards_m17,1.0,1.0,0.5706417189553201,1.0
50635ada,knowledge-update,rrf_turn_route,1.0,1.0,0.6934264036172708,1.0
50635ada,knowledge-update,dense_session_mean,,,,1.0
50635ada,knowledge-update,bm25_session,,,,1.0
e66b632c,knowledge-update,turn,1.0,1.0,0.8503449055347546,1.0
e66b632c,knowledge-update,sentence,1.0,1.0,0.6934264036172708,1.0
e66b632c,knowledge-update,cards_hand,0.5,1.0,0.6052602440527057,1.0
e66b632c,knowledge-update,pos_hand,1.0,1.0,0.6934264036172708,1.0
e66b632c,knowledge-update,cards_m11,1.0,1.0,0.6934264036172708,1.0
e66b632c,knowledge-update,pos_m11,1.0,1.0,1.0,1.0
e66b632c,knowledge-update,cards_m13,0.5,0.5,0.6131471927654584,1.0
e66b632c,knowledge-update,pos_m13,1.0,1.0,1.0,1.0
e66b632c,knowledge-update,cards_m17,0.5,1.0,0.8315546295836225,1.0
e66b632c,knowledge-update,pos_m17,1.0,1.0,0.9197207891481876,1.0
e66b632c,knowledge-update,bm25_turn,1.0,1.0,0.9197207891481876,1.0
e66b632c,knowledge-update,bm25_cards_hand,1.0,1.0,0.6934264036172708,1.0
e66b632c,knowledge-update,rrf_turn,1.0,1.0,0.9197207891481876,1.0
e66b632c,knowledge-update,rrf_sentence,1.0,1.0,0.6934264036172708,1.0
e66b632c,knowledge-update,rrf_cards_hand,1.0,1.0,0.6934264036172708,1.0
e66b632c,knowledge-update,rrf_cards_m11,1.0,1.0,0.6934264036172708,1.0
e66b632c,knowledge-update,rrf_cards_m13,1.0,1.0,0.8503449055347546,1.0
e66b632c,knowledge-update,rrf_cards_m17,1.0,1.0,1.0,1.0
e66b632c,knowledge-update,rrf_turn_route,1.0,1.0,1.0,1.0
e66b632c,knowledge-update,dense_session_mean,,,,1.0
e66b632c,knowledge-update,bm25_session,,,,1.0
0ddfec37,knowledge-update,turn,0.5,1.0,0.6052602440527057,1.0
0ddfec37,knowledge-update,sentence,1.0,1.0,1.0,1.0
0ddfec37,knowledge-update,cards_hand,1.0,1.0,0.8503449055347546,1.0
0ddfec37,knowledge-update,pos_hand,1.0,1.0,1.0,1.0
0ddfec37,knowledge-update,cards_m11,1.0,1.0,1.0,1.0
0ddfec37,knowledge-update,pos_m11,1.0,1.0,1.0,1.0
0ddfec37,knowledge-update,cards_m13,1.0,1.0,0.9197207891481876,1.0
0ddfec37,knowledge-update,pos_m13,1.0,1.0,1.0,1.0
0ddfec37,knowledge-update,cards_m17,1.0,1.0,0.8503449055347546,1.0
0ddfec37,knowledge-update,pos_m17,1.0,1.0,0.8503449055347546,1.0
0ddfec37,knowledge-update,bm25_turn,1.0,1.0,1.0,1.0
0ddfec37,knowledge-update,bm25_cards_hand,1.0,1.0,1.0,1.0
0ddfec37,knowledge-update,rrf_turn,1.0,1.0,0.6934264036172708,1.0
0ddfec37,knowledge-update,rrf_sentence,1.0,1.0,1.0,1.0
0ddfec37,knowledge-update,rrf_cards_hand,1.0,1.0,0.9197207891481876,1.0
0ddfec37,knowledge-update,rrf_cards_m11,1.0,1.0,1.0,1.0
0ddfec37,knowledge-update,rrf_cards_m13,1.0,1.0,1.0,1.0
0ddfec37,knowledge-update,rrf_cards_m17,1.0,1.0,1.0,1.0
0ddfec37,knowledge-update,rrf_turn_route,1.0,1.0,0.6934264036172708,1.0
0ddfec37,knowledge-update,dense_session_mean,,,,1.0
0ddfec37,knowledge-update,bm25_session,,,,1.0
f685340e,knowledge-update,turn,0.5,0.5,0.3065735963827292,1.0
f685340e,knowledge-update,sentence,1.0,1.0,1.0,1.0
f685340e,knowledge-update,cards_hand,1.0,1.0,0.8503449055347546,1.0
f685340e,knowledge-update,pos_hand,1.0,1.0,0.8503449055347546,1.0
f685340e,knowledge-update,cards_m11,1.0,1.0,0.8503449055347546,1.0
f685340e,knowledge-update,pos_m11,1.0,1.0,0.8503449055347546,1.0
f685340e,knowledge-update,cards_m13,1.0,1.0,0.8503449055347546,1.0
f685340e,knowledge-update,pos_m13,1.0,1.0,0.8503449055347546,1.0
f685340e,knowledge-update,cards_m17,1.0,1.0,1.0,1.0
f685340e,knowledge-update,pos_m17,1.0,1.0,1.0,1.0
f685340e,knowledge-update,bm25_turn,1.0,1.0,0.6240505200038379,1.0
f685340e,knowledge-update,bm25_cards_hand,0.5,1.0,0.6052602440527057,1.0
f685340e,knowledge-update,rrf_turn,0.5,1.0,0.5912352048230277,1.0
f685340e,knowledge-update,rrf_sentence,1.0,1.0,0.9197207891481876,1.0
f685340e,knowledge-update,rrf_cards_hand,1.0,1.0,0.6934264036172708,1.0
f685340e,knowledge-update,rrf_cards_m11,1.0,1.0,0.6934264036172708,1.0
f685340e,knowledge-update,rrf_cards_m13,1.0,1.0,0.6934264036172708,1.0
f685340e,knowledge-update,rrf_cards_m17,1.0,1.0,0.9197207891481876,1.0
f685340e,knowledge-update,rrf_turn_route,1.0,1.0,0.6240505200038379,1.0
f685340e,knowledge-update,dense_session_mean,,,,1.0
f685340e,knowledge-update,bm25_session,,,,1.0
cc5ded98,knowledge-update,turn,0.0,0.5,0.19342640361727081,1.0
cc5ded98,knowledge-update,sentence,1.0,1.0,0.9197207891481876,1.0
cc5ded98,knowledge-update,cards_hand,1.0,1.0,0.9197207891481876,1.0
cc5ded98,knowledge-update,pos_hand,1.0,1.0,0.9197207891481876,1.0
cc5ded98,knowledge-update,cards_m11,1.0,1.0,0.9197207891481876,1.0
cc5ded98,knowledge-update,pos_m11,1.0,1.0,0.9197207891481876,1.0
cc5ded98,knowledge-update,cards_m13,1.0,1.0,0.5437713091520254,1.0
cc5ded98,knowledge-update,pos_m13,1.0,1.0,0.5437713091520254,1.0
cc5ded98,knowledge-update,cards_m17,1.0,1.0,0.9197207891481876,1.0
cc5ded98,knowledge-update,pos_m17,1.0,1.0,0.9197207891481876,1.0
cc5ded98,knowledge-update,bm25_turn,1.0,1.0,0.6509209298071326,1.0
cc5ded98,knowledge-update,bm25_cards_hand,0.5,1.0,0.48247555939075504,1.0
cc5ded98,knowledge-update,rrf_turn,0.5,1.0,0.45749452618986164,1.0
cc5ded98,knowledge-update,rrf_sentence,1.0,1.0,0.8772153153380493,1.0
cc5ded98,knowledge-update,rrf_cards_hand,1.0,1.0,0.8503449055347546,1.0
cc5ded98,knowledge-update,rrf_cards_m11,1.0,1.0,0.8772153153380493,1.0
cc5ded98,knowledge-update,rrf_cards_m13,1.0,1.0,0.6509209298071326,1.0
cc5ded98,knowledge-update,rrf_cards_m17,1.0,1.0,0.8772153153380493,1.0
cc5ded98,knowledge-update,rrf_turn_route,1.0,1.0,0.6240505200038379,1.0
cc5ded98,knowledge-update,dense_session_mean,,,,1.0
cc5ded98,knowledge-update,bm25_session,,,,1.0
dfde3500,knowledge-update,turn,0.5,0.5,0.38685280723454163,1.0
dfde3500,knowledge-update,sentence,0.5,0.5,0.38685280723454163,1.0
dfde3500,knowledge-update,cards_hand,0.5,0.5,0.6131471927654584,1.0
dfde3500,knowledge-update,pos_hand,0.5,0.5,0.38685280723454163,1.0
dfde3500,knowledge-update,cards_m11,0.5,0.5,0.38685280723454163,1.0
dfde3500,knowledge-update,pos_m11,0.5,0.5,0.3065735963827292,1.0
dfde3500,knowledge-update,cards_m13,0.5,0.5,0.38685280723454163,1.0
dfde3500,knowledge-update,pos_m13,0.5,0.5,0.38685280723454163,1.0
dfde3500,knowledge-update,cards_m17,0.5,0.5,0.6131471927654584,1.0
dfde3500,knowledge-update,pos_m17,0.5,0.5,0.6131471927654584,1.0
dfde3500,knowledge-update,bm25_turn,0.5,0.5,0.6131471927654584,1.0
dfde3500,knowledge-update,bm25_cards_hand,0.5,0.5,0.38685280723454163,1.0
dfde3500,knowledge-update,rrf_turn,0.5,0.5,0.38685280723454163,1.0
dfde3500,knowledge-update,rrf_sentence,0.5,0.5,0.38685280723454163,1.0
dfde3500,knowledge-update,rrf_cards_hand,0.5,0.5,0.6131471927654584,1.0
dfde3500,knowledge-update,rrf_cards_m11,0.5,0.5,0.38685280723454163,1.0
dfde3500,knowledge-update,rrf_cards_m13,0.5,0.5,0.38685280723454163,1.0
dfde3500,knowledge-update,rrf_cards_m17,0.5,0.5,0.6131471927654584,1.0
dfde3500,knowledge-update,rrf_turn_route,0.5,0.5,0.38685280723454163,1.0
dfde3500,knowledge-update,dense_session_mean,,,,1.0
dfde3500,knowledge-update,bm25_session,,,,1.0
69fee5aa,knowledge-update,turn,0.5,1.0,0.8175295903539445,1.0
69fee5aa,knowledge-update,sentence,1.0,1.0,0.6509209298071326,1.0
69fee5aa,knowledge-update,cards_hand,1.0,1.0,0.5706417189553201,1.0
69fee5aa,knowledge-update,pos_hand,1.0,1.0,0.6509209298071326,1.0
69fee5aa,knowledge-update,cards_m11,1.0,1.0,0.6509209298071326,1.0
69fee5aa,knowledge-update,pos_m11,1.0,1.0,0.6509209298071326,1.0
69fee5aa,knowledge-update,cards_m13,1.0,1.0,0.6934264036172708,1.0
69fee5aa,knowledge-update,pos_m13,1.0,1.0,0.6934264036172708,1.0
69fee5aa,knowledge-update,cards_m17,1.0,1.0,0.5706417189553201,1.0
69fee5aa,knowledge-update,pos_m17,1.0,1.0,0.6509209298071326,1.0
69fee5aa,knowledge-update,bm25_turn,1.0,1.0,1.0,1.0
69fee5aa,knowledge-update,bm25_cards_hand,1.0,1.0,1.0,1.0
69fee5aa,knowledge-update,rrf_turn,1.0,1.0,0.9197207891481876,1.0
69fee5aa,knowledge-update,rrf_sentence,1.0,1.0,0.6934264036172708,1.0
69fee5aa,knowledge-update,rrf_cards_hand,1.0,1.0,0.6934264036172708,1.0
69fee5aa,knowledge-update,rrf_cards_m11,1.0,1.0,0.6934264036172708,1.0
69fee5aa,knowledge-update,rrf_cards_m13,1.0,1.0,0.9197207891481876,1.0
69fee5aa,knowledge-update,rrf_cards_m17,1.0,1.0,0.6934264036172708,1.0
69fee5aa,knowledge-update,rrf_turn_route,1.0,1.0,1.0,1.0
69fee5aa,knowledge-update,dense_session_mean,,,,1.0
69fee5aa,knowledge-update,bm25_session,,,,1.0
7401057b,knowledge-update,turn,0.5,1.0,0.48381288316677695,1.0
7401057b,knowledge-update,sentence,1.0,1.0,0.6240505200038379,1.0
7401057b,knowledge-update,cards_hand,0.5,1.0,0.5802792108518124,1.0
7401057b,knowledge-update,pos_hand,1.0,1.0,0.6240505200038379,1.0
7401057b,knowledge-update,cards_m11,0.5,1.0,0.5912352048230277,1.0
7401057b,knowledge-update,pos_m11,1.0,1.0,0.6240505200038379,1.0
7401057b,knowledge-update,cards_m13,0.5,1.0,0.5802792108518124,1.0
7401057b,knowledge-update,pos_m13,0.5,1.0,0.5802792108518124,1.0
7401057b,knowledge-update,cards_m17,1.0,1.0,0.6240505200038379,1.0
7401057b,knowledge-update,pos_m17,1.0,1.0,0.6240505200038379,1.0
7401057b,knowledge-update,bm25_turn,1.0,1.0,0.6509209298071326,1.0
7401057b,knowledge-update,bm25_cards_hand,1.0,1.0,0.6934264036172708,1.0
7401057b,knowledge-update,rrf_turn,0.5,1.0,0.5249810332008933,1.0
7401057b,knowledge-update,rrf_sentence,1.0,1.0,0.6240505200038379,1.0
7401057b,knowledge-update,rrf_cards_hand,1.0,1.0,0.6240505200038379,1.0
7401057b,knowledge-update,rrf_cards_m11,1.0,1.0,0.6240505200038379,1.0
7401057b,knowledge-update,rrf_cards_m13,1.0,1.0,0.6240505200038379,1.0
7401057b,knowledge-update,rrf_cards_m17,1.0,1.0,0.6240505200038379,1.0
7401057b,knowledge-update,rrf_turn_route,1.0,1.0,0.6934264036172708,1.0
7401057b,knowledge-update,dense_session_mean,,,,1.0
7401057b,knowledge-update,bm25_session,,,,1.0
cf22b7bf,knowledge-update,turn,0.5,1.0,0.8315546295836225,1.0
cf22b7bf,knowledge-update,sentence,1.0,1.0,0.9197207891481876,1.0
cf22b7bf,knowledge-update,cards_hand,1.0,1.0,0.9197207891481876,1.0
cf22b7bf,knowledge-update,pos_hand,1.0,1.0,0.6934264036172708,1.0
cf22b7bf,knowledge-update,cards_m11,1.0,1.0,0.6509209298071326,1.0
cf22b7bf,knowledge-update,pos_m11,1.0,1.0,0.6934264036172708,1.0
cf22b7bf,knowledge-update,cards_m13,0.5,1.0,0.48247555939075504,1.0
cf22b7bf,knowledge-update,pos_m13,1.0,1.0,0.6934264036172708,1.0
cf22b7bf,knowledge-update,cards_m17,1.0,1.0,0.6240505200038379,1.0
cf22b7bf,knowledge-update,pos_m17,1.0,1.0,0.6934264036172708,1.0
cf22b7bf,knowledge-update,bm25_turn,1.0,1.0,0.8772153153380493,1.0
cf22b7bf,knowledge-update,bm25_cards_hand,0.5,0.5,0.6131471927654584,0.5
cf22b7bf,knowledge-update,rrf_turn,1.0,1.0,1.0,1.0
cf22b7bf,knowledge-update,rrf_sentence,1.0,1.0,1.0,1.0
cf22b7bf,knowledge-update,rrf_cards_hand,1.0,1.0,0.9197207891481876,1.0
cf22b7bf,knowledge-update,rrf_cards_m11,1.0,1.0,1.0,1.0
cf22b7bf,knowledge-update,rrf_cards_m13,1.0,1.0,0.9197207891481876,1.0
cf22b7bf,knowledge-update,rrf_cards_m17,1.0,1.0,0.9197207891481876,1.0
cf22b7bf,knowledge-update,rrf_turn_route,1.0,1.0,1.0,1.0
cf22b7bf,knowledge-update,dense_session_mean,,,,1.0
cf22b7bf,knowledge-update,bm25_session,,,,1.0
a2f3aa27,knowledge-update,turn,1.0,1.0,0.6934264036172708,1.0
a2f3aa27,knowledge-update,sentence,1.0,1.0,1.0,1.0
a2f3aa27,knowledge-update,cards_hand,1.0,1.0,1.0,1.0
a2f3aa27,knowledge-update,pos_hand,1.0,1.0,1.0,1.0
a2f3aa27,knowledge-update,cards_m11,1.0,1.0,0.8503449055347546,1.0
a2f3aa27,knowledge-update,pos_m11,1.0,1.0,1.0,1.0
a2f3aa27,knowledge-update,cards_m13,1.0,1.0,0.8772153153380493,1.0
a2f3aa27,knowledge-update,pos_m13,1.0,1.0,1.0,1.0
a2f3aa27,knowledge-update,cards_m17,1.0,1.0,1.0,1.0
a2f3aa27,knowledge-update,pos_m17,1.0,1.0,1.0,1.0
a2f3aa27,knowledge-update,bm25_turn,0.5,0.5,0.6131471927654584,1.0
a2f3aa27,knowledge-update,bm25_cards_hand,0.5,0.5,0.6131471927654584,0.5
a2f3aa27,knowledge-update,rrf_turn,1.0,1.0,0.6934264036172708,1.0
a2f3aa27,knowledge-update,rrf_sentence,1.0,1.0,0.8772153153380493,1.0
a2f3aa27,knowledge-update,rrf_cards_hand,0.5,0.5,0.6131471927654584,1.0
a2f3aa27,knowledge-update,rrf_cards_m11,1.0,1.0,0.6509209298071326,1.0
a2f3aa27,knowledge-update,rrf_cards_m13,1.0,1.0,0.6934264036172708,1.0
a2f3aa27,knowledge-update,rrf_cards_m17,1.0,1.0,0.8503449055347546,1.0
a2f3aa27,knowledge-update,rrf_turn_route,1.0,1.0,1.0,1.0
a2f3aa27,knowledge-update,dense_session_mean,,,,1.0
a2f3aa27,knowledge-update,bm25_session,,,,1.0
c7dc5443,knowledge-update,turn,0.5,0.5,0.38685280723454163,1.0
c7dc5443,knowledge-update,sentence,1.0,1.0,1.0,1.0
c7dc5443,knowledge-update,cards_hand,1.0,1.0,1.0,1.0
c7dc5443,knowledge-update,pos_hand,1.0,1.0,1.0,1.0
c7dc5443,knowledge-update,cards_m11,1.0,1.0,1.0,1.0
c7dc5443,knowledge-update,pos_m11,1.0,1.0,1.0,1.0
c7dc5443,knowledge-update,cards_m13,1.0,1.0,1.0,1.0
c7dc5443,knowledge-update,pos_m13,1.0,1.0,1.0,1.0
c7dc5443,knowledge-update,cards_m17,1.0,1.0,1.0,1.0
c7dc5443,knowledge-update,pos_m17,1.0,1.0,1.0,1.0
c7dc5443,knowledge-update,bm25_turn,0.5,1.0,0.48247555939075504,1.0
c7dc5443,knowledge-update,bm25_cards_hand,0.5,1.0,0.46845052016107697,1.0
c7dc5443,knowledge-update,rrf_turn,0.5,1.0,0.5912352048230277,1.0
c7dc5443,knowledge-update,rrf_sentence,1.0,1.0,0.6934264036172708,1.0
c7dc5443,knowledge-update,rrf_cards_hand,1.0,1.0,0.6934264036172708,1.0
c7dc5443,knowledge-update,rrf_cards_m11,1.0,1.0,0.9197207891481876,1.0
c7dc5443,knowledge-update,rrf_cards_m13,1.0,1.0,0.6934264036172708,1.0
c7dc5443,knowledge-update,rrf_cards_m17,1.0,1.0,0.6934264036172708,1.0
c7dc5443,knowledge-update,rrf_turn_route,1.0,1.0,0.6240505200038379,1.0
c7dc5443,knowledge-update,dense_session_mean,,,,1.0
c7dc5443,knowledge-update,bm25_session,,,,1.0
06db6396,knowledge-update,turn,0.5,1.0,0.8315546295836225,1.0
06db6396,knowledge-update,sentence,1.0,1.0,0.9197207891481876,1.0
06db6396,knowledge-update,cards_hand,1.0,1.0,1.0,1.0
06db6396,knowledge-update,pos_hand,1.0,1.0,1.0,1.0
06db6396,knowledge-update,cards_m11,1.0,1.0,1.0,1.0
06db6396,knowledge-update,pos_m11,1.0,1.0,1.0,1.0
06db6396,knowledge-update,cards_m13,1.0,1.0,1.0,1.0
06db6396,knowledge-update,pos_m13,1.0,1.0,1.0,1.0
06db6396,knowledge-update,cards_m17,1.0,1.0,0.9197207891481876,1.0
06db6396,knowledge-update,pos_m17,1.0,1.0,0.9197207891481876,1.0
06db6396,knowledge-update,bm25_turn,1.0,1.0,0.9197207891481876,1.0
06db6396,knowledge-update,bm25_cards_hand,1.0,1.0,0.6934264036172708,1.0
06db6396,knowledge-update,rrf_turn,1.0,1.0,0.9197207891481876,1.0
06db6396,knowledge-update,rrf_sentence,1.0,1.0,0.9197207891481876,1.0
06db6396,knowledge-update,rrf_cards_hand,1.0,1.0,0.6934264036172708,1.0
06db6396,knowledge-update,rrf_cards_m11,1.0,1.0,1.0,1.0
06db6396,knowledge-update,rrf_cards_m13,1.0,1.0,1.0,1.0
06db6396,knowledge-update,rrf_cards_m17,1.0,1.0,0.9197207891481876,1.0
06db6396,knowledge-update,rrf_turn_route,1.0,1.0,0.9197207891481876,1.0
06db6396,knowledge-update,dense_session_mean,,,,1.0
06db6396,knowledge-update,bm25_session,,,,1.0
3ba21379,knowledge-update,turn,0.0,0.0,0.0,1.0
3ba21379,knowledge-update,sentence,0.5,0.5,0.6131471927654584,1.0
3ba21379,knowledge-update,cards_hand,0.5,0.5,0.6131471927654584,1.0
3ba21379,knowledge-update,pos_hand,0.5,0.5,0.6131471927654584,1.0
3ba21379,knowledge-update,cards_m11,0.5,0.5,0.6131471927654584,1.0
3ba21379,knowledge-update,pos_m11,0.5,0.5,0.6131471927654584,1.0
3ba21379,knowledge-update,cards_m13,0.5,0.5,0.3065735963827292,1.0
3ba21379,knowledge-update,pos_m13,0.5,0.5,0.2640681225725909,1.0
3ba21379,knowledge-update,cards_m17,0.5,0.5,0.6131471927654584,1.0
3ba21379,knowledge-update,pos_m17,0.5,0.5,0.6131471927654584,1.0
3ba21379,knowledge-update,bm25_turn,0.0,0.0,0.0,1.0
3ba21379,knowledge-update,bm25_cards_hand,0.0,0.0,0.0,0.5
3ba21379,knowledge-update,rrf_turn,0.0,0.5,0.17723928678404774,1.0
3ba21379,knowledge-update,rrf_sentence,0.5,0.5,0.3065735963827292,1.0
3ba21379,knowledge-update,rrf_cards_hand,0.0,0.5,0.21840743681816419,1.0
3ba21379,knowledge-update,rrf_cards_m11,0.5,0.5,0.2640681225725909,1.0
3ba21379,knowledge-update,rrf_cards_m13,0.5,0.5,0.23719771276929622,1.0
3ba21379,knowledge-update,rrf_cards_m17,0.5,0.5,0.3065735963827292,1.0
3ba21379,knowledge-update,rrf_turn_route,0.0,1.0,0.41183384043543503,1.0
3ba21379,knowledge-update,dense_session_mean,,,,1.0
3ba21379,knowledge-update,bm25_session,,,,0.5
9bbe84a2,knowledge-update,turn,0.0,0.5,0.19342640361727081,1.0
9bbe84a2,knowledge-update,sentence,0.5,0.5,0.23719771276929622,1.0
9bbe84a2,knowledge-update,cards_hand,0.5,0.5,0.2640681225725909,1.0
9bbe84a2,knowledge-update,pos_hand,0.5,0.5,0.2640681225725909,1.0
9bbe84a2,knowledge-update,cards_m11,0.5,0.5,0.2640681225725909,1.0
9bbe84a2,knowledge-update,pos_m11,0.5,1.0,0.44130740935663865,1.0
9bbe84a2,knowledge-update,cards_m13,0.5,1.0,0.41443699955334395,1.0
9bbe84a2,knowledge-update,pos_m13,0.5,1.0,0.41443699955334395,1.0
9bbe84a2,knowledge-update,cards_m17,0.5,0.5,0.23719771276929622,1.0
9bbe84a2,knowledge-update,pos_m17,0.5,1.0,0.41443699955334395,1.0
9bbe84a2,knowledge-update,bm25_turn,0.5,0.5,0.6131471927654584,1.0
9bbe84a2,knowledge-update,bm25_cards_hand,0.0,0.5,0.17723928678404774,1.0
9bbe84a2,knowledge-update,rrf_turn,0.5,1.0,0.41443699955334395,1.0
9bbe84a2,knowledge-update,rrf_sentence,0.5,0.5,0.38685280723454163,1.0
9bbe84a2,knowledge-update,rrf_cards_hand,0.0,1.0,0.40298313359773236,1.0
9bbe84a2,knowledge-update,rrf_cards_m11,0.5,0.5,0.38685280723454163,1.0
9bbe84a2,knowledge-update,rrf_cards_m13,0.5,1.0,0.5714285040141098,1.0
9bbe84a2,knowledge-update,rrf_cards_m17,0.5,1.0,0.5640920940185894,1.0
9bbe84a2,knowledge-update,rrf_turn_route,0.5,1.0,0.5249810332008933,1.0
9bbe84a2,knowledge-update,dense_session_mean,,,,1.0
9bbe84a2,knowledge-update,bm25_session,,,,1.0
10e09553,knowledge-update,turn,0.5,1.0,0.7977228895450266,1.0
10e09553,knowledge-update,sentence,1.0,1.0,0.9197207891481876,1.0
10e09553,knowledge-update,cards_hand,1.0,1.0,0.9197207891481876,1.0
10e09553,knowledge-update,pos_hand,1.0,1.0,0.9197207891481876,1.0
10e09553,knowledge-update,cards_m11,1.0,1.0,0.9197207891481876,1.0
10e09553,knowledge-update,pos_m11,1.0,1.0,0.9197207891481876,1.0
10e09553,knowledge-update,cards_m13,0.5,1.0,0.5912352048230277,1.0
10e09553,knowledge-update,pos_m13,0.5,1.0,0.5912352048230277,1.0
10e09553,knowledge-update,cards_m17,1.0,1.0,0.6934264036172708,1.0
10e09553,knowledge-update,pos_m17,1.0,1.0,0.9197207891481876,1.0
10e09553,knowledge-update,bm25_turn,0.5,1.0,0.5109559939712153,1.0
10e09553,knowledge-update,bm25_cards_hand,0.5,1.0,0.8065735963827293,1.0
10e09553,knowledge-update,rrf_turn,0.5,1.0,0.48247555939075504,1.0
10e09553,knowledge-update,rrf_sentence,1.0,1.0,0.6509209298071326,1.0
10e09553,knowledge-update,rrf_cards_hand,0.5,1.0,0.8315546295836225,1.0
10e09553,knowledge-update,rrf_cards_m11,1.0,1.0,0.6509209298071326,1.0
10e09553,knowledge-update,rrf_cards_m13,0.5,1.0,0.5249810332008933,1.0
10e09553,knowledge-update,rrf_cards_m17,1.0,1.0,0.6509209298071326,1.0
10e09553,knowledge-update,rrf_turn_route,1.0,1.0,0.5706417189553201,1.0
10e09553,knowledge-update,dense_session_mean,,,,1.0
10e09553,knowledge-update,bm25_session,,,,1.0
dad224aa,knowledge-update,turn,0.0,0.5,0.18457569677956817,1.0
dad224aa,knowledge-update,sentence,0.0,1.0,0.3889580943680543,1.0
dad224aa,knowledge-update,cards_hand,0.0,0.5,0.19342640361727081,1.0
dad224aa,knowledge-update,pos_hand,0.0,1.0,0.3706656904013186,1.0
dad224aa,knowledge-update,cards_m11,0.0,0.0,0.0,1.0
dad224aa,knowledge-update,pos_m11,0.0,0.0,0.0,1.0
dad224aa,knowledge-update,cards_m13,0.0,0.0,0.0,1.0
dad224aa,knowledge-update,pos_m13,0.0,0.5,0.18457569677956817,1.0
dad224aa,knowledge-update,cards_m17,0.0,0.5,0.18457569677956817,1.0
dad224aa,knowledge-update,pos_m17,0.0,0.5,0.18457569677956817,1.0
dad224aa,knowledge-update,bm25_turn,0.0,0.5,0.21840743681816419,1.0
dad224aa,knowledge-update,bm25_cards_hand,0.0,0.5,0.21840743681816419,1.0
dad224aa,knowledge-update,rrf_turn,0.0,0.5,0.19342640361727081,1.0
dad224aa,knowledge-update,rrf_sentence,0.0,0.5,0.19342640361727081,1.0
dad224aa,knowledge-update,rrf_cards_hand,0.0,0.0,0.0,1.0
dad224aa,knowledge-update,rrf_cards_m11,0.0,0.0,0.0,1.0
dad224aa,knowledge-update,rrf_cards_m13,0.0,0.0,0.0,1.0
dad224aa,knowledge-update,rrf_cards_m17,0.0,0.5,0.19342640361727081,1.0
dad224aa,knowledge-update,rrf_turn_route,0.5,1.0,0.430624116386567,1.0
dad224aa,knowledge-update,dense_session_mean,,,,1.0
dad224aa,knowledge-update,bm25_session,,,,1.0
ba61f0b9,knowledge-update,turn,0.5,1.0,0.45749452618986164,1.0
ba61f0b9,knowledge-update,sentence,0.5,1.0,0.5912352048230277,1.0
ba61f0b9,knowledge-update,cards_hand,0.5,1.0,0.45560514958746035,1.0
ba61f0b9,knowledge-update,pos_hand,0.5,1.0,0.45560514958746035,1.0
ba61f0b9,knowledge-update,cards_m11,0.5,1.0,0.46845052016107697,1.0
ba61f0b9,knowledge-update,pos_m11,0.0,1.0,0.4227898344066503,1.0
ba61f0b9,knowledge-update,cards_m13,0.5,1.0,0.8065735963827293,1.0
ba61f0b9,knowledge-update,pos_m13,0.5,1.0,0.8175295903539445,1.0
ba61f0b9,knowledge-update,cards_m17,0.5,1.0,0.430624116386567,1.0
ba61f0b9,knowledge-update,pos_m17,0.0,1.0,0.4227898344066503,1.0
ba61f0b9,knowledge-update,bm25_turn,1.0,1.0,0.6934264036172708,1.0
ba61f0b9,knowledge-update,bm25_cards_hand,1.0,1.0,0.6934264036172708,1.0
ba61f0b9,knowledge-update,rrf_turn,0.5,1.0,0.6052602440527057,1.0
ba61f0b9,knowledge-update,rrf_sentence,0.5,1.0,0.6052602440527057,1.0
ba61f0b9,knowledge-update,rrf_cards_hand,1.0,1.0,0.5706417189553201,1.0
ba61f0b9,knowledge-update,rrf_cards_m11,0.5,1.0,0.8315546295836225,1.0
ba61f0b9,knowledge-update,rrf_cards_m13,0.5,1.0,0.8315546295836225,1.0
ba61f0b9,knowledge-update,rrf_cards_m17,0.5,1.0,0.6052602440527057,1.0
ba61f0b9,knowledge-update,rrf_turn_route,1.0,1.0,0.6509209298071326,1.0
ba61f0b9,knowledge-update,dense_session_mean,,,,1.0
ba61f0b9,knowledge-update,bm25_session,,,,1.0
42ec0761,knowledge-update,turn,0.5,1.0,0.4415801103577823,1.0
42ec0761,knowledge-update,sentence,1.0,1.0,0.5012658353418871,1.0
42ec0761,knowledge-update,cards_hand,0.5,1.0,0.5109559939712153,1.0
42ec0761,knowledge-update,pos_hand,0.5,1.0,0.5109559939712153,1.0
42ec0761,knowledge-update,cards_m11,1.0,1.0,0.5012658353418871,1.0
42ec0761,knowledge-update,pos_m11,1.0,1.0,0.5012658353418871,1.0
42ec0761,knowledge-update,cards_m13,0.0,1.0,0.4227898344066503,1.0
42ec0761,knowledge-update,pos_m13,0.0,1.0,0.4227898344066503,1.0
42ec0761,knowledge-update,cards_m17,0.5,1.0,0.46845052016107697,1.0
42ec0761,knowledge-update,pos_m17,0.5,1.0,0.46845052016107697,1.0
42ec0761,knowledge-update,bm25_turn,1.0,1.0,0.5012658353418871,1.0
42ec0761,knowledge-update,bm25_cards_hand,1.0,1.0,0.6509209298071326,1.0
42ec0761,knowledge-update,rrf_turn,1.0,1.0,0.5012658353418871,1.0
42ec0761,knowledge-update,rrf_sentence,1.0,1.0,0.5012658353418871,1.0
42ec0761,knowledge-update,rrf_cards_hand,0.5,1.0,0.5249810332008933,1.0
42ec0761,knowledge-update,rrf_cards_m11,1.0,1.0,0.5012658353418871,1.0
42ec0761,knowledge-update,rrf_cards_m13,1.0,1.0,0.5012658353418871,1.0
42ec0761,knowledge-update,rrf_cards_m17,1.0,1.0,0.5012658353418871,1.0
42ec0761,knowledge-update,rrf_turn_route,1.0,1.0,0.6934264036172708,1.0
42ec0761,knowledge-update,dense_session_mean,,,,1.0
42ec0761,knowledge-update,bm25_session,,,,1.0
5c40ec5b,knowledge-update,turn,1.0,1.0,0.5012658353418871,1.0
5c40ec5b,knowledge-update,sentence,0.5,1.0,0.6052602440527057,1.0
5c40ec5b,knowledge-update,cards_hand,0.5,1.0,0.6052602440527057,1.0
5c40ec5b,knowledge-update,pos_hand,1.0,1.0,0.6240505200038379,1.0
5c40ec5b,knowledge-update,cards_m11,1.0,1.0,0.6240505200038379,1.0
5c40ec5b,knowledge-update,pos_m11,1.0,1.0,0.6240505200038379,1.0
5c40ec5b,knowledge-update,cards_m13,0.5,1.0,0.41443699955334395,1.0
5c40ec5b,knowledge-update,pos_m13,0.5,1.0,0.41443699955334395,1.0
5c40ec5b,knowledge-update,cards_m17,0.5,1.0,0.8315546295836225,1.0
5c40ec5b,knowledge-update,pos_m17,0.5,1.0,0.8315546295836225,1.0
5c40ec5b,knowledge-update,bm25_turn,1.0,1.0,0.8772153153380493,1.0
5c40ec5b,knowledge-update,bm25_cards_hand,1.0,1.0,0.8503449055347546,1.0
5c40ec5b,knowledge-update,rrf_turn,1.0,1.0,0.6934264036172708,1.0
5c40ec5b,knowledge-update,rrf_sentence,1.0,1.0,0.8503449055347546,1.0
5c40ec5b,knowledge-update,rrf_cards_hand,1.0,1.0,0.8503449055347546,1.0
5c40ec5b,knowledge-update,rrf_cards_m11,1.0,1.0,0.8503449055347546,1.0
5c40ec5b,knowledge-update,rrf_cards_m13,0.5,1.0,0.6052602440527057,1.0
5c40ec5b,knowledge-update,rrf_cards_m17,1.0,1.0,0.8503449055347546,1.0
5c40ec5b,knowledge-update,rrf_turn_route,1.0,1.0,0.6934264036172708,1.0
5c40ec5b,knowledge-update,dense_session_mean,,,,1.0
5c40ec5b,knowledge-update,bm25_session,,,,1.0
c6853660,knowledge-update,turn,1.0,1.0,1.0,1.0
c6853660,knowledge-update,sentence,0.5,1.0,0.8315546295836225,1.0
c6853660,knowledge-update,cards_hand,0.5,1.0,0.8315546295836225,1.0
c6853660,knowledge-update,pos_hand,0.5,1.0,0.8315546295836225,1.0
c6853660,knowledge-update,cards_m11,1.0,1.0,0.8503449055347546,1.0
c6853660,knowledge-update,pos_m11,0.5,1.0,0.8315546295836225,1.0
c6853660,knowledge-update,cards_m13,1.0,1.0,0.5706417189553201,1.0
c6853660,knowledge-update,pos_m13,1.0,1.0,0.5706417189553201,1.0
c6853660,knowledge-update,cards_m17,1.0,1.0,0.8503449055347546,1.0
c6853660,knowledge-update,pos_m17,0.5,1.0,0.8315546295836225,1.0
c6853660,knowledge-update,bm25_turn,0.5,1.0,0.8175295903539445,1.0
c6853660,knowledge-update,bm25_cards_hand,0.5,0.5,0.38685280723454163,1.0
c6853660,knowledge-update,rrf_turn,1.0,1.0,1.0,1.0
c6853660,knowledge-update,rrf_sentence,0.5,1.0,0.8315546295836225,1.0
c6853660,knowledge-update,rrf_cards_hand,0.5,1.0,0.8065735963827293,1.0
c6853660,knowledge-update,rrf_cards_m11,0.5,1.0,0.8315546295836225,1.0
c6853660,knowledge-update,rrf_cards_m13,1.0,1.0,0.6240505200038379,1.0
c6853660,knowledge-update,rrf_cards_m17,1.0,1.0,0.8503449055347546,1.0
c6853660,knowledge-update,rrf_turn_route,1.0,1.0,1.0,1.0
c6853660,knowledge-update,dense_session_mean,,,,1.0
c6853660,knowledge-update,bm25_session,,,,1.0
26bdc477,knowledge-update,turn,1.0,1.0,0.9197207891481876,1.0
26bdc477,knowledge-update,sentence,1.0,1.0,0.9197207891481876,1.0
26bdc477,knowledge-update,cards_hand,1.0,1.0,0.9197207891481876,1.0
26bdc477,knowledge-update,pos_hand,1.0,1.0,0.9197207891481876,1.0
26bdc477,knowledge-update,cards_m11,1.0,1.0,0.9197207891481876,1.0
26bdc477,knowledge-update,pos_m11,1.0,1.0,0.9197207891481876,1.0
26bdc477,knowledge-update,cards_m13,1.0,1.0,0.6934264036172708,1.0
26bdc477,knowledge-update,pos_m13,1.0,1.0,0.6934264036172708,1.0
26bdc477,knowledge-update,cards_m17,1.0,1.0,0.8772153153380493,1.0
26bdc477,knowledge-update,pos_m17,1.0,1.0,1.0,1.0
26bdc477,knowledge-update,bm25_turn,1.0,1.0,0.9197207891481876,1.0
26bdc477,knowledge-update,bm25_cards_hand,1.0,1.0,1.0,1.0
26bdc477,knowledge-update,rrf_turn,1.0,1.0,0.9197207891481876,1.0
26bdc477,knowledge-update,rrf_sentence,1.0,1.0,1.0,1.0
26bdc477,knowledge-update,rrf_cards_hand,1.0,1.0,1.0,1.0
26bdc477,knowledge-update,rrf_cards_m11,1.0,1.0,1.0,1.0
26bdc477,knowledge-update,rrf_cards_m13,1.0,1.0,0.9197207891481876,1.0
26bdc477,knowledge-update,rrf_cards_m17,1.0,1.0,1.0,1.0
26bdc477,knowledge-update,rrf_turn_route,1.0,1.0,1.0,1.0
26bdc477,knowledge-update,dense_session_mean,,,,1.0
26bdc477,knowledge-update,bm25_session,,,,1.0
0977f2af,knowledge-update,turn,0.5,1.0,0.8065735963827293,0.5
0977f2af,knowledge-update,sentence,0.5,1.0,0.7977228895450266,1.0
0977f2af,knowledge-update,cards_hand,0.5,1.0,0.8315546295836225,1.0
0977f2af,knowledge-update,pos_hand,0.5,1.0,0.8315546295836225,1.0
0977f2af,knowledge-update,cards_m11,0.5,1.0,0.8315546295836225,1.0
0977f2af,knowledge-update,pos_m11,0.5,1.0,0.8315546295836225,1.0
0977f2af,knowledge-update,cards_m13,0.0,1.0,0.40298313359773236,0.5
0977f2af,knowledge-update,pos_m13,0.0,1.0,0.40298313359773236,0.5
0977f2af,knowledge-update,cards_m17,0.5,1.0,0.8315546295836225,1.0
0977f2af,knowledge-update,pos_m17,0.5,1.0,0.8315546295836225,1.0
0977f2af,knowledge-update,bm25_turn,0.5,0.5,0.3065735963827292,0.5
0977f2af,knowledge-update,bm25_cards_hand,0.5,0.5,0.3065735963827292,0.5
0977f2af,knowledge-update,rrf_turn,0.5,0.5,0.6131471927654584,0.5
0977f2af,knowledge-update,rrf_sentence,0.5,0.5,0.6131471927654584,0.5
0977f2af,knowledge-update,rrf_cards_hand,0.5,0.5,0.6131471927654584,0.5
0977f2af,knowledge-update,rrf_cards_m11,0.5,0.5,0.6131471927654584,0.5
0977f2af,knowledge-update,rrf_cards_m13,0.5,0.5,0.38685280723454163,0.5
0977f2af,knowledge-update,rrf_cards_m17,0.5,0.5,0.6131471927654584,0.5
0977f2af,knowledge-update,rrf_turn_route,0.5,1.0,0.8175295903539445,0.5
0977f2af,knowledge-update,dense_session_mean,,,,1.0
0977f2af,knowledge-update,bm25_session,,,,0.5
89941a94,knowledge-update,turn,0.5,1.0,0.7977228895450266,1.0
89941a94,knowledge-update,sentence,1.0,1.0,0.8772153153380493,1.0
89941a94,knowledge-update,cards_hand,1.0,1.0,0.6509209298071326,1.0
89941a94,knowledge-update,pos_hand,1.0,1.0,0.9197207891481876,1.0
89941a94,knowledge-update,cards_m11,1.0,1.0,0.5706417189553201,1.0
89941a94,knowledge-update,pos_m11,1.0,1.0,0.5706417189553201,1.0
89941a94,knowledge-update,cards_m13,1.0,1.0,0.6509209298071326,1.0
89941a94,knowledge-update,pos_m13,1.0,1.0,0.6509209298071326,1.0
89941a94,knowledge-update,cards_m17,1.0,1.0,0.6509209298071326,1.0
89941a94,knowledge-update,pos_m17,1.0,1.0,0.6509209298071326,1.0
89941a94,knowledge-update,bm25_turn,1.0,1.0,1.0,1.0
89941a94,knowledge-update,bm25_cards_hand,1.0,1.0,1.0,1.0
89941a94,knowledge-update,rrf_turn,1.0,1.0,0.8772153153380493,1.0
89941a94,knowledge-update,rrf_sentence,1.0,1.0,0.9197207891481876,1.0
89941a94,knowledge-update,rrf_cards_hand,1.0,1.0,0.6934264036172708,1.0
89941a94,knowledge-update,rrf_cards_m11,1.0,1.0,1.0,1.0
89941a94,knowledge-update,rrf_cards_m13,1.0,1.0,1.0,1.0
89941a94,knowledge-update,rrf_cards_m17,1.0,1.0,1.0,1.0
89941a94,knowledge-update,rrf_turn_route,1.0,1.0,0.9197207891481876,1.0
89941a94,knowledge-update,dense_session_mean,,,,1.0
89941a94,knowledge-update,bm25_session,,,,1.0
07741c45,knowledge-update,turn,0.0,1.0,0.3889580943680543,1.0
07741c45,knowledge-update,sentence,0.5,1.0,0.5,1.0
07741c45,knowledge-update,cards_hand,0.5,1.0,0.5,1.0
07741c45,knowledge-update,pos_hand,0.5,1.0,0.5,1.0
07741c45,knowledge-update,cards_m11,0.5,1.0,0.5109559939712153,1.0
07741c45,knowledge-update,pos_m11,0.5,1.0,0.5,1.0
07741c45,knowledge-update,cards_m13,0.0,0.5,0.21840743681816419,1.0
07741c45,knowledge-update,pos_m13,0.0,0.5,0.20438239758848611,1.0
07741c45,knowledge-update,cards_m17,0.5,1.0,0.5,1.0
07741c45,knowledge-update,pos_m17,0.5,1.0,0.5,1.0
07741c45,knowledge-update,bm25_turn,1.0,1.0,0.6240505200038379,1.0
07741c45,knowledge-update,bm25_cards_hand,1.0,1.0,0.6509209298071326,1.0
07741c45,knowledge-update,rrf_turn,1.0,1.0,0.5706417189553201,1.0
07741c45,knowledge-update,rrf_sentence,1.0,1.0,0.6240505200038379,1.0
07741c45,knowledge-update,rrf_cards_hand,1.0,1.0,0.6240505200038379,1.0
07741c45,knowledge-update,rrf_cards_m11,1.0,1.0,0.6509209298071326,1.0
07741c45,knowledge-update,rrf_cards_m13,0.5,1.0,0.6052602440527057,1.0
07741c45,knowledge-update,rrf_cards_m17,1.0,1.0,0.6240505200038379,1.0
07741c45,knowledge-update,rrf_turn_route,1.0,1.0,0.5706417189553201,1.0
07741c45,knowledge-update,dense_session_mean,,,,1.0
07741c45,knowledge-update,bm25_session,,,,1.0
7161e7e2,single-session-assistant,turn,1.0,1.0,0.6309297535714575,1.0
7161e7e2,single-session-assistant,sentence,1.0,1.0,1.0,1.0
7161e7e2,single-session-assistant,cards_hand,1.0,1.0,1.0,1.0
7161e7e2,single-session-assistant,pos_hand,1.0,1.0,1.0,1.0
7161e7e2,single-session-assistant,cards_m11,1.0,1.0,1.0,1.0
7161e7e2,single-session-assistant,pos_m11,1.0,1.0,1.0,1.0
7161e7e2,single-session-assistant,cards_m13,1.0,1.0,1.0,1.0
7161e7e2,single-session-assistant,pos_m13,1.0,1.0,1.0,1.0
7161e7e2,single-session-assistant,cards_m17,1.0,1.0,1.0,1.0
7161e7e2,single-session-assistant,pos_m17,1.0,1.0,1.0,1.0
7161e7e2,single-session-assistant,bm25_turn,1.0,1.0,1.0,1.0
7161e7e2,single-session-assistant,bm25_cards_hand,1.0,1.0,0.38685280723454163,1.0
7161e7e2,single-session-assistant,rrf_turn,1.0,1.0,1.0,1.0
7161e7e2,single-session-assistant,rrf_sentence,1.0,1.0,1.0,1.0
7161e7e2,single-session-assistant,rrf_cards_hand,1.0,1.0,0.6309297535714575,1.0
7161e7e2,single-session-assistant,rrf_cards_m11,1.0,1.0,1.0,1.0
7161e7e2,single-session-assistant,rrf_cards_m13,1.0,1.0,1.0,1.0
7161e7e2,single-session-assistant,rrf_cards_m17,1.0,1.0,1.0,1.0
7161e7e2,single-session-assistant,rrf_turn_route,1.0,1.0,1.0,1.0
7161e7e2,single-session-assistant,dense_session_mean,,,,1.0
7161e7e2,single-session-assistant,bm25_session,,,,1.0
c4f10528,single-session-assistant,turn,0.0,0.0,0.0,1.0
c4f10528,single-session-assistant,sentence,0.0,0.0,0.0,1.0
c4f10528,single-session-assistant,cards_hand,0.0,0.0,0.0,1.0
c4f10528,single-session-assistant,pos_hand,0.0,0.0,0.0,1.0
c4f10528,single-session-assistant,cards_m11,0.0,0.0,0.0,1.0
c4f10528,single-session-assistant,pos_m11,0.0,0.0,0.0,1.0
c4f10528,single-session-assistant,cards_m13,0.0,0.0,0.0,1.0
c4f10528,single-session-assistant,pos_m13,0.0,0.0,0.0,1.0
c4f10528,single-session-assistant,cards_m17,0.0,0.0,0.0,1.0
c4f10528,single-session-assistant,pos_m17,0.0,0.0,0.0,1.0
c4f10528,single-session-assistant,bm25_turn,0.0,0.0,0.0,1.0
c4f10528,single-session-assistant,bm25_cards_hand,0.0,0.0,0.0,1.0
c4f10528,single-session-assistant,rrf_turn,0.0,1.0,0.2890648263178879,1.0
c4f10528,single-session-assistant,rrf_sentence,0.0,1.0,0.2890648263178879,1.0
c4f10528,single-session-assistant,rrf_cards_hand,0.0,0.0,0.0,1.0
c4f10528,single-session-assistant,rrf_cards_m11,0.0,1.0,0.2890648263178879,1.0
c4f10528,single-session-assistant,rrf_cards_m13,0.0,1.0,0.2890648263178879,1.0
c4f10528,single-session-assistant,rrf_cards_m17,0.0,1.0,0.2890648263178879,1.0
c4f10528,single-session-assistant,rrf_turn_route,0.0,1.0,0.2890648263178879,1.0
c4f10528,single-session-assistant,dense_session_mean,,,,1.0
c4f10528,single-session-assistant,bm25_session,,,,1.0
89527b6b,single-session-assistant,turn,1.0,1.0,0.6309297535714575,1.0
89527b6b,single-session-assistant,sentence,1.0,1.0,1.0,1.0
89527b6b,single-session-assistant,cards_hand,1.0,1.0,1.0,1.0
89527b6b,single-session-assistant,pos_hand,1.0,1.0,1.0,1.0
89527b6b,single-session-assistant,cards_m11,1.0,1.0,1.0,1.0
89527b6b,single-session-assistant,pos_m11,1.0,1.0,1.0,1.0
89527b6b,single-session-assistant,cards_m13,1.0,1.0,1.0,1.0
89527b6b,single-session-assistant,pos_m13,1.0,1.0,1.0,1.0
89527b6b,single-session-assistant,cards_m17,1.0,1.0,1.0,1.0
89527b6b,single-session-assistant,pos_m17,1.0,1.0,1.0,1.0
89527b6b,single-session-assistant,bm25_turn,1.0,1.0,1.0,1.0
89527b6b,single-session-assistant,bm25_cards_hand,1.0,1.0,0.6309297535714575,1.0
89527b6b,single-session-assistant,rrf_turn,1.0,1.0,0.6309297535714575,1.0
89527b6b,single-session-assistant,rrf_sentence,1.0,1.0,1.0,1.0
89527b6b,single-session-assistant,rrf_cards_hand,1.0,1.0,0.6309297535714575,1.0
89527b6b,single-session-assistant,rrf_cards_m11,1.0,1.0,1.0,1.0
89527b6b,single-session-assistant,rrf_cards_m13,1.0,1.0,1.0,1.0
89527b6b,single-session-assistant,rrf_cards_m17,1.0,1.0,1.0,1.0
89527b6b,single-session-assistant,rrf_turn_route,1.0,1.0,0.6309297535714575,1.0
89527b6b,single-session-assistant,dense_session_mean,,,,1.0
89527b6b,single-session-assistant,bm25_session,,,,1.0
e9327a54,single-session-assistant,turn,1.0,1.0,0.6309297535714575,1.0
e9327a54,single-session-assistant,sentence,1.0,1.0,0.5,1.0
e9327a54,single-session-assistant,cards_hand,1.0,1.0,0.5,1.0
e9327a54,single-session-assistant,pos_hand,1.0,1.0,0.5,1.0
e9327a54,single-session-assistant,cards_m11,1.0,1.0,0.43067655807339306,1.0
e9327a54,single-session-assistant,pos_m11,1.0,1.0,0.5,1.0
e9327a54,single-session-assistant,cards_m13,1.0,1.0,0.5,1.0
e9327a54,single-session-assistant,pos_m13,1.0,1.0,0.5,1.0
e9327a54,single-session-assistant,cards_m17,1.0,1.0,0.5,1.0
e9327a54,single-session-assistant,pos_m17,1.0,1.0,0.5,1.0
e9327a54,single-session-assistant,bm25_turn,1.0,1.0,1.0,1.0
e9327a54,single-session-assistant,bm25_cards_hand,1.0,1.0,1.0,1.0
e9327a54,single-session-assistant,rrf_turn,1.0,1.0,1.0,1.0
e9327a54,single-session-assistant,rrf_sentence,1.0,1.0,1.0,1.0
e9327a54,single-session-assistant,rrf_cards_hand,1.0,1.0,1.0,1.0
e9327a54,single-session-assistant,rrf_cards_m11,1.0,1.0,0.6309297535714575,1.0
e9327a54,single-session-assistant,rrf_cards_m13,1.0,1.0,1.0,1.0
e9327a54,single-session-assistant,rrf_cards_m17,1.0,1.0,1.0,1.0
e9327a54,single-session-assistant,rrf_turn_route,1.0,1.0,1.0,1.0
e9327a54,single-session-assistant,dense_session_mean,,,,1.0
e9327a54,single-session-assistant,bm25_session,,,,1.0
4c36ccef,single-session-assistant,turn,1.0,1.0,0.38685280723454163,1.0
4c36ccef,single-session-assistant,sentence,0.0,1.0,0.3562071871080222,1.0
4c36ccef,single-session-assistant,cards_hand,0.0,1.0,0.3562071871080222,1.0
4c36ccef,single-session-assistant,pos_hand,0.0,1.0,0.3562071871080222,1.0
4c36ccef,single-session-assistant,cards_m11,0.0,1.0,0.3562071871080222,1.0
4c36ccef,single-session-assistant,pos_m11,0.0,1.0,0.3333333333333333,1.0
4c36ccef,single-session-assistant,cards_m13,0.0,1.0,0.3562071871080222,1.0
4c36ccef,single-session-assistant,pos_m13,0.0,1.0,0.3333333333333333,1.0
4c36ccef,single-session-assistant,cards_m17,0.0,1.0,0.3562071871080222,1.0
4c36ccef,single-session-assistant,pos_m17,0.0,1.0,0.3333333333333333,1.0
4c36ccef,single-session-assistant,bm25_turn,1.0,1.0,0.43067655807339306,1.0
4c36ccef,single-session-assistant,bm25_cards_hand,0.0,1.0,0.3562071871080222,1.0
4c36ccef,single-session-assistant,rrf_turn,1.0,1.0,0.43067655807339306,1.0
4c36ccef,single-session-assistant,rrf_sentence,1.0,1.0,0.38685280723454163,1.0
4c36ccef,single-session-assistant,rrf_cards_hand,0.0,1.0,0.3562071871080222,1.0
4c36ccef,single-session-assistant,rrf_cards_m11,1.0,1.0,0.38685280723454163,1.0
4c36ccef,single-session-assistant,rrf_cards_m13,1.0,1.0,0.38685280723454163,1.0
4c36ccef,single-session-assistant,rrf_cards_m17,1.0,1.0,0.38685280723454163,1.0
4c36ccef,single-session-assistant,rrf_turn_route,1.0,1.0,0.43067655807339306,1.0
4c36ccef,single-session-assistant,dense_session_mean,,,,1.0
4c36ccef,single-session-assistant,bm25_session,,,,1.0
6ae235be,single-session-assistant,turn,1.0,1.0,1.0,1.0
6ae235be,single-session-assistant,sentence,1.0,1.0,0.6309297535714575,1.0
6ae235be,single-session-assistant,cards_hand,1.0,1.0,0.6309297535714575,1.0
6ae235be,single-session-assistant,pos_hand,1.0,1.0,0.6309297535714575,1.0
6ae235be,single-session-assistant,cards_m11,1.0,1.0,0.6309297535714575,1.0
6ae235be,single-session-assistant,pos_m11,1.0,1.0,0.6309297535714575,1.0
6ae235be,single-session-assistant,cards_m13,1.0,1.0,0.6309297535714575,1.0
6ae235be,single-session-assistant,pos_m13,1.0,1.0,0.6309297535714575,1.0
6ae235be,single-session-assistant,cards_m17,1.0,1.0,0.6309297535714575,1.0
6ae235be,single-session-assistant,pos_m17,1.0,1.0,0.6309297535714575,1.0
6ae235be,single-session-assistant,bm25_turn,1.0,1.0,1.0,1.0
6ae235be,single-session-assistant,bm25_cards_hand,1.0,1.0,1.0,1.0
6ae235be,single-session-assistant,rrf_turn,1.0,1.0,1.0,1.0
6ae235be,single-session-assistant,rrf_sentence,1.0,1.0,0.6309297535714575,1.0
6ae235be,single-session-assistant,rrf_cards_hand,1.0,1.0,0.6309297535714575,1.0
6ae235be,single-session-assistant,rrf_cards_m11,1.0,1.0,0.6309297535714575,1.0
6ae235be,single-session-assistant,rrf_cards_m13,1.0,1.0,0.6309297535714575,1.0
6ae235be,single-session-assistant,rrf_cards_m17,1.0,1.0,0.6309297535714575,1.0
6ae235be,single-session-assistant,rrf_turn_route,1.0,1.0,1.0,1.0
6ae235be,single-session-assistant,dense_session_mean,,,,1.0
6ae235be,single-session-assistant,bm25_session,,,,1.0
7e00a6cb,single-session-assistant,turn,1.0,1.0,0.6309297535714575,1.0
7e00a6cb,single-session-assistant,sentence,1.0,1.0,1.0,1.0
7e00a6cb,single-session-assistant,cards_hand,1.0,1.0,1.0,1.0
7e00a6cb,single-session-assistant,pos_hand,1.0,1.0,1.0,1.0
7e00a6cb,single-session-assistant,cards_m11,1.0,1.0,1.0,1.0
7e00a6cb,single-session-assistant,pos_m11,1.0,1.0,1.0,1.0
7e00a6cb,single-session-assistant,cards_m13,1.0,1.0,1.0,1.0
7e00a6cb,single-session-assistant,pos_m13,1.0,1.0,1.0,1.0
7e00a6cb,single-session-assistant,cards_m17,1.0,1.0,1.0,1.0
7e00a6cb,single-session-assistant,pos_m17,1.0,1.0,1.0,1.0
7e00a6cb,single-session-assistant,bm25_turn,1.0,1.0,1.0,1.0
7e00a6cb,single-session-assistant,bm25_cards_hand,1.0,1.0,1.0,1.0
7e00a6cb,single-session-assistant,rrf_turn,1.0,1.0,1.0,1.0
7e00a6cb,single-session-assistant,rrf_sentence,1.0,1.0,1.0,1.0
7e00a6cb,single-session-assistant,rrf_cards_hand,1.0,1.0,1.0,1.0
7e00a6cb,single-session-assistant,rrf_cards_m11,1.0,1.0,1.0,1.0
7e00a6cb,single-session-assistant,rrf_cards_m13,1.0,1.0,1.0,1.0
7e00a6cb,single-session-assistant,rrf_cards_m17,1.0,1.0,1.0,1.0
7e00a6cb,single-session-assistant,rrf_turn_route,1.0,1.0,1.0,1.0
7e00a6cb,single-session-assistant,dense_session_mean,,,,1.0
7e00a6cb,single-session-assistant,bm25_session,,,,1.0
1903aded,single-session-assistant,turn,1.0,1.0,0.6309297535714575,1.0
1903aded,single-session-assistant,sentence,1.0,1.0,0.6309297535714575,1.0
1903aded,single-session-assistant,cards_hand,1.0,1.0,0.6309297535714575,1.0
1903aded,single-session-assistant,pos_hand,1.0,1.0,0.6309297535714575,1.0
1903aded,single-session-assistant,cards_m11,1.0,1.0,0.6309297535714575,1.0
1903aded,single-session-assistant,pos_m11,1.0,1.0,0.6309297535714575,1.0
1903aded,single-session-assistant,cards_m13,1.0,1.0,0.6309297535714575,1.0
1903aded,single-session-assistant,pos_m13,1.0,1.0,0.6309297535714575,1.0
1903aded,single-session-assistant,cards_m17,1.0,1.0,0.6309297535714575,1.0
1903aded,single-session-assistant,pos_m17,1.0,1.0,0.6309297535714575,1.0
1903aded,single-session-assistant,bm25_turn,0.0,0.0,0.0,1.0
1903aded,single-session-assistant,bm25_cards_hand,0.0,0.0,0.0,1.0
1903aded,single-session-assistant,rrf_turn,0.0,0.0,0.0,1.0
1903aded,single-session-assistant,rrf_sentence,0.0,0.0,0.0,1.0
1903aded,single-session-assistant,rrf_cards_hand,0.0,0.0,0.0,1.0
1903aded,single-session-assistant,rrf_cards_m11,0.0,0.0,0.0,1.0
1903aded,single-session-assistant,rrf_cards_m13,0.0,0.0,0.0,1.0
1903aded,single-session-assistant,rrf_cards_m17,0.0,0.0,0.0,1.0
1903aded,single-session-assistant,rrf_turn_route,0.0,0.0,0.0,1.0
1903aded,single-session-assistant,dense_session_mean,,,,1.0
1903aded,single-session-assistant,bm25_session,,,,1.0
ceb54acb,single-session-assistant,turn,1.0,1.0,0.6309297535714575,1.0
ceb54acb,single-session-assistant,sentence,1.0,1.0,0.6309297535714575,1.0
ceb54acb,single-session-assistant,cards_hand,1.0,1.0,0.6309297535714575,1.0
ceb54acb,single-session-assistant,pos_hand,1.0,1.0,0.6309297535714575,1.0
ceb54acb,single-session-assistant,cards_m11,1.0,1.0,0.6309297535714575,1.0
ceb54acb,single-session-assistant,pos_m11,1.0,1.0,0.6309297535714575,1.0
ceb54acb,single-session-assistant,cards_m13,1.0,1.0,0.6309297535714575,1.0
ceb54acb,single-session-assistant,pos_m13,1.0,1.0,0.6309297535714575,1.0
ceb54acb,single-session-assistant,cards_m17,1.0,1.0,0.6309297535714575,1.0
ceb54acb,single-session-assistant,pos_m17,1.0,1.0,0.6309297535714575,1.0
ceb54acb,single-session-assistant,bm25_turn,1.0,1.0,1.0,1.0
ceb54acb,single-session-assistant,bm25_cards_hand,1.0,1.0,1.0,1.0
ceb54acb,single-session-assistant,rrf_turn,1.0,1.0,0.6309297535714575,1.0
ceb54acb,single-session-assistant,rrf_sentence,1.0,1.0,0.6309297535714575,1.0
ceb54acb,single-session-assistant,rrf_cards_hand,1.0,1.0,1.0,1.0
ceb54acb,single-session-assistant,rrf_cards_m11,1.0,1.0,0.6309297535714575,1.0
ceb54acb,single-session-assistant,rrf_cards_m13,1.0,1.0,0.6309297535714575,1.0
ceb54acb,single-session-assistant,rrf_cards_m17,1.0,1.0,0.6309297535714575,1.0
ceb54acb,single-session-assistant,rrf_turn_route,1.0,1.0,0.6309297535714575,1.0
ceb54acb,single-session-assistant,dense_session_mean,,,,1.0
ceb54acb,single-session-assistant,bm25_session,,,,1.0
f523d9fe,single-session-assistant,turn,1.0,1.0,1.0,1.0
f523d9fe,single-session-assistant,sentence,1.0,1.0,1.0,1.0
f523d9fe,single-session-assistant,cards_hand,1.0,1.0,0.5,1.0
f523d9fe,single-session-assistant,pos_hand,1.0,1.0,0.6309297535714575,1.0
f523d9fe,single-session-assistant,cards_m11,1.0,1.0,1.0,1.0
f523d9fe,single-session-assistant,pos_m11,1.0,1.0,1.0,1.0
f523d9fe,single-session-assistant,cards_m13,1.0,1.0,0.6309297535714575,1.0
f523d9fe,single-session-assistant,pos_m13,1.0,1.0,1.0,1.0
f523d9fe,single-session-assistant,cards_m17,1.0,1.0,1.0,1.0
f523d9fe,single-session-assistant,pos_m17,1.0,1.0,1.0,1.0
f523d9fe,single-session-assistant,bm25_turn,1.0,1.0,1.0,1.0
f523d9fe,single-session-assistant,bm25_cards_hand,1.0,1.0,0.6309297535714575,1.0
f523d9fe,single-session-assistant,rrf_turn,1.0,1.0,1.0,1.0
f523d9fe,single-session-assistant,rrf_sentence,1.0,1.0,1.0,1.0
f523d9fe,single-session-assistant,rrf_cards_hand,1.0,1.0,0.6309297535714575,1.0
f523d9fe,single-session-assistant,rrf_cards_m11,1.0,1.0,1.0,1.0
f523d9fe,single-session-assistant,rrf_cards_m13,1.0,1.0,1.0,1.0
f523d9fe,single-session-assistant,rrf_cards_m17,1.0,1.0,1.0,1.0
f523d9fe,single-session-assistant,rrf_turn_route,1.0,1.0,1.0,1.0
f523d9fe,single-session-assistant,dense_session_mean,,,,1.0
f523d9fe,single-session-assistant,bm25_session,,,,1.0
0e5e2d1a,single-session-assistant,turn,1.0,1.0,0.5,1.0
0e5e2d1a,single-session-assistant,sentence,1.0,1.0,0.5,1.0
0e5e2d1a,single-session-assistant,cards_hand,1.0,1.0,0.5,1.0
0e5e2d1a,single-session-assistant,pos_hand,1.0,1.0,0.5,1.0
0e5e2d1a,single-session-assistant,cards_m11,1.0,1.0,0.5,1.0
0e5e2d1a,single-session-assistant,pos_m11,1.0,1.0,0.5,1.0
0e5e2d1a,single-session-assistant,cards_m13,1.0,1.0,0.5,1.0
0e5e2d1a,single-session-assistant,pos_m13,1.0,1.0,0.5,1.0
0e5e2d1a,single-session-assistant,cards_m17,1.0,1.0,0.5,1.0
0e5e2d1a,single-session-assistant,pos_m17,1.0,1.0,0.5,1.0
0e5e2d1a,single-session-assistant,bm25_turn,1.0,1.0,1.0,1.0
0e5e2d1a,single-session-assistant,bm25_cards_hand,1.0,1.0,1.0,1.0
0e5e2d1a,single-session-assistant,rrf_turn,1.0,1.0,1.0,1.0
0e5e2d1a,single-session-assistant,rrf_sentence,1.0,1.0,1.0,1.0
0e5e2d1a,single-session-assistant,rrf_cards_hand,1.0,1.0,1.0,1.0
0e5e2d1a,single-session-assistant,rrf_cards_m11,1.0,1.0,1.0,1.0
0e5e2d1a,single-session-assistant,rrf_cards_m13,1.0,1.0,1.0,1.0
0e5e2d1a,single-session-assistant,rrf_cards_m17,1.0,1.0,1.0,1.0
0e5e2d1a,single-session-assistant,rrf_turn_route,1.0,1.0,1.0,1.0
0e5e2d1a,single-session-assistant,dense_session_mean,,,,1.0
0e5e2d1a,single-session-assistant,bm25_session,,,,1.0
fea54f57,single-session-assistant,turn,1.0,1.0,0.38685280723454163,1.0
fea54f57,single-session-assistant,sentence,1.0,1.0,0.6309297535714575,1.0
fea54f57,single-session-assistant,cards_hand,1.0,1.0,0.6309297535714575,1.0
fea54f57,single-session-assistant,pos_hand,1.0,1.0,0.6309297535714575,1.0
fea54f57,single-session-assistant,cards_m11,1.0,1.0,0.6309297535714575,1.0
fea54f57,single-session-assistant,pos_m11,1.0,1.0,0.6309297535714575,1.0
fea54f57,single-session-assistant,cards_m13,1.0,1.0,0.6309297535714575,1.0
fea54f57,single-session-assistant,pos_m13,1.0,1.0,0.6309297535714575,1.0
fea54f57,single-session-assistant,cards_m17,1.0,1.0,0.6309297535714575,1.0
fea54f57,single-session-assistant,pos_m17,1.0,1.0,0.6309297535714575,1.0
fea54f57,single-session-assistant,bm25_turn,1.0,1.0,0.6309297535714575,1.0
fea54f57,single-session-assistant,bm25_cards_hand,1.0,1.0,0.6309297535714575,1.0
fea54f57,single-session-assistant,rrf_turn,1.0,1.0,0.5,1.0
fea54f57,single-session-assistant,rrf_sentence,1.0,1.0,0.6309297535714575,1.0
fea54f57,single-session-assistant,rrf_cards_hand,1.0,1.0,0.6309297535714575,1.0
fea54f57,single-session-assistant,rrf_cards_m11,1.0,1.0,0.6309297535714575,1.0
fea54f57,single-session-assistant,rrf_cards_m13,1.0,1.0,0.6309297535714575,1.0
fea54f57,single-session-assistant,rrf_cards_m17,1.0,1.0,0.6309297535714575,1.0
fea54f57,single-session-assistant,rrf_turn_route,1.0,1.0,0.5,1.0
fea54f57,single-session-assistant,dense_session_mean,,,,1.0
fea54f57,single-session-assistant,bm25_session,,,,1.0
cc539528,single-session-assistant,turn,0.0,1.0,0.2890648263178879,1.0
cc539528,single-session-assistant,sentence,0.0,1.0,0.3333333333333333,1.0
cc539528,single-session-assistant,cards_hand,0.0,1.0,0.3333333333333333,1.0
cc539528,single-session-assistant,pos_hand,0.0,1.0,0.3333333333333333,1.0
cc539528,single-session-assistant,cards_m11,0.0,1.0,0.3562071871080222,1.0
cc539528,single-session-assistant,pos_m11,0.0,1.0,0.3562071871080222,1.0
cc539528,single-session-assistant,cards_m13,0.0,1.0,0.3333333333333333,1.0
cc539528,single-session-assistant,pos_m13,0.0,1.0,0.3333333333333333,1.0
cc539528,single-session-assistant,cards_m17,0.0,1.0,0.3333333333333333,1.0
cc539528,single-session-assistant,pos_m17,0.0,1.0,0.3333333333333333,1.0
cc539528,single-session-assistant,bm25_turn,1.0,1.0,0.6309297535714575,1.0
cc539528,single-session-assistant,bm25_cards_hand,1.0,1.0,0.6309297535714575,1.0
cc539528,single-session-assistant,rrf_turn,0.0,1.0,0.3333333333333333,1.0
cc539528,single-session-assistant,rrf_sentence,1.0,1.0,0.38685280723454163,1.0
cc539528,single-session-assistant,rrf_cards_hand,1.0,1.0,0.38685280723454163,1.0
cc539528,single-session-assistant,rrf_cards_m11,1.0,1.0,0.43067655807339306,1.0
cc539528,single-session-assistant,rrf_cards_m13,1.0,1.0,0.38685280723454163,1.0
cc539528,single-session-assistant,rrf_cards_m17,1.0,1.0,0.38685280723454163,1.0
cc539528,single-session-assistant,rrf_turn_route,0.0,1.0,0.3333333333333333,1.0
cc539528,single-session-assistant,dense_session_mean,,,,1.0
cc539528,single-session-assistant,bm25_session,,,,1.0
dc439ea3,single-session-assistant,turn,0.0,1.0,0.3333333333333333,1.0
dc439ea3,single-session-assistant,sentence,0.0,1.0,0.3333333333333333,1.0
dc439ea3,single-session-assistant,cards_hand,0.0,1.0,0.3333333333333333,1.0
dc439ea3,single-session-assistant,pos_hand,0.0,1.0,0.3333333333333333,1.0
dc439ea3,single-session-assistant,cards_m11,0.0,1.0,0.3333333333333333,1.0
dc439ea3,single-session-assistant,pos_m11,0.0,1.0,0.3333333333333333,1.0
dc439ea3,single-session-assistant,cards_m13,0.0,1.0,0.3333333333333333,1.0
dc439ea3,single-session-assistant,pos_m13,0.0,1.0,0.3333333333333333,1.0
dc439ea3,single-session-assistant,cards_m17,0.0,1.0,0.3333333333333333,1.0
dc439ea3,single-session-assistant,pos_m17,0.0,1.0,0.3333333333333333,1.0
dc439ea3,single-session-assistant,bm25_turn,0.0,1.0,0.3010299956639812,1.0
dc439ea3,single-session-assistant,bm25_cards_hand,0.0,1.0,0.3562071871080222,1.0
dc439ea3,single-session-assistant,rrf_turn,0.0,1.0,0.31546487678572877,1.0
dc439ea3,single-session-assistant,rrf_sentence,0.0,1.0,0.31546487678572877,1.0
dc439ea3,single-session-assistant,rrf_cards_hand,1.0,1.0,0.38685280723454163,1.0
dc439ea3,single-session-assistant,rrf_cards_m11,0.0,1.0,0.31546487678572877,1.0
dc439ea3,single-session-assistant,rrf_cards_m13,0.0,1.0,0.3010299956639812,1.0
dc439ea3,single-session-assistant,rrf_cards_m17,0.0,1.0,0.31546487678572877,1.0
dc439ea3,single-session-assistant,rrf_turn_route,0.0,1.0,0.31546487678572877,1.0
dc439ea3,single-session-assistant,dense_session_mean,,,,1.0
dc439ea3,single-session-assistant,bm25_session,,,,1.0
18dcd5a5,single-session-assistant,turn,1.0,1.0,1.0,1.0
18dcd5a5,single-session-assistant,sentence,1.0,1.0,1.0,1.0
18dcd5a5,single-session-assistant,cards_hand,1.0,1.0,1.0,1.0
18dcd5a5,single-session-assistant,pos_hand,1.0,1.0,1.0,1.0
18dcd5a5,single-session-assistant,cards_m11,1.0,1.0,1.0,1.0
18dcd5a5,single-session-assistant,pos_m11,1.0,1.0,1.0,1.0
18dcd5a5,single-session-assistant,cards_m13,1.0,1.0,1.0,1.0
18dcd5a5,single-session-assistant,pos_m13,1.0,1.0,1.0,1.0
18dcd5a5,single-session-assistant,cards_m17,1.0,1.0,1.0,1.0
18dcd5a5,single-session-assistant,pos_m17,1.0,1.0,1.0,1.0
18dcd5a5,single-session-assistant,bm25_turn,1.0,1.0,1.0,1.0
18dcd5a5,single-session-assistant,bm25_cards_hand,1.0,1.0,1.0,1.0
18dcd5a5,single-session-assistant,rrf_turn,1.0,1.0,1.0,1.0
18dcd5a5,single-session-assistant,rrf_sentence,1.0,1.0,1.0,1.0
18dcd5a5,single-session-assistant,rrf_cards_hand,1.0,1.0,1.0,1.0
18dcd5a5,single-session-assistant,rrf_cards_m11,1.0,1.0,1.0,1.0
18dcd5a5,single-session-assistant,rrf_cards_m13,1.0,1.0,1.0,1.0
18dcd5a5,single-session-assistant,rrf_cards_m17,1.0,1.0,1.0,1.0
18dcd5a5,single-session-assistant,rrf_turn_route,1.0,1.0,1.0,1.0
18dcd5a5,single-session-assistant,dense_session_mean,,,,1.0
18dcd5a5,single-session-assistant,bm25_session,,,,1.0
488d3006,single-session-assistant,turn,1.0,1.0,1.0,1.0
488d3006,single-session-assistant,sentence,1.0,1.0,1.0,1.0
488d3006,single-session-assistant,cards_hand,1.0,1.0,1.0,1.0
488d3006,single-session-assistant,pos_hand,1.0,1.0,1.0,1.0
488d3006,single-session-assistant,cards_m11,1.0,1.0,1.0,1.0
488d3006,single-session-assistant,pos_m11,1.0,1.0,1.0,1.0
488d3006,single-session-assistant,cards_m13,1.0,1.0,1.0,1.0
488d3006,single-session-assistant,pos_m13,1.0,1.0,1.0,1.0
488d3006,single-session-assistant,cards_m17,1.0,1.0,1.0,1.0
488d3006,single-session-assistant,pos_m17,1.0,1.0,1.0,1.0
488d3006,single-session-assistant,bm25_turn,1.0,1.0,1.0,1.0
488d3006,single-session-assistant,bm25_cards_hand,1.0,1.0,1.0,1.0
488d3006,single-session-assistant,rrf_turn,1.0,1.0,1.0,1.0
488d3006,single-session-assistant,rrf_sentence,1.0,1.0,1.0,1.0
488d3006,single-session-assistant,rrf_cards_hand,1.0,1.0,1.0,1.0
488d3006,single-session-assistant,rrf_cards_m11,1.0,1.0,1.0,1.0
488d3006,single-session-assistant,rrf_cards_m13,1.0,1.0,1.0,1.0
488d3006,single-session-assistant,rrf_cards_m17,1.0,1.0,1.0,1.0
488d3006,single-session-assistant,rrf_turn_route,1.0,1.0,1.0,1.0
488d3006,single-session-assistant,dense_session_mean,,,,1.0
488d3006,single-session-assistant,bm25_session,,,,1.0
58470ed2,single-session-assistant,turn,1.0,1.0,1.0,1.0
58470ed2,single-session-assistant,sentence,1.0,1.0,1.0,1.0
58470ed2,single-session-assistant,cards_hand,1.0,1.0,1.0,1.0
58470ed2,single-session-assistant,pos_hand,1.0,1.0,1.0,1.0
58470ed2,single-session-assistant,cards_m11,1.0,1.0,1.0,1.0
58470ed2,single-session-assistant,pos_m11,1.0,1.0,1.0,1.0
58470ed2,single-session-assistant,cards_m13,1.0,1.0,1.0,1.0
58470ed2,single-session-assistant,pos_m13,1.0,1.0,1.0,1.0
58470ed2,single-session-assistant,cards_m17,1.0,1.0,1.0,1.0
58470ed2,single-session-assistant,pos_m17,1.0,1.0,1.0,1.0
58470ed2,single-session-assistant,bm25_turn,1.0,1.0,1.0,1.0
58470ed2,single-session-assistant,bm25_cards_hand,1.0,1.0,1.0,1.0
58470ed2,single-session-assistant,rrf_turn,1.0,1.0,1.0,1.0
58470ed2,single-session-assistant,rrf_sentence,1.0,1.0,1.0,1.0
58470ed2,single-session-assistant,rrf_cards_hand,1.0,1.0,1.0,1.0
58470ed2,single-session-assistant,rrf_cards_m11,1.0,1.0,1.0,1.0
58470ed2,single-session-assistant,rrf_cards_m13,1.0,1.0,1.0,1.0
58470ed2,single-session-assistant,rrf_cards_m17,1.0,1.0,1.0,1.0
58470ed2,single-session-assistant,rrf_turn_route,0.0,0.0,0.0,0.0
58470ed2,single-session-assistant,dense_session_mean,,,,1.0
58470ed2,single-session-assistant,bm25_session,,,,1.0
8cf51dda,single-session-assistant,turn,1.0,1.0,0.6309297535714575,1.0
8cf51dda,single-session-assistant,sentence,1.0,1.0,0.6309297535714575,1.0
8cf51dda,single-session-assistant,cards_hand,1.0,1.0,0.6309297535714575,1.0
8cf51dda,single-session-assistant,pos_hand,1.0,1.0,0.6309297535714575,1.0
8cf51dda,single-session-assistant,cards_m11,1.0,1.0,0.6309297535714575,1.0
8cf51dda,single-session-assistant,pos_m11,1.0,1.0,0.6309297535714575,1.0
8cf51dda,single-session-assistant,cards_m13,1.0,1.0,0.6309297535714575,1.0
8cf51dda,single-session-assistant,pos_m13,1.0,1.0,0.6309297535714575,1.0
8cf51dda,single-session-assistant,cards_m17,1.0,1.0,0.6309297535714575,1.0
8cf51dda,single-session-assistant,pos_m17,1.0,1.0,0.6309297535714575,1.0
8cf51dda,single-session-assistant,bm25_turn,1.0,1.0,1.0,1.0
8cf51dda,single-session-assistant,bm25_cards_hand,1.0,1.0,0.6309297535714575,1.0
8cf51dda,single-session-assistant,rrf_turn,1.0,1.0,0.6309297535714575,1.0
8cf51dda,single-session-assistant,rrf_sentence,1.0,1.0,0.6309297535714575,1.0
8cf51dda,single-session-assistant,rrf_cards_hand,1.0,1.0,0.6309297535714575,1.0
8cf51dda,single-session-assistant,rrf_cards_m11,1.0,1.0,0.6309297535714575,1.0
8cf51dda,single-session-assistant,rrf_cards_m13,1.0,1.0,0.6309297535714575,1.0
8cf51dda,single-session-assistant,rrf_cards_m17,1.0,1.0,0.6309297535714575,1.0
8cf51dda,single-session-assistant,rrf_turn_route,1.0,1.0,0.6309297535714575,1.0
8cf51dda,single-session-assistant,dense_session_mean,,,,1.0
8cf51dda,single-session-assistant,bm25_session,,,,1.0
1d4da289,single-session-assistant,turn,1.0,1.0,1.0,1.0
1d4da289,single-session-assistant,sentence,1.0,1.0,0.6309297535714575,1.0
1d4da289,single-session-assistant,cards_hand,1.0,1.0,0.6309297535714575,1.0
1d4da289,single-session-assistant,pos_hand,1.0,1.0,0.6309297535714575,1.0
1d4da289,single-session-assistant,cards_m11,1.0,1.0,0.6309297535714575,1.0
1d4da289,single-session-assistant,pos_m11,1.0,1.0,0.6309297535714575,1.0
1d4da289,single-session-assistant,cards_m13,1.0,1.0,0.6309297535714575,1.0
1d4da289,single-session-assistant,pos_m13,1.0,1.0,0.6309297535714575,1.0
1d4da289,single-session-assistant,cards_m17,1.0,1.0,0.6309297535714575,1.0
1d4da289,single-session-assistant,pos_m17,1.0,1.0,0.6309297535714575,1.0
1d4da289,single-session-assistant,bm25_turn,1.0,1.0,1.0,1.0
1d4da289,single-session-assistant,bm25_cards_hand,1.0,1.0,1.0,1.0
1d4da289,single-session-assistant,rrf_turn,1.0,1.0,1.0,1.0
1d4da289,single-session-assistant,rrf_sentence,1.0,1.0,1.0,1.0
1d4da289,single-session-assistant,rrf_cards_hand,1.0,1.0,1.0,1.0
1d4da289,single-session-assistant,rrf_cards_m11,1.0,1.0,1.0,1.0
1d4da289,single-session-assistant,rrf_cards_m13,1.0,1.0,1.0,1.0
1d4da289,single-session-assistant,rrf_cards_m17,1.0,1.0,1.0,1.0
1d4da289,single-session-assistant,rrf_turn_route,1.0,1.0,1.0,1.0
1d4da289,single-session-assistant,dense_session_mean,,,,1.0
1d4da289,single-session-assistant,bm25_session,,,,1.0
8464fc84,single-session-assistant,turn,1.0,1.0,1.0,1.0
8464fc84,single-session-assistant,sentence,1.0,1.0,1.0,1.0
8464fc84,single-session-assistant,cards_hand,1.0,1.0,1.0,1.0
8464fc84,single-session-assistant,pos_hand,1.0,1.0,1.0,1.0
8464fc84,single-session-assistant,cards_m11,1.0,1.0,1.0,1.0
8464fc84,single-session-assistant,pos_m11,1.0,1.0,1.0,1.0
8464fc84,single-session-assistant,cards_m13,1.0,1.0,1.0,1.0
8464fc84,single-session-assistant,pos_m13,1.0,1.0,1.0,1.0
8464fc84,single-session-assistant,cards_m17,1.0,1.0,1.0,1.0
8464fc84,single-session-assistant,pos_m17,1.0,1.0,1.0,1.0
8464fc84,single-session-assistant,bm25_turn,1.0,1.0,1.0,1.0
8464fc84,single-session-assistant,bm25_cards_hand,1.0,1.0,1.0,1.0
8464fc84,single-session-assistant,rrf_turn,1.0,1.0,1.0,1.0
8464fc84,single-session-assistant,rrf_sentence,1.0,1.0,1.0,1.0
8464fc84,single-session-assistant,rrf_cards_hand,1.0,1.0,1.0,1.0
8464fc84,single-session-assistant,rrf_cards_m11,1.0,1.0,1.0,1.0
8464fc84,single-session-assistant,rrf_cards_m13,1.0,1.0,1.0,1.0
8464fc84,single-session-assistant,rrf_cards_m17,1.0,1.0,1.0,1.0
8464fc84,single-session-assistant,rrf_turn_route,1.0,1.0,1.0,1.0
8464fc84,single-session-assistant,dense_session_mean,,,,1.0
8464fc84,single-session-assistant,bm25_session,,,,1.0
8aef76bc,single-session-assistant,turn,1.0,1.0,0.5,1.0
8aef76bc,single-session-assistant,sentence,1.0,1.0,0.6309297535714575,1.0
8aef76bc,single-session-assistant,cards_hand,1.0,1.0,0.6309297535714575,1.0
8aef76bc,single-session-assistant,pos_hand,1.0,1.0,0.6309297535714575,1.0
8aef76bc,single-session-assistant,cards_m11,1.0,1.0,0.6309297535714575,1.0
8aef76bc,single-session-assistant,pos_m11,1.0,1.0,0.6309297535714575,1.0
8aef76bc,single-session-assistant,cards_m13,1.0,1.0,0.6309297535714575,1.0
8aef76bc,single-session-assistant,pos_m13,1.0,1.0,0.6309297535714575,1.0
8aef76bc,single-session-assistant,cards_m17,1.0,1.0,0.6309297535714575,1.0
8aef76bc,single-session-assistant,pos_m17,1.0,1.0,0.6309297535714575,1.0
8aef76bc,single-session-assistant,bm25_turn,1.0,1.0,1.0,1.0
8aef76bc,single-session-assistant,bm25_cards_hand,1.0,1.0,0.6309297535714575,1.0
8aef76bc,single-session-assistant,rrf_turn,1.0,1.0,0.6309297535714575,1.0
8aef76bc,single-session-assistant,rrf_sentence,1.0,1.0,0.6309297535714575,1.0
8aef76bc,single-session-assistant,rrf_cards_hand,1.0,1.0,0.6309297535714575,1.0
8aef76bc,single-session-assistant,rrf_cards_m11,1.0,1.0,0.6309297535714575,1.0
8aef76bc,single-session-assistant,rrf_cards_m13,1.0,1.0,0.6309297535714575,1.0
8aef76bc,single-session-assistant,rrf_cards_m17,1.0,1.0,0.6309297535714575,1.0
8aef76bc,single-session-assistant,rrf_turn_route,1.0,1.0,0.6309297535714575,1.0
8aef76bc,single-session-assistant,dense_session_mean,,,,1.0
8aef76bc,single-session-assistant,bm25_session,,,,1.0
71a3fd6b,single-session-assistant,turn,1.0,1.0,1.0,1.0
71a3fd6b,single-session-assistant,sentence,1.0,1.0,0.5,1.0
71a3fd6b,single-session-assistant,cards_hand,1.0,1.0,0.5,1.0
71a3fd6b,single-session-assistant,pos_hand,1.0,1.0,0.5,1.0
71a3fd6b,single-session-assistant,cards_m11,1.0,1.0,0.5,1.0
71a3fd6b,single-session-assistant,pos_m11,1.0,1.0,0.5,1.0
71a3fd6b,single-session-assistant,cards_m13,1.0,1.0,0.5,1.0
71a3fd6b,single-session-assistant,pos_m13,1.0,1.0,0.5,1.0
71a3fd6b,single-session-assistant,cards_m17,1.0,1.0,0.5,1.0
71a3fd6b,single-session-assistant,pos_m17,1.0,1.0,0.5,1.0
71a3fd6b,single-session-assistant,bm25_turn,1.0,1.0,1.0,1.0
71a3fd6b,single-session-assistant,bm25_cards_hand,1.0,1.0,0.5,1.0
71a3fd6b,single-session-assistant,rrf_turn,1.0,1.0,1.0,1.0
71a3fd6b,single-session-assistant,rrf_sentence,1.0,1.0,0.6309297535714575,1.0
71a3fd6b,single-session-assistant,rrf_cards_hand,1.0,1.0,0.5,1.0
71a3fd6b,single-session-assistant,rrf_cards_m11,1.0,1.0,0.6309297535714575,1.0
71a3fd6b,single-session-assistant,rrf_cards_m13,1.0,1.0,0.6309297535714575,1.0
71a3fd6b,single-session-assistant,rrf_cards_m17,1.0,1.0,0.6309297535714575,1.0
71a3fd6b,single-session-assistant,rrf_turn_route,1.0,1.0,1.0,1.0
71a3fd6b,single-session-assistant,dense_session_mean,,,,1.0
71a3fd6b,single-session-assistant,bm25_session,,,,1.0
2bf43736,single-session-assistant,turn,1.0,1.0,1.0,1.0
2bf43736,single-session-assistant,sentence,1.0,1.0,1.0,1.0
2bf43736,single-session-assistant,cards_hand,1.0,1.0,1.0,1.0
2bf43736,single-session-assistant,pos_hand,1.0,1.0,1.0,1.0
2bf43736,single-session-assistant,cards_m11,1.0,1.0,1.0,1.0
2bf43736,single-session-assistant,pos_m11,1.0,1.0,1.0,1.0
2bf43736,single-session-assistant,cards_m13,1.0,1.0,1.0,1.0
2bf43736,single-session-assistant,pos_m13,1.0,1.0,1.0,1.0
2bf43736,single-session-assistant,cards_m17,1.0,1.0,1.0,1.0
2bf43736,single-session-assistant,pos_m17,1.0,1.0,1.0,1.0
2bf43736,single-session-assistant,bm25_turn,1.0,1.0,1.0,1.0
2bf43736,single-session-assistant,bm25_cards_hand,1.0,1.0,1.0,1.0
2bf43736,single-session-assistant,rrf_turn,1.0,1.0,1.0,1.0
2bf43736,single-session-assistant,rrf_sentence,1.0,1.0,1.0,1.0
2bf43736,single-session-assistant,rrf_cards_hand,1.0,1.0,1.0,1.0
2bf43736,single-session-assistant,rrf_cards_m11,1.0,1.0,1.0,1.0
2bf43736,single-session-assistant,rrf_cards_m13,1.0,1.0,1.0,1.0
2bf43736,single-session-assistant,rrf_cards_m17,1.0,1.0,1.0,1.0
2bf43736,single-session-assistant,rrf_turn_route,1.0,1.0,1.0,1.0
2bf43736,single-session-assistant,dense_session_mean,,,,1.0
2bf43736,single-session-assistant,bm25_session,,,,1.0
70b3e69b,single-session-assistant,turn,1.0,1.0,0.43067655807339306,1.0
70b3e69b,single-session-assistant,sentence,0.0,1.0,0.31546487678572877,1.0
70b3e69b,single-session-assistant,cards_hand,0.0,1.0,0.3562071871080222,1.0
70b3e69b,single-session-assistant,pos_hand,0.0,1.0,0.3562071871080222,1.0
70b3e69b,single-session-assistant,cards_m11,0.0,1.0,0.3562071871080222,1.0
70b3e69b,single-session-assistant,pos_m11,0.0,1.0,0.3562071871080222,1.0
70b3e69b,single-session-assistant,cards_m13,0.0,1.0,0.31546487678572877,1.0
70b3e69b,single-session-assistant,pos_m13,0.0,1.0,0.31546487678572877,1.0
70b3e69b,single-session-assistant,cards_m17,0.0,1.0,0.3562071871080222,1.0
70b3e69b,single-session-assistant,pos_m17,0.0,1.0,0.3562071871080222,1.0
70b3e69b,single-session-assistant,bm25_turn,1.0,1.0,1.0,1.0
70b3e69b,single-session-assistant,bm25_cards_hand,1.0,1.0,1.0,1.0
70b3e69b,single-session-assistant,rrf_turn,1.0,1.0,1.0,1.0
70b3e69b,single-session-assistant,rrf_sentence,1.0,1.0,0.43067655807339306,1.0
70b3e69b,single-session-assistant,rrf_cards_hand,1.0,1.0,0.5,1.0
70b3e69b,single-session-assistant,rrf_cards_m11,1.0,1.0,0.5,1.0
70b3e69b,single-session-assistant,rrf_cards_m13,1.0,1.0,0.43067655807339306,1.0
70b3e69b,single-session-assistant,rrf_cards_m17,1.0,1.0,0.5,1.0
70b3e69b,single-session-assistant,rrf_turn_route,1.0,1.0,1.0,1.0
70b3e69b,single-session-assistant,dense_session_mean,,,,1.0
70b3e69b,single-session-assistant,bm25_session,,,,1.0
8752c811,single-session-assistant,turn,1.0,1.0,0.5,1.0
8752c811,single-session-assistant,sentence,1.0,1.0,0.5,1.0
8752c811,single-session-assistant,cards_hand,1.0,1.0,0.5,1.0
8752c811,single-session-assistant,pos_hand,1.0,1.0,0.5,1.0
8752c811,single-session-assistant,cards_m11,1.0,1.0,0.5,1.0
8752c811,single-session-assistant,pos_m11,1.0,1.0,0.5,1.0
8752c811,single-session-assistant,cards_m13,1.0,1.0,0.5,1.0
8752c811,single-session-assistant,pos_m13,1.0,1.0,0.5,1.0
8752c811,single-session-assistant,cards_m17,1.0,1.0,0.5,1.0
8752c811,single-session-assistant,pos_m17,1.0,1.0,0.5,1.0
8752c811,single-session-assistant,bm25_turn,1.0,1.0,0.38685280723454163,1.0
8752c811,single-session-assistant,bm25_cards_hand,1.0,1.0,0.6309297535714575,1.0
8752c811,single-session-assistant,rrf_turn,1.0,1.0,0.5,1.0
8752c811,single-session-assistant,rrf_sentence,1.0,1.0,0.5,1.0
8752c811,single-session-assistant,rrf_cards_hand,1.0,1.0,0.6309297535714575,1.0
8752c811,single-session-assistant,rrf_cards_m11,1.0,1.0,0.5,1.0
8752c811,single-session-assistant,rrf_cards_m13,1.0,1.0,0.5,1.0
8752c811,single-session-assistant,rrf_cards_m17,1.0,1.0,0.5,1.0
8752c811,single-session-assistant,rrf_turn_route,1.0,1.0,0.5,1.0
8752c811,single-session-assistant,dense_session_mean,,,,1.0
8752c811,single-session-assistant,bm25_session,,,,1.0
3249768e,single-session-assistant,turn,1.0,1.0,0.43067655807339306,1.0
3249768e,single-session-assistant,sentence,1.0,1.0,0.6309297535714575,1.0
3249768e,single-session-assistant,cards_hand,1.0,1.0,0.6309297535714575,1.0
3249768e,single-session-assistant,pos_hand,1.0,1.0,0.6309297535714575,1.0
3249768e,single-session-assistant,cards_m11,1.0,1.0,0.6309297535714575,1.0
3249768e,single-session-assistant,pos_m11,1.0,1.0,0.6309297535714575,1.0
3249768e,single-session-assistant,cards_m13,1.0,1.0,0.6309297535714575,1.0
3249768e,single-session-assistant,pos_m13,1.0,1.0,0.6309297535714575,1.0
3249768e,single-session-assistant,cards_m17,1.0,1.0,0.6309297535714575,1.0
3249768e,single-session-assistant,pos_m17,1.0,1.0,0.6309297535714575,1.0
3249768e,single-session-assistant,bm25_turn,1.0,1.0,0.6309297535714575,1.0
3249768e,single-session-assistant,bm25_cards_hand,1.0,1.0,1.0,1.0
3249768e,single-session-assistant,rrf_turn,1.0,1.0,0.43067655807339306,1.0
3249768e,single-session-assistant,rrf_sentence,1.0,1.0,0.6309297535714575,1.0
3249768e,single-session-assistant,rrf_cards_hand,1.0,1.0,0.6309297535714575,1.0
3249768e,single-session-assistant,rrf_cards_m11,1.0,1.0,0.6309297535714575,1.0
3249768e,single-session-assistant,rrf_cards_m13,1.0,1.0,0.6309297535714575,1.0
3249768e,single-session-assistant,rrf_cards_m17,1.0,1.0,0.6309297535714575,1.0
3249768e,single-session-assistant,rrf_turn_route,1.0,1.0,0.43067655807339306,1.0
3249768e,single-session-assistant,dense_session_mean,,,,1.0
3249768e,single-session-assistant,bm25_session,,,,1.0
1b9b7252,single-session-assistant,turn,1.0,1.0,1.0,1.0
1b9b7252,single-session-assistant,sentence,1.0,1.0,1.0,1.0
1b9b7252,single-session-assistant,cards_hand,1.0,1.0,1.0,1.0
1b9b7252,single-session-assistant,pos_hand,1.0,1.0,1.0,1.0
1b9b7252,single-session-assistant,cards_m11,1.0,1.0,1.0,1.0
1b9b7252,single-session-assistant,pos_m11,1.0,1.0,1.0,1.0
1b9b7252,single-session-assistant,cards_m13,1.0,1.0,1.0,1.0
1b9b7252,single-session-assistant,pos_m13,1.0,1.0,1.0,1.0
1b9b7252,single-session-assistant,cards_m17,1.0,1.0,1.0,1.0
1b9b7252,single-session-assistant,pos_m17,1.0,1.0,1.0,1.0
1b9b7252,single-session-assistant,bm25_turn,1.0,1.0,1.0,1.0
1b9b7252,single-session-assistant,bm25_cards_hand,1.0,1.0,1.0,1.0
1b9b7252,single-session-assistant,rrf_turn,1.0,1.0,1.0,1.0
1b9b7252,single-session-assistant,rrf_sentence,1.0,1.0,1.0,1.0
1b9b7252,single-session-assistant,rrf_cards_hand,1.0,1.0,1.0,1.0
1b9b7252,single-session-assistant,rrf_cards_m11,1.0,1.0,1.0,1.0
1b9b7252,single-session-assistant,rrf_cards_m13,1.0,1.0,1.0,1.0
1b9b7252,single-session-assistant,rrf_cards_m17,1.0,1.0,1.0,1.0
1b9b7252,single-session-assistant,rrf_turn_route,1.0,1.0,1.0,1.0
1b9b7252,single-session-assistant,dense_session_mean,,,,1.0
1b9b7252,single-session-assistant,bm25_session,,,,1.0
1568498a,single-session-assistant,turn,1.0,1.0,1.0,1.0
1568498a,single-session-assistant,sentence,1.0,1.0,0.5,1.0
1568498a,single-session-assistant,cards_hand,1.0,1.0,0.6309297535714575,1.0
1568498a,single-session-assistant,pos_hand,1.0,1.0,0.6309297535714575,1.0
1568498a,single-session-assistant,cards_m11,1.0,1.0,0.6309297535714575,1.0
1568498a,single-session-assistant,pos_m11,1.0,1.0,0.6309297535714575,1.0
1568498a,single-session-assistant,cards_m13,1.0,1.0,0.6309297535714575,1.0
1568498a,single-session-assistant,pos_m13,1.0,1.0,0.6309297535714575,1.0
1568498a,single-session-assistant,cards_m17,1.0,1.0,0.6309297535714575,1.0
1568498a,single-session-assistant,pos_m17,1.0,1.0,0.6309297535714575,1.0
1568498a,single-session-assistant,bm25_turn,0.0,0.0,0.0,1.0
1568498a,single-session-assistant,bm25_cards_hand,0.0,0.0,0.0,1.0
1568498a,single-session-assistant,rrf_turn,0.0,1.0,0.31546487678572877,1.0
1568498a,single-session-assistant,rrf_sentence,0.0,1.0,0.31546487678572877,1.0
1568498a,single-session-assistant,rrf_cards_hand,0.0,1.0,0.3333333333333333,1.0
1568498a,single-session-assistant,rrf_cards_m11,0.0,1.0,0.3333333333333333,1.0
1568498a,single-session-assistant,rrf_cards_m13,0.0,1.0,0.31546487678572877,1.0
1568498a,single-session-assistant,rrf_cards_m17,0.0,1.0,0.3333333333333333,1.0
1568498a,single-session-assistant,rrf_turn_route,0.0,1.0,0.31546487678572877,1.0
1568498a,single-session-assistant,dense_session_mean,,,,1.0
1568498a,single-session-assistant,bm25_session,,,,1.0
6222b6eb,single-session-assistant,turn,1.0,1.0,0.5,1.0
6222b6eb,single-session-assistant,sentence,1.0,1.0,0.6309297535714575,1.0
6222b6eb,single-session-assistant,cards_hand,1.0,1.0,0.6309297535714575,1.0
6222b6eb,single-session-assistant,pos_hand,1.0,1.0,0.6309297535714575,1.0
6222b6eb,single-session-assistant,cards_m11,1.0,1.0,0.6309297535714575,1.0
6222b6eb,single-session-assistant,pos_m11,1.0,1.0,0.6309297535714575,1.0
6222b6eb,single-session-assistant,cards_m13,1.0,1.0,0.6309297535714575,1.0
6222b6eb,single-session-assistant,pos_m13,1.0,1.0,0.6309297535714575,1.0
6222b6eb,single-session-assistant,cards_m17,1.0,1.0,0.6309297535714575,1.0
6222b6eb,single-session-assistant,pos_m17,1.0,1.0,0.6309297535714575,1.0
6222b6eb,single-session-assistant,bm25_turn,1.0,1.0,0.6309297535714575,1.0
6222b6eb,single-session-assistant,bm25_cards_hand,1.0,1.0,0.5,1.0
6222b6eb,single-session-assistant,rrf_turn,1.0,1.0,0.6309297535714575,1.0
6222b6eb,single-session-assistant,rrf_sentence,1.0,1.0,0.6309297535714575,1.0
6222b6eb,single-session-assistant,rrf_cards_hand,1.0,1.0,0.6309297535714575,1.0
6222b6eb,single-session-assistant,rrf_cards_m11,1.0,1.0,0.6309297535714575,1.0
6222b6eb,single-session-assistant,rrf_cards_m13,1.0,1.0,0.6309297535714575,1.0
6222b6eb,single-session-assistant,rrf_cards_m17,1.0,1.0,0.6309297535714575,1.0
6222b6eb,single-session-assistant,rrf_turn_route,1.0,1.0,0.6309297535714575,1.0
6222b6eb,single-session-assistant,dense_session_mean,,,,1.0
6222b6eb,single-session-assistant,bm25_session,,,,1.0
e8a79c70,single-session-assistant,turn,0.0,1.0,0.31546487678572877,1.0
e8a79c70,single-session-assistant,sentence,0.0,1.0,0.3562071871080222,1.0
e8a79c70,single-session-assistant,cards_hand,1.0,1.0,0.38685280723454163,1.0
e8a79c70,single-session-assistant,pos_hand,1.0,1.0,0.38685280723454163,1.0
e8a79c70,single-session-assistant,cards_m11,1.0,1.0,0.38685280723454163,1.0
e8a79c70,single-session-assistant,pos_m11,1.0,1.0,0.38685280723454163,1.0
e8a79c70,single-session-assistant,cards_m13,1.0,1.0,0.38685280723454163,1.0
e8a79c70,single-session-assistant,pos_m13,1.0,1.0,0.38685280723454163,1.0
e8a79c70,single-session-assistant,cards_m17,1.0,1.0,0.38685280723454163,1.0
e8a79c70,single-session-assistant,pos_m17,1.0,1.0,0.38685280723454163,1.0
e8a79c70,single-session-assistant,bm25_turn,0.0,1.0,0.3333333333333333,1.0
e8a79c70,single-session-assistant,bm25_cards_hand,0.0,0.0,0.0,1.0
e8a79c70,single-session-assistant,rrf_turn,0.0,1.0,0.3562071871080222,1.0
e8a79c70,single-session-assistant,rrf_sentence,0.0,1.0,0.3562071871080222,1.0
e8a79c70,single-session-assistant,rrf_cards_hand,0.0,1.0,0.31546487678572877,1.0
e8a79c70,single-session-assistant,rrf_cards_m11,0.0,1.0,0.3562071871080222,1.0
e8a79c70,single-session-assistant,rrf_cards_m13,0.0,1.0,0.3562071871080222,1.0
e8a79c70,single-session-assistant,rrf_cards_m17,0.0,1.0,0.3562071871080222,1.0
e8a79c70,single-session-assistant,rrf_turn_route,0.0,1.0,0.3562071871080222,1.0
e8a79c70,single-session-assistant,dense_session_mean,,,,1.0
e8a79c70,single-session-assistant,bm25_session,,,,1.0
d596882b,single-session-assistant,turn,1.0,1.0,1.0,1.0
d596882b,single-session-assistant,sentence,1.0,1.0,1.0,1.0
d596882b,single-session-assistant,cards_hand,1.0,1.0,1.0,1.0
d596882b,single-session-assistant,pos_hand,1.0,1.0,1.0,1.0
d596882b,single-session-assistant,cards_m11,1.0,1.0,1.0,1.0
d596882b,single-session-assistant,pos_m11,1.0,1.0,1.0,1.0
d596882b,single-session-assistant,cards_m13,1.0,1.0,1.0,1.0
d596882b,single-session-assistant,pos_m13,1.0,1.0,1.0,1.0
d596882b,single-session-assistant,cards_m17,1.0,1.0,1.0,1.0
d596882b,single-session-assistant,pos_m17,1.0,1.0,1.0,1.0
d596882b,single-session-assistant,bm25_turn,1.0,1.0,1.0,1.0
d596882b,single-session-assistant,bm25_cards_hand,1.0,1.0,1.0,1.0
d596882b,single-session-assistant,rrf_turn,1.0,1.0,1.0,1.0
d596882b,single-session-assistant,rrf_sentence,1.0,1.0,1.0,1.0
d596882b,single-session-assistant,rrf_cards_hand,1.0,1.0,1.0,1.0
d596882b,single-session-assistant,rrf_cards_m11,1.0,1.0,1.0,1.0
d596882b,single-session-assistant,rrf_cards_m13,1.0,1.0,1.0,1.0
d596882b,single-session-assistant,rrf_cards_m17,1.0,1.0,1.0,1.0
d596882b,single-session-assistant,rrf_turn_route,1.0,1.0,1.0,1.0
d596882b,single-session-assistant,dense_session_mean,,,,1.0
d596882b,single-session-assistant,bm25_session,,,,1.0
e3fc4d6e,single-session-assistant,turn,1.0,1.0,1.0,1.0
e3fc4d6e,single-session-assistant,sentence,1.0,1.0,1.0,1.0
e3fc4d6e,single-session-assistant,cards_hand,1.0,1.0,1.0,1.0
e3fc4d6e,single-session-assistant,pos_hand,1.0,1.0,1.0,1.0
e3fc4d6e,single-session-assistant,cards_m11,1.0,1.0,1.0,1.0
e3fc4d6e,single-session-assistant,pos_m11,1.0,1.0,1.0,1.0
e3fc4d6e,single-session-assistant,cards_m13,1.0,1.0,1.0,1.0
e3fc4d6e,single-session-assistant,pos_m13,1.0,1.0,1.0,1.0
e3fc4d6e,single-session-assistant,cards_m17,1.0,1.0,1.0,1.0
e3fc4d6e,single-session-assistant,pos_m17,1.0,1.0,1.0,1.0
e3fc4d6e,single-session-assistant,bm25_turn,1.0,1.0,1.0,1.0
e3fc4d6e,single-session-assistant,bm25_cards_hand,1.0,1.0,1.0,1.0
e3fc4d6e,single-session-assistant,rrf_turn,1.0,1.0,1.0,1.0
e3fc4d6e,single-session-assistant,rrf_sentence,1.0,1.0,1.0,1.0
e3fc4d6e,single-session-assistant,rrf_cards_hand,1.0,1.0,1.0,1.0
e3fc4d6e,single-session-assistant,rrf_cards_m11,1.0,1.0,1.0,1.0
e3fc4d6e,single-session-assistant,rrf_cards_m13,1.0,1.0,1.0,1.0
e3fc4d6e,single-session-assistant,rrf_cards_m17,1.0,1.0,1.0,1.0
e3fc4d6e,single-session-assistant,rrf_turn_route,1.0,1.0,1.0,1.0
e3fc4d6e,single-session-assistant,dense_session_mean,,,,1.0
e3fc4d6e,single-session-assistant,bm25_session,,,,1.0
51b23612,single-session-assistant,turn,1.0,1.0,0.6309297535714575,1.0
51b23612,single-session-assistant,sentence,1.0,1.0,1.0,1.0
51b23612,single-session-assistant,cards_hand,1.0,1.0,1.0,1.0
51b23612,single-session-assistant,pos_hand,1.0,1.0,1.0,1.0
51b23612,single-session-assistant,cards_m11,1.0,1.0,1.0,1.0
51b23612,single-session-assistant,pos_m11,1.0,1.0,1.0,1.0
51b23612,single-session-assistant,cards_m13,1.0,1.0,1.0,1.0
51b23612,single-session-assistant,pos_m13,1.0,1.0,1.0,1.0
51b23612,single-session-assistant,cards_m17,1.0,1.0,1.0,1.0
51b23612,single-session-assistant,pos_m17,1.0,1.0,1.0,1.0
51b23612,single-session-assistant,bm25_turn,1.0,1.0,1.0,1.0
51b23612,single-session-assistant,bm25_cards_hand,1.0,1.0,1.0,1.0
51b23612,single-session-assistant,rrf_turn,1.0,1.0,0.6309297535714575,1.0
51b23612,single-session-assistant,rrf_sentence,1.0,1.0,1.0,1.0
51b23612,single-session-assistant,rrf_cards_hand,1.0,1.0,1.0,1.0
51b23612,single-session-assistant,rrf_cards_m11,1.0,1.0,1.0,1.0
51b23612,single-session-assistant,rrf_cards_m13,1.0,1.0,1.0,1.0
51b23612,single-session-assistant,rrf_cards_m17,1.0,1.0,1.0,1.0
51b23612,single-session-assistant,rrf_turn_route,1.0,1.0,0.6309297535714575,1.0
51b23612,single-session-assistant,dense_session_mean,,,,1.0
51b23612,single-session-assistant,bm25_session,,,,1.0
3e321797,single-session-assistant,turn,1.0,1.0,1.0,1.0
3e321797,single-session-assistant,sentence,1.0,1.0,1.0,1.0
3e321797,single-session-assistant,cards_hand,1.0,1.0,1.0,1.0
3e321797,single-session-assistant,pos_hand,1.0,1.0,1.0,1.0
3e321797,single-session-assistant,cards_m11,1.0,1.0,1.0,1.0
3e321797,single-session-assistant,pos_m11,1.0,1.0,1.0,1.0
3e321797,single-session-assistant,cards_m13,1.0,1.0,1.0,1.0
3e321797,single-session-assistant,pos_m13,1.0,1.0,1.0,1.0
3e321797,single-session-assistant,cards_m17,1.0,1.0,1.0,1.0
3e321797,single-session-assistant,pos_m17,1.0,1.0,1.0,1.0
3e321797,single-session-assistant,bm25_turn,1.0,1.0,1.0,1.0
3e321797,single-session-assistant,bm25_cards_hand,1.0,1.0,1.0,1.0
3e321797,single-session-assistant,rrf_turn,1.0,1.0,1.0,1.0
3e321797,single-session-assistant,rrf_sentence,1.0,1.0,1.0,1.0
3e321797,single-session-assistant,rrf_cards_hand,1.0,1.0,1.0,1.0
3e321797,single-session-assistant,rrf_cards_m11,1.0,1.0,1.0,1.0
3e321797,single-session-assistant,rrf_cards_m13,1.0,1.0,1.0,1.0
3e321797,single-session-assistant,rrf_cards_m17,1.0,1.0,1.0,1.0
3e321797,single-session-assistant,rrf_turn_route,1.0,1.0,1.0,1.0
3e321797,single-session-assistant,dense_session_mean,,,,1.0
3e321797,single-session-assistant,bm25_session,,,,1.0
e982271f,single-session-assistant,turn,1.0,1.0,0.5,1.0
e982271f,single-session-assistant,sentence,1.0,1.0,0.6309297535714575,1.0
e982271f,single-session-assistant,cards_hand,1.0,1.0,0.6309297535714575,1.0
e982271f,single-session-assistant,pos_hand,1.0,1.0,0.6309297535714575,1.0
e982271f,single-session-assistant,cards_m11,1.0,1.0,0.6309297535714575,1.0
e982271f,single-session-assistant,pos_m11,1.0,1.0,0.6309297535714575,1.0
e982271f,single-session-assistant,cards_m13,1.0,1.0,0.6309297535714575,1.0
e982271f,single-session-assistant,pos_m13,1.0,1.0,0.6309297535714575,1.0
e982271f,single-session-assistant,cards_m17,1.0,1.0,0.6309297535714575,1.0
e982271f,single-session-assistant,pos_m17,1.0,1.0,0.6309297535714575,1.0
e982271f,single-session-assistant,bm25_turn,1.0,1.0,1.0,1.0
e982271f,single-session-assistant,bm25_cards_hand,1.0,1.0,1.0,1.0
e982271f,single-session-assistant,rrf_turn,1.0,1.0,1.0,1.0
e982271f,single-session-assistant,rrf_sentence,1.0,1.0,1.0,1.0
e982271f,single-session-assistant,rrf_cards_hand,1.0,1.0,0.6309297535714575,1.0
e982271f,single-session-assistant,rrf_cards_m11,1.0,1.0,1.0,1.0
e982271f,single-session-assistant,rrf_cards_m13,1.0,1.0,1.0,1.0
e982271f,single-session-assistant,rrf_cards_m17,1.0,1.0,1.0,1.0
e982271f,single-session-assistant,rrf_turn_route,1.0,1.0,1.0,1.0
e982271f,single-session-assistant,dense_session_mean,,,,1.0
e982271f,single-session-assistant,bm25_session,,,,1.0
352ab8bd,single-session-assistant,turn,1.0,1.0,0.43067655807339306,1.0
352ab8bd,single-session-assistant,sentence,1.0,1.0,0.43067655807339306,1.0
352ab8bd,single-session-assistant,cards_hand,1.0,1.0,0.43067655807339306,1.0
352ab8bd,single-session-assistant,pos_hand,1.0,1.0,0.43067655807339306,1.0
352ab8bd,single-session-assistant,cards_m11,1.0,1.0,0.43067655807339306,1.0
352ab8bd,single-session-assistant,pos_m11,1.0,1.0,0.43067655807339306,1.0
352ab8bd,single-session-assistant,cards_m13,1.0,1.0,0.43067655807339306,1.0
352ab8bd,single-session-assistant,pos_m13,1.0,1.0,0.43067655807339306,1.0
352ab8bd,single-session-assistant,cards_m17,1.0,1.0,0.43067655807339306,1.0
352ab8bd,single-session-assistant,pos_m17,1.0,1.0,0.43067655807339306,1.0
352ab8bd,single-session-assistant,bm25_turn,1.0,1.0,1.0,1.0
352ab8bd,single-session-assistant,bm25_cards_hand,1.0,1.0,0.43067655807339306,1.0
352ab8bd,single-session-assistant,rrf_turn,1.0,1.0,0.6309297535714575,1.0
352ab8bd,single-session-assistant,rrf_sentence,1.0,1.0,0.6309297535714575,1.0
352ab8bd,single-session-assistant,rrf_cards_hand,1.0,1.0,0.43067655807339306,1.0
352ab8bd,single-session-assistant,rrf_cards_m11,1.0,1.0,0.6309297535714575,1.0
352ab8bd,single-session-assistant,rrf_cards_m13,1.0,1.0,0.6309297535714575,1.0
352ab8bd,single-session-assistant,rrf_cards_m17,1.0,1.0,0.6309297535714575,1.0
352ab8bd,single-session-assistant,rrf_turn_route,1.0,1.0,0.6309297535714575,1.0
352ab8bd,single-session-assistant,dense_session_mean,,,,1.0
352ab8bd,single-session-assistant,bm25_session,,,,1.0
fca762bc,single-session-assistant,turn,1.0,1.0,1.0,1.0
fca762bc,single-session-assistant,sentence,1.0,1.0,1.0,1.0
fca762bc,single-session-assistant,cards_hand,1.0,1.0,1.0,1.0
fca762bc,single-session-assistant,pos_hand,1.0,1.0,1.0,1.0
fca762bc,single-session-assistant,cards_m11,1.0,1.0,1.0,1.0
fca762bc,single-session-assistant,pos_m11,1.0,1.0,1.0,1.0
fca762bc,single-session-assistant,cards_m13,1.0,1.0,1.0,1.0
fca762bc,single-session-assistant,pos_m13,1.0,1.0,1.0,1.0
fca762bc,single-session-assistant,cards_m17,1.0,1.0,1.0,1.0
fca762bc,single-session-assistant,pos_m17,1.0,1.0,1.0,1.0
fca762bc,single-session-assistant,bm25_turn,1.0,1.0,1.0,1.0
fca762bc,single-session-assistant,bm25_cards_hand,1.0,1.0,1.0,1.0
fca762bc,single-session-assistant,rrf_turn,1.0,1.0,1.0,1.0
fca762bc,single-session-assistant,rrf_sentence,1.0,1.0,1.0,1.0
fca762bc,single-session-assistant,rrf_cards_hand,1.0,1.0,1.0,1.0
fca762bc,single-session-assistant,rrf_cards_m11,1.0,1.0,1.0,1.0
fca762bc,single-session-assistant,rrf_cards_m13,1.0,1.0,1.0,1.0
fca762bc,single-session-assistant,rrf_cards_m17,1.0,1.0,1.0,1.0
fca762bc,single-session-assistant,rrf_turn_route,1.0,1.0,1.0,1.0
fca762bc,single-session-assistant,dense_session_mean,,,,1.0
fca762bc,single-session-assistant,bm25_session,,,,1.0
7a8d0b71,single-session-assistant,turn,1.0,1.0,1.0,1.0
7a8d0b71,single-session-assistant,sentence,1.0,1.0,1.0,1.0
7a8d0b71,single-session-assistant,cards_hand,1.0,1.0,1.0,1.0
7a8d0b71,single-session-assistant,pos_hand,1.0,1.0,1.0,1.0
7a8d0b71,single-session-assistant,cards_m11,1.0,1.0,1.0,1.0
7a8d0b71,single-session-assistant,pos_m11,1.0,1.0,1.0,1.0
7a8d0b71,single-session-assistant,cards_m13,1.0,1.0,1.0,1.0
7a8d0b71,single-session-assistant,pos_m13,1.0,1.0,1.0,1.0
7a8d0b71,single-session-assistant,cards_m17,1.0,1.0,1.0,1.0
7a8d0b71,single-session-assistant,pos_m17,1.0,1.0,1.0,1.0
7a8d0b71,single-session-assistant,bm25_turn,1.0,1.0,1.0,1.0
7a8d0b71,single-session-assistant,bm25_cards_hand,1.0,1.0,1.0,1.0
7a8d0b71,single-session-assistant,rrf_turn,1.0,1.0,1.0,1.0
7a8d0b71,single-session-assistant,rrf_sentence,1.0,1.0,1.0,1.0
7a8d0b71,single-session-assistant,rrf_cards_hand,1.0,1.0,1.0,1.0
7a8d0b71,single-session-assistant,rrf_cards_m11,1.0,1.0,1.0,1.0
7a8d0b71,single-session-assistant,rrf_cards_m13,1.0,1.0,1.0,1.0
7a8d0b71,single-session-assistant,rrf_cards_m17,1.0,1.0,1.0,1.0
7a8d0b71,single-session-assistant,rrf_turn_route,1.0,1.0,1.0,1.0
7a8d0b71,single-session-assistant,dense_session_mean,,,,1.0
7a8d0b71,single-session-assistant,bm25_session,,,,1.0
a40e080f,single-session-assistant,turn,1.0,1.0,0.38685280723454163,1.0
a40e080f,single-session-assistant,sentence,1.0,1.0,0.5,1.0
a40e080f,single-session-assistant,cards_hand,1.0,1.0,0.43067655807339306,1.0
a40e080f,single-session-assistant,pos_hand,1.0,1.0,0.43067655807339306,1.0
a40e080f,single-session-assistant,cards_m11,1.0,1.0,0.6309297535714575,1.0
a40e080f,single-session-assistant,pos_m11,1.0,1.0,0.6309297535714575,1.0
a40e080f,single-session-assistant,cards_m13,1.0,1.0,0.43067655807339306,1.0
a40e080f,single-session-assistant,pos_m13,1.0,1.0,0.5,1.0
a40e080f,single-session-assistant,cards_m17,1.0,1.0,0.5,1.0
a40e080f,single-session-assistant,pos_m17,1.0,1.0,0.5,1.0
a40e080f,single-session-assistant,bm25_turn,1.0,1.0,1.0,1.0
a40e080f,single-session-assistant,bm25_cards_hand,1.0,1.0,1.0,1.0
a40e080f,single-session-assistant,rrf_turn,1.0,1.0,0.5,1.0
a40e080f,single-session-assistant,rrf_sentence,1.0,1.0,0.6309297535714575,1.0
a40e080f,single-session-assistant,rrf_cards_hand,1.0,1.0,0.6309297535714575,1.0
a40e080f,single-session-assistant,rrf_cards_m11,1.0,1.0,1.0,1.0
a40e080f,single-session-assistant,rrf_cards_m13,1.0,1.0,0.6309297535714575,1.0
a40e080f,single-session-assistant,rrf_cards_m17,1.0,1.0,0.6309297535714575,1.0
a40e080f,single-session-assistant,rrf_turn_route,1.0,1.0,0.5,1.0
a40e080f,single-session-assistant,dense_session_mean,,,,1.0
a40e080f,single-session-assistant,bm25_session,,,,1.0
8b9d4367,single-session-assistant,turn,1.0,1.0,0.6309297535714575,1.0
8b9d4367,single-session-assistant,sentence,1.0,1.0,0.6309297535714575,1.0
8b9d4367,single-session-assistant,cards_hand,1.0,1.0,1.0,1.0
8b9d4367,single-session-assistant,pos_hand,1.0,1.0,1.0,1.0
8b9d4367,single-session-assistant,cards_m11,1.0,1.0,1.0,1.0
8b9d4367,single-session-assistant,pos_m11,1.0,1.0,1.0,1.0
8b9d4367,single-session-assistant,cards_m13,1.0,1.0,1.0,1.0
8b9d4367,single-session-assistant,pos_m13,1.0,1.0,1.0,1.0
8b9d4367,single-session-assistant,cards_m17,1.0,1.0,0.6309297535714575,1.0
8b9d4367,single-session-assistant,pos_m17,1.0,1.0,0.6309297535714575,1.0
8b9d4367,single-session-assistant,bm25_turn,1.0,1.0,1.0,1.0
8b9d4367,single-session-assistant,bm25_cards_hand,1.0,1.0,1.0,1.0
8b9d4367,single-session-assistant,rrf_turn,1.0,1.0,1.0,1.0
8b9d4367,single-session-assistant,rrf_sentence,1.0,1.0,1.0,1.0
8b9d4367,single-session-assistant,rrf_cards_hand,1.0,1.0,1.0,1.0
8b9d4367,single-session-assistant,rrf_cards_m11,1.0,1.0,1.0,1.0
8b9d4367,single-session-assistant,rrf_cards_m13,1.0,1.0,1.0,1.0
8b9d4367,single-session-assistant,rrf_cards_m17,1.0,1.0,1.0,1.0
8b9d4367,single-session-assistant,rrf_turn_route,1.0,1.0,1.0,1.0
8b9d4367,single-session-assistant,dense_session_mean,,,,1.0
8b9d4367,single-session-assistant,bm25_session,,,,1.0
5809eb10,single-session-assistant,turn,1.0,1.0,1.0,1.0
5809eb10,single-session-assistant,sentence,1.0,1.0,1.0,1.0
5809eb10,single-session-assistant,cards_hand,0.0,1.0,0.3562071871080222,1.0
5809eb10,single-session-assistant,pos_hand,1.0,1.0,0.38685280723454163,1.0
5809eb10,single-session-assistant,cards_m11,1.0,1.0,0.38685280723454163,1.0
5809eb10,single-session-assistant,pos_m11,1.0,1.0,1.0,1.0
5809eb10,single-session-assistant,cards_m13,0.0,1.0,0.3562071871080222,1.0
5809eb10,single-session-assistant,pos_m13,1.0,1.0,0.38685280723454163,1.0
5809eb10,single-session-assistant,cards_m17,1.0,1.0,0.38685280723454163,1.0
5809eb10,single-session-assistant,pos_m17,1.0,1.0,1.0,1.0
5809eb10,single-session-assistant,bm25_turn,1.0,1.0,1.0,1.0
5809eb10,single-session-assistant,bm25_cards_hand,0.0,1.0,0.3562071871080222,1.0
5809eb10,single-session-assistant,rrf_turn,1.0,1.0,1.0,1.0
5809eb10,single-session-assistant,rrf_sentence,1.0,1.0,1.0,1.0
5809eb10,single-session-assistant,rrf_cards_hand,0.0,1.0,0.31546487678572877,1.0
5809eb10,single-session-assistant,rrf_cards_m11,1.0,1.0,0.6309297535714575,1.0
5809eb10,single-session-assistant,rrf_cards_m13,1.0,1.0,1.0,1.0
5809eb10,single-session-assistant,rrf_cards_m17,1.0,1.0,0.6309297535714575,1.0
5809eb10,single-session-assistant,rrf_turn_route,1.0,1.0,1.0,1.0
5809eb10,single-session-assistant,dense_session_mean,,,,1.0
5809eb10,single-session-assistant,bm25_session,,,,1.0
41275add,single-session-assistant,turn,1.0,1.0,1.0,1.0
41275add,single-session-assistant,sentence,1.0,1.0,1.0,1.0
41275add,single-session-assistant,cards_hand,1.0,1.0,1.0,1.0
41275add,single-session-assistant,pos_hand,1.0,1.0,1.0,1.0
41275add,single-session-assistant,cards_m11,1.0,1.0,1.0,1.0
41275add,single-session-assistant,pos_m11,1.0,1.0,1.0,1.0
41275add,single-session-assistant,cards_m13,1.0,1.0,1.0,1.0
41275add,single-session-assistant,pos_m13,1.0,1.0,1.0,1.0
41275add,single-session-assistant,cards_m17,1.0,1.0,1.0,1.0
41275add,single-session-assistant,pos_m17,1.0,1.0,1.0,1.0
41275add,single-session-assistant,bm25_turn,1.0,1.0,1.0,1.0
41275add,single-session-assistant,bm25_cards_hand,1.0,1.0,1.0,1.0
41275add,single-session-assistant,rrf_turn,1.0,1.0,1.0,1.0
41275add,single-session-assistant,rrf_sentence,1.0,1.0,1.0,1.0
41275add,single-session-assistant,rrf_cards_hand,1.0,1.0,1.0,1.0
41275add,single-session-assistant,rrf_cards_m11,1.0,1.0,1.0,1.0
41275add,single-session-assistant,rrf_cards_m13,1.0,1.0,1.0,1.0
41275add,single-session-assistant,rrf_cards_m17,1.0,1.0,1.0,1.0
41275add,single-session-assistant,rrf_turn_route,1.0,1.0,1.0,1.0
41275add,single-session-assistant,dense_session_mean,,,,1.0
41275add,single-session-assistant,bm25_session,,,,1.0
4388e9dd,single-session-assistant,turn,1.0,1.0,1.0,1.0
4388e9dd,single-session-assistant,sentence,1.0,1.0,0.6309297535714575,1.0
4388e9dd,single-session-assistant,cards_hand,1.0,1.0,0.43067655807339306,1.0
4388e9dd,single-session-assistant,pos_hand,1.0,1.0,0.6309297535714575,1.0
4388e9dd,single-session-assistant,cards_m11,1.0,1.0,0.38685280723454163,1.0
4388e9dd,single-session-assistant,pos_m11,1.0,1.0,0.6309297535714575,1.0
4388e9dd,single-session-assistant,cards_m13,1.0,1.0,0.38685280723454163,1.0
4388e9dd,single-session-assistant,pos_m13,1.0,1.0,0.43067655807339306,1.0
4388e9dd,single-session-assistant,cards_m17,1.0,1.0,0.6309297535714575,1.0
4388e9dd,single-session-assistant,pos_m17,1.0,1.0,0.43067655807339306,1.0
4388e9dd,single-session-assistant,bm25_turn,1.0,1.0,1.0,1.0
4388e9dd,single-session-assistant,bm25_cards_hand,1.0,1.0,1.0,1.0
4388e9dd,single-session-assistant,rrf_turn,1.0,1.0,1.0,1.0
4388e9dd,single-session-assistant,rrf_sentence,1.0,1.0,1.0,1.0
4388e9dd,single-session-assistant,rrf_cards_hand,1.0,1.0,0.6309297535714575,1.0
4388e9dd,single-session-assistant,rrf_cards_m11,1.0,1.0,0.5,1.0
4388e9dd,single-session-assistant,rrf_cards_m13,1.0,1.0,0.5,1.0
4388e9dd,single-session-assistant,rrf_cards_m17,1.0,1.0,1.0,1.0
4388e9dd,single-session-assistant,rrf_turn_route,1.0,1.0,1.0,1.0
4388e9dd,single-session-assistant,dense_session_mean,,,,1.0
4388e9dd,single-session-assistant,bm25_session,,,,1.0
4baee567,single-session-assistant,turn,1.0,1.0,0.5,1.0
4baee567,single-session-assistant,sentence,1.0,1.0,0.43067655807339306,1.0
4baee567,single-session-assistant,cards_hand,1.0,1.0,0.43067655807339306,1.0
4baee567,single-session-assistant,pos_hand,1.0,1.0,0.43067655807339306,1.0
4baee567,single-session-assistant,cards_m11,1.0,1.0,0.43067655807339306,1.0
4baee567,single-session-assistant,pos_m11,1.0,1.0,0.43067655807339306,1.0
4baee567,single-session-assistant,cards_m13,1.0,1.0,0.43067655807339306,1.0
4baee567,single-session-assistant,pos_m13,1.0,1.0,0.43067655807339306,1.0
4baee567,single-session-assistant,cards_m17,1.0,1.0,0.43067655807339306,1.0
4baee567,single-session-assistant,pos_m17,1.0,1.0,0.43067655807339306,1.0
4baee567,single-session-assistant,bm25_turn,1.0,1.0,1.0,1.0
4baee567,single-session-assistant,bm25_cards_hand,1.0,1.0,0.5,1.0
4baee567,single-session-assistant,rrf_turn,1.0,1.0,1.0,1.0
4baee567,single-session-assistant,rrf_sentence,1.0,1.0,0.5,1.0
4baee567,single-session-assistant,rrf_cards_hand,1.0,1.0,0.5,1.0
4baee567,single-session-assistant,rrf_cards_m11,1.0,1.0,0.5,1.0
4baee567,single-session-assistant,rrf_cards_m13,1.0,1.0,0.5,1.0
4baee567,single-session-assistant,rrf_cards_m17,1.0,1.0,0.5,1.0
4baee567,single-session-assistant,rrf_turn_route,0.0,0.0,0.0,1.0
4baee567,single-session-assistant,dense_session_mean,,,,1.0
4baee567,single-session-assistant,bm25_session,,,,1.0
561fabcd,single-session-assistant,turn,1.0,1.0,0.38685280723454163,1.0
561fabcd,single-session-assistant,sentence,0.0,0.0,0.0,1.0
561fabcd,single-session-assistant,cards_hand,0.0,0.0,0.0,1.0
561fabcd,single-session-assistant,pos_hand,0.0,0.0,0.0,1.0
561fabcd,single-session-assistant,cards_m11,0.0,0.0,0.0,1.0
561fabcd,single-session-assistant,pos_m11,0.0,0.0,0.0,1.0
561fabcd,single-session-assistant,cards_m13,0.0,1.0,0.2890648263178879,1.0
561fabcd,single-session-assistant,pos_m13,0.0,0.0,0.0,1.0
561fabcd,single-session-assistant,cards_m17,0.0,1.0,0.3010299956639812,1.0
561fabcd,single-session-assistant,pos_m17,0.0,1.0,0.3010299956639812,1.0
561fabcd,single-session-assistant,bm25_turn,0.0,0.0,0.0,1.0
561fabcd,single-session-assistant,bm25_cards_hand,0.0,0.0,0.0,1.0
561fabcd,single-session-assistant,rrf_turn,0.0,0.0,0.0,1.0
561fabcd,single-session-assistant,rrf_sentence,0.0,0.0,0.0,1.0
561fabcd,single-session-assistant,rrf_cards_hand,0.0,0.0,0.0,1.0
561fabcd,single-session-assistant,rrf_cards_m11,0.0,0.0,0.0,1.0
561fabcd,single-session-assistant,rrf_cards_m13,0.0,0.0,0.0,1.0
561fabcd,single-session-assistant,rrf_cards_m17,0.0,0.0,0.0,1.0
561fabcd,single-session-assistant,rrf_turn_route,0.0,0.0,0.0,1.0
561fabcd,single-session-assistant,dense_session_mean,,,,1.0
561fabcd,single-session-assistant,bm25_session,,,,1.0
b759caee,single-session-assistant,turn,1.0,1.0,1.0,1.0
b759caee,single-session-assistant,sentence,1.0,1.0,1.0,1.0
b759caee,single-session-assistant,cards_hand,1.0,1.0,1.0,1.0
b759caee,single-session-assistant,pos_hand,1.0,1.0,1.0,1.0
b759caee,single-session-assistant,cards_m11,1.0,1.0,1.0,1.0
b759caee,single-session-assistant,pos_m11,1.0,1.0,1.0,1.0
b759caee,single-session-assistant,cards_m13,1.0,1.0,1.0,1.0
b759caee,single-session-assistant,pos_m13,1.0,1.0,1.0,1.0
b759caee,single-session-assistant,cards_m17,1.0,1.0,1.0,1.0
b759caee,single-session-assistant,pos_m17,1.0,1.0,1.0,1.0
b759caee,single-session-assistant,bm25_turn,1.0,1.0,1.0,1.0
b759caee,single-session-assistant,bm25_cards_hand,1.0,1.0,1.0,1.0
b759caee,single-session-assistant,rrf_turn,1.0,1.0,1.0,1.0
b759caee,single-session-assistant,rrf_sentence,1.0,1.0,1.0,1.0
b759caee,single-session-assistant,rrf_cards_hand,1.0,1.0,1.0,1.0
b759caee,single-session-assistant,rrf_cards_m11,1.0,1.0,1.0,1.0
b759caee,single-session-assistant,rrf_cards_m13,1.0,1.0,1.0,1.0
b759caee,single-session-assistant,rrf_cards_m17,1.0,1.0,1.0,1.0
b759caee,single-session-assistant,rrf_turn_route,1.0,1.0,1.0,1.0
b759caee,single-session-assistant,dense_session_mean,,,,1.0
b759caee,single-session-assistant,bm25_session,,,,1.0
ac031881,single-session-assistant,turn,1.0,1.0,1.0,1.0
ac031881,single-session-assistant,sentence,1.0,1.0,1.0,1.0
ac031881,single-session-assistant,cards_hand,1.0,1.0,1.0,1.0
ac031881,single-session-assistant,pos_hand,1.0,1.0,1.0,1.0
ac031881,single-session-assistant,cards_m11,1.0,1.0,1.0,1.0
ac031881,single-session-assistant,pos_m11,1.0,1.0,1.0,1.0
ac031881,single-session-assistant,cards_m13,1.0,1.0,1.0,1.0
ac031881,single-session-assistant,pos_m13,1.0,1.0,1.0,1.0
ac031881,single-session-assistant,cards_m17,1.0,1.0,1.0,1.0
ac031881,single-session-assistant,pos_m17,1.0,1.0,1.0,1.0
ac031881,single-session-assistant,bm25_turn,1.0,1.0,0.6309297535714575,1.0
ac031881,single-session-assistant,bm25_cards_hand,1.0,1.0,0.6309297535714575,1.0
ac031881,single-session-assistant,rrf_turn,1.0,1.0,0.6309297535714575,1.0
ac031881,single-session-assistant,rrf_sentence,1.0,1.0,0.6309297535714575,1.0
ac031881,single-session-assistant,rrf_cards_hand,1.0,1.0,0.6309297535714575,1.0
ac031881,single-session-assistant,rrf_cards_m11,1.0,1.0,0.6309297535714575,1.0
ac031881,single-session-assistant,rrf_cards_m13,1.0,1.0,0.6309297535714575,1.0
ac031881,single-session-assistant,rrf_cards_m17,1.0,1.0,0.6309297535714575,1.0
ac031881,single-session-assistant,rrf_turn_route,0.0,0.0,0.0,1.0
ac031881,single-session-assistant,dense_session_mean,,,,1.0
ac031881,single-session-assistant,bm25_session,,,,1.0
28bcfaac,single-session-assistant,turn,1.0,1.0,0.6309297535714575,1.0
28bcfaac,single-session-assistant,sentence,1.0,1.0,1.0,1.0
28bcfaac,single-session-assistant,cards_hand,1.0,1.0,1.0,1.0
28bcfaac,single-session-assistant,pos_hand,1.0,1.0,1.0,1.0
28bcfaac,single-session-assistant,cards_m11,1.0,1.0,1.0,1.0
28bcfaac,single-session-assistant,pos_m11,1.0,1.0,1.0,1.0
28bcfaac,single-session-assistant,cards_m13,1.0,1.0,1.0,1.0
28bcfaac,single-session-assistant,pos_m13,1.0,1.0,1.0,1.0
28bcfaac,single-session-assistant,cards_m17,1.0,1.0,1.0,1.0
28bcfaac,single-session-assistant,pos_m17,1.0,1.0,1.0,1.0
28bcfaac,single-session-assistant,bm25_turn,1.0,1.0,1.0,1.0
28bcfaac,single-session-assistant,bm25_cards_hand,1.0,1.0,1.0,1.0
28bcfaac,single-session-assistant,rrf_turn,1.0,1.0,1.0,1.0
28bcfaac,single-session-assistant,rrf_sentence,1.0,1.0,1.0,1.0
28bcfaac,single-session-assistant,rrf_cards_hand,1.0,1.0,1.0,1.0
28bcfaac,single-session-assistant,rrf_cards_m11,1.0,1.0,1.0,1.0
28bcfaac,single-session-assistant,rrf_cards_m13,1.0,1.0,1.0,1.0
28bcfaac,single-session-assistant,rrf_cards_m17,1.0,1.0,1.0,1.0
28bcfaac,single-session-assistant,rrf_turn_route,1.0,1.0,1.0,1.0
28bcfaac,single-session-assistant,dense_session_mean,,,,1.0
28bcfaac,single-session-assistant,bm25_session,,,,1.0
16c90bf4,single-session-assistant,turn,1.0,1.0,1.0,1.0
16c90bf4,single-session-assistant,sentence,1.0,1.0,1.0,1.0
16c90bf4,single-session-assistant,cards_hand,1.0,1.0,1.0,1.0
16c90bf4,single-session-assistant,pos_hand,1.0,1.0,1.0,1.0
16c90bf4,single-session-assistant,cards_m11,1.0,1.0,1.0,1.0
16c90bf4,single-session-assistant,pos_m11,1.0,1.0,1.0,1.0
16c90bf4,single-session-assistant,cards_m13,1.0,1.0,1.0,1.0
16c90bf4,single-session-assistant,pos_m13,1.0,1.0,1.0,1.0
16c90bf4,single-session-assistant,cards_m17,1.0,1.0,1.0,1.0
16c90bf4,single-session-assistant,pos_m17,1.0,1.0,1.0,1.0
16c90bf4,single-session-assistant,bm25_turn,1.0,1.0,1.0,1.0
16c90bf4,single-session-assistant,bm25_cards_hand,1.0,1.0,1.0,1.0
16c90bf4,single-session-assistant,rrf_turn,1.0,1.0,1.0,1.0
16c90bf4,single-session-assistant,rrf_sentence,1.0,1.0,1.0,1.0
16c90bf4,single-session-assistant,rrf_cards_hand,1.0,1.0,1.0,1.0
16c90bf4,single-session-assistant,rrf_cards_m11,1.0,1.0,1.0,1.0
16c90bf4,single-session-assistant,rrf_cards_m13,1.0,1.0,1.0,1.0
16c90bf4,single-session-assistant,rrf_cards_m17,1.0,1.0,1.0,1.0
16c90bf4,single-session-assistant,rrf_turn_route,1.0,1.0,1.0,1.0
16c90bf4,single-session-assistant,dense_session_mean,,,,1.0
16c90bf4,single-session-assistant,bm25_session,,,,1.0
c8f1aeed,single-session-assistant,turn,1.0,1.0,1.0,1.0
c8f1aeed,single-session-assistant,sentence,1.0,1.0,1.0,1.0
c8f1aeed,single-session-assistant,cards_hand,1.0,1.0,1.0,1.0
c8f1aeed,single-session-assistant,pos_hand,1.0,1.0,1.0,1.0
c8f1aeed,single-session-assistant,cards_m11,1.0,1.0,1.0,1.0
c8f1aeed,single-session-assistant,pos_m11,1.0,1.0,1.0,1.0
c8f1aeed,single-session-assistant,cards_m13,1.0,1.0,1.0,1.0
c8f1aeed,single-session-assistant,pos_m13,1.0,1.0,1.0,1.0
c8f1aeed,single-session-assistant,cards_m17,1.0,1.0,1.0,1.0
c8f1aeed,single-session-assistant,pos_m17,1.0,1.0,1.0,1.0
c8f1aeed,single-session-assistant,bm25_turn,1.0,1.0,1.0,1.0
c8f1aeed,single-session-assistant,bm25_cards_hand,1.0,1.0,1.0,1.0
c8f1aeed,single-session-assistant,rrf_turn,1.0,1.0,1.0,1.0
c8f1aeed,single-session-assistant,rrf_sentence,1.0,1.0,1.0,1.0
c8f1aeed,single-session-assistant,rrf_cards_hand,1.0,1.0,1.0,1.0
c8f1aeed,single-session-assistant,rrf_cards_m11,1.0,1.0,1.0,1.0
c8f1aeed,single-session-assistant,rrf_cards_m13,1.0,1.0,1.0,1.0
c8f1aeed,single-session-assistant,rrf_cards_m17,1.0,1.0,1.0,1.0
c8f1aeed,single-session-assistant,rrf_turn_route,1.0,1.0,1.0,1.0
c8f1aeed,single-session-assistant,dense_session_mean,,,,1.0
c8f1aeed,single-session-assistant,bm25_session,,,,1.0
eaca4986,single-session-assistant,turn,1.0,1.0,0.43067655807339306,1.0
eaca4986,single-session-assistant,sentence,0.0,1.0,0.2890648263178879,1.0
eaca4986,single-session-assistant,cards_hand,0.0,1.0,0.2890648263178879,1.0
eaca4986,single-session-assistant,pos_hand,0.0,1.0,0.2890648263178879,1.0
eaca4986,single-session-assistant,cards_m11,0.0,1.0,0.2890648263178879,1.0
eaca4986,single-session-assistant,pos_m11,0.0,1.0,0.2890648263178879,1.0
eaca4986,single-session-assistant,cards_m13,0.0,1.0,0.2890648263178879,1.0
eaca4986,single-session-assistant,pos_m13,0.0,1.0,0.2890648263178879,1.0
eaca4986,single-session-assistant,cards_m17,0.0,1.0,0.2890648263178879,1.0
eaca4986,single-session-assistant,pos_m17,0.0,1.0,0.2890648263178879,1.0
eaca4986,single-session-assistant,bm25_turn,1.0,1.0,0.6309297535714575,1.0
eaca4986,single-session-assistant,bm25_cards_hand,0.0,0.0,0.0,1.0
eaca4986,single-session-assistant,rrf_turn,1.0,1.0,0.6309297535714575,1.0
eaca4986,single-session-assistant,rrf_sentence,1.0,1.0,0.5,1.0
eaca4986,single-session-assistant,rrf_cards_hand,1.0,1.0,0.38685280723454163,1.0
eaca4986,single-session-assistant,rrf_cards_m11,1.0,1.0,0.5,1.0
eaca4986,single-session-assistant,rrf_cards_m13,1.0,1.0,0.5,1.0
eaca4986,single-session-assistant,rrf_cards_m17,1.0,1.0,0.5,1.0
eaca4986,single-session-assistant,rrf_turn_route,1.0,1.0,0.6309297535714575,1.0
eaca4986,single-session-assistant,dense_session_mean,,,,1.0
eaca4986,single-session-assistant,bm25_session,,,,1.0
c7cf7dfd,single-session-assistant,turn,1.0,1.0,1.0,1.0
c7cf7dfd,single-session-assistant,sentence,0.0,1.0,0.3562071871080222,1.0
c7cf7dfd,single-session-assistant,cards_hand,0.0,1.0,0.3562071871080222,1.0
c7cf7dfd,single-session-assistant,pos_hand,0.0,1.0,0.3562071871080222,1.0
c7cf7dfd,single-session-assistant,cards_m11,0.0,1.0,0.3562071871080222,1.0
c7cf7dfd,single-session-assistant,pos_m11,0.0,1.0,0.3562071871080222,1.0
c7cf7dfd,single-session-assistant,cards_m13,0.0,1.0,0.3562071871080222,1.0
c7cf7dfd,single-session-assistant,pos_m13,0.0,1.0,0.3562071871080222,1.0
c7cf7dfd,single-session-assistant,cards_m17,0.0,1.0,0.3562071871080222,1.0
c7cf7dfd,single-session-assistant,pos_m17,0.0,1.0,0.3562071871080222,1.0
c7cf7dfd,single-session-assistant,bm25_turn,1.0,1.0,1.0,1.0
c7cf7dfd,single-session-assistant,bm25_cards_hand,1.0,1.0,1.0,1.0
c7cf7dfd,single-session-assistant,rrf_turn,1.0,1.0,1.0,1.0
c7cf7dfd,single-session-assistant,rrf_sentence,1.0,1.0,0.5,1.0
c7cf7dfd,single-session-assistant,rrf_cards_hand,1.0,1.0,0.6309297535714575,1.0
c7cf7dfd,single-session-assistant,rrf_cards_m11,1.0,1.0,0.5,1.0
c7cf7dfd,single-session-assistant,rrf_cards_m13,1.0,1.0,0.5,1.0
c7cf7dfd,single-session-assistant,rrf_cards_m17,1.0,1.0,0.5,1.0
c7cf7dfd,single-session-assistant,rrf_turn_route,1.0,1.0,1.0,1.0
c7cf7dfd,single-session-assistant,dense_session_mean,,,,1.0
c7cf7dfd,single-session-assistant,bm25_session,,,,1.0
e48988bc,single-session-assistant,turn,0.0,1.0,0.3333333333333333,1.0
e48988bc,single-session-assistant,sentence,0.0,1.0,0.2890648263178879,1.0
e48988bc,single-session-assistant,cards_hand,0.0,1.0,0.2890648263178879,1.0
e48988bc,single-session-assistant,pos_hand,0.0,1.0,0.2890648263178879,1.0
e48988bc,single-session-assistant,cards_m11,0.0,1.0,0.2890648263178879,1.0
e48988bc,single-session-assistant,pos_m11,0.0,1.0,0.2890648263178879,1.0
e48988bc,single-session-assistant,cards_m13,0.0,1.0,0.2890648263178879,1.0
e48988bc,single-session-assistant,pos_m13,0.0,1.0,0.2890648263178879,1.0
e48988bc,single-session-assistant,cards_m17,0.0,1.0,0.2890648263178879,1.0
e48988bc,single-session-assistant,pos_m17,0.0,1.0,0.2890648263178879,1.0
e48988bc,single-session-assistant,bm25_turn,1.0,1.0,0.5,1.0
e48988bc,single-session-assistant,bm25_cards_hand,1.0,1.0,0.5,1.0
e48988bc,single-session-assistant,rrf_turn,1.0,1.0,0.43067655807339306,1.0
e48988bc,single-session-assistant,rrf_sentence,1.0,1.0,0.38685280723454163,1.0
e48988bc,single-session-assistant,rrf_cards_hand,1.0,1.0,0.38685280723454163,1.0
e48988bc,single-session-assistant,rrf_cards_m11,1.0,1.0,0.38685280723454163,1.0
e48988bc,single-session-assistant,rrf_cards_m13,1.0,1.0,0.38685280723454163,1.0
e48988bc,single-session-assistant,rrf_cards_m17,1.0,1.0,0.38685280723454163,1.0
e48988bc,single-session-assistant,rrf_turn_route,1.0,1.0,0.43067655807339306,1.0
e48988bc,single-session-assistant,dense_session_mean,,,,1.0
e48988bc,single-session-assistant,bm25_session,,,,1.0
1de5cff2,single-session-assistant,turn,1.0,1.0,1.0,1.0
1de5cff2,single-session-assistant,sentence,1.0,1.0,1.0,1.0
1de5cff2,single-session-assistant,cards_hand,1.0,1.0,1.0,1.0
1de5cff2,single-session-assistant,pos_hand,1.0,1.0,1.0,1.0
1de5cff2,single-session-assistant,cards_m11,1.0,1.0,1.0,1.0
1de5cff2,single-session-assistant,pos_m11,1.0,1.0,1.0,1.0
1de5cff2,single-session-assistant,cards_m13,1.0,1.0,1.0,1.0
1de5cff2,single-session-assistant,pos_m13,1.0,1.0,1.0,1.0
1de5cff2,single-session-assistant,cards_m17,1.0,1.0,1.0,1.0
1de5cff2,single-session-assistant,pos_m17,1.0,1.0,1.0,1.0
1de5cff2,single-session-assistant,bm25_turn,1.0,1.0,1.0,1.0
1de5cff2,single-session-assistant,bm25_cards_hand,1.0,1.0,1.0,1.0
1de5cff2,single-session-assistant,rrf_turn,1.0,1.0,1.0,1.0
1de5cff2,single-session-assistant,rrf_sentence,1.0,1.0,1.0,1.0
1de5cff2,single-session-assistant,rrf_cards_hand,1.0,1.0,1.0,1.0
1de5cff2,single-session-assistant,rrf_cards_m11,1.0,1.0,1.0,1.0
1de5cff2,single-session-assistant,rrf_cards_m13,1.0,1.0,1.0,1.0
1de5cff2,single-session-assistant,rrf_cards_m17,1.0,1.0,1.0,1.0
1de5cff2,single-session-assistant,rrf_turn_route,1.0,1.0,1.0,1.0
1de5cff2,single-session-assistant,dense_session_mean,,,,1.0
1de5cff2,single-session-assistant,bm25_session,,,,1.0
65240037,single-session-assistant,turn,0.0,1.0,0.3333333333333333,1.0
65240037,single-session-assistant,sentence,1.0,1.0,0.6309297535714575,1.0
65240037,single-session-assistant,cards_hand,1.0,1.0,0.6309297535714575,1.0
65240037,single-session-assistant,pos_hand,1.0,1.0,0.6309297535714575,1.0
65240037,single-session-assistant,cards_m11,1.0,1.0,0.6309297535714575,1.0
65240037,single-session-assistant,pos_m11,1.0,1.0,0.6309297535714575,1.0
65240037,single-session-assistant,cards_m13,1.0,1.0,0.6309297535714575,1.0
65240037,single-session-assistant,pos_m13,1.0,1.0,0.6309297535714575,1.0
65240037,single-session-assistant,cards_m17,1.0,1.0,0.6309297535714575,1.0
65240037,single-session-assistant,pos_m17,1.0,1.0,0.6309297535714575,1.0
65240037,single-session-assistant,bm25_turn,0.0,1.0,0.3562071871080222,1.0
65240037,single-session-assistant,bm25_cards_hand,1.0,1.0,0.6309297535714575,1.0
65240037,single-session-assistant,rrf_turn,0.0,1.0,0.3562071871080222,1.0
65240037,single-session-assistant,rrf_sentence,1.0,1.0,0.43067655807339306,1.0
65240037,single-session-assistant,rrf_cards_hand,1.0,1.0,1.0,1.0
65240037,single-session-assistant,rrf_cards_m11,1.0,1.0,0.43067655807339306,1.0
65240037,single-session-assistant,rrf_cards_m13,1.0,1.0,0.43067655807339306,1.0
65240037,single-session-assistant,rrf_cards_m17,1.0,1.0,0.43067655807339306,1.0
65240037,single-session-assistant,rrf_turn_route,0.0,1.0,0.3562071871080222,1.0
65240037,single-session-assistant,dense_session_mean,,,,1.0
65240037,single-session-assistant,bm25_session,,,,1.0
778164c6,single-session-assistant,turn,1.0,1.0,0.6309297535714575,1.0
778164c6,single-session-assistant,sentence,1.0,1.0,0.6309297535714575,1.0
778164c6,single-session-assistant,cards_hand,1.0,1.0,1.0,1.0
778164c6,single-session-assistant,pos_hand,1.0,1.0,1.0,1.0
778164c6,single-session-assistant,cards_m11,1.0,1.0,0.6309297535714575,1.0
778164c6,single-session-assistant,pos_m11,1.0,1.0,0.6309297535714575,1.0
778164c6,single-session-assistant,cards_m13,1.0,1.0,1.0,1.0
778164c6,single-session-assistant,pos_m13,1.0,1.0,1.0,1.0
778164c6,single-session-assistant,cards_m17,1.0,1.0,0.6309297535714575,1.0
778164c6,single-session-assistant,pos_m17,1.0,1.0,0.6309297535714575,1.0
778164c6,single-session-assistant,bm25_turn,1.0,1.0,1.0,1.0
778164c6,single-session-assistant,bm25_cards_hand,1.0,1.0,0.38685280723454163,1.0
778164c6,single-session-assistant,rrf_turn,1.0,1.0,1.0,1.0
778164c6,single-session-assistant,rrf_sentence,1.0,1.0,1.0,1.0
778164c6,single-session-assistant,rrf_cards_hand,1.0,1.0,0.5,1.0
778164c6,single-session-assistant,rrf_cards_m11,1.0,1.0,1.0,1.0
778164c6,single-session-assistant,rrf_cards_m13,1.0,1.0,1.0,1.0
778164c6,single-session-assistant,rrf_cards_m17,1.0,1.0,1.0,1.0
778164c6,single-session-assistant,rrf_turn_route,1.0,1.0,1.0,1.0
778164c6,single-session-assistant,dense_session_mean,,,,1.0
778164c6,single-session-assistant,bm25_session,,,,1.0
