query_id,n_relevant,bm25_ndcg10,bm25_recall10,bm25_recall2,bm25_success10,dense-pooled_ndcg10,dense-pooled_recall10,dense-pooled_recall2,dense-pooled_success10,dense-chunk_ndcg10,dense-chunk_recall10,dense-chunk_recall2,dense-chunk_success10,dense-multicard_ndcg10,dense-multicard_recall10,dense-multicard_recall2,dense-multicard_success10,hybrid-rrf_ndcg10,hybrid-rrf_recall10,hybrid-rrf_recall2,hybrid-rrf_success10
query_0,2,1.0,1.0,1.0,1.0,0.613147,0.5,0.5,1.0,0.543771,1.0,0.0,1.0,1.0,1.0,1.0,1.0,1.0,1.0,1.0,1.0
query_1,2,1.0,1.0,1.0,1.0,0.0,0.0,0.0,0.0,0.237198,0.5,0.0,1.0,1.0,1.0,1.0,1.0,1.0,1.0,1.0,1.0
query_2,2,1.0,1.0,1.0,1.0,0.613147,0.5,0.5,1.0,0.831555,1.0,0.5,1.0,1.0,1.0,1.0,1.0,1.0,1.0,1.0,1.0
query_3,2,1.0,1.0,1.0,1.0,0.491149,1.0,0.0,1.0,0.306574,0.5,0.0,1.0,1.0,1.0,1.0,1.0,1.0,1.0,1.0,1.0
query_4,2,1.0,1.0,1.0,1.0,0.204382,0.5,0.0,1.0,0.177239,0.5,0.0,1.0,1.0,1.0,1.0,1.0,1.0,1.0,1.0,1.0
query_5,2,1.0,1.0,1.0,1.0,0.193426,0.5,0.0,1.0,1.0,1.0,1.0,1.0,1.0,1.0,1.0,1.0,1.0,1.0,1.0,1.0
query_6,2,1.0,1.0,1.0,1.0,0.0,0.0,0.0,0.0,0.306574,0.5,0.0,1.0,1.0,1.0,1.0,1.0,1.0,1.0,1.0,1.0
query_7,2,1.0,1.0,1.0,1.0,0.0,0.0,0.0,0.0,0.0,0.0,0.0,0.0,1.0,1.0,1.0,1.0,1.0,1.0,1.0,1.0
query_8,2,1.0,1.0,1.0,1.0,0.613147,0.5,0.5,1.0,0.613147,0.5,0.5,1.0,1.0,1.0,1.0,1.0,1.0,1.0,1.0,1.0
query_9,2,1.0,1.0,1.0,1.0,0.0,0.0,0.0,0.0,0.0,0.0,0.0,0.0,1.0,1.0,1.0,1.0,1.0,1.0,1.0,1.0
query_10,2,1.0,1.0,1.0,1.0,0.386853,0.5,0.5,1.0,0.306574,0.5,0.0,1.0,1.0,1.0,1.0,1.0,1.0,1.0,1.0,1.0
query_11,2,1.0,1.0,1.0,1.0,0.0,0.0,0.0,0.0,0.0,0.0,0.0,0.0,1.0,1.0,1.0,1.0,1.0,1.0,1.0,1.0
query_12,2,1.0,1.0,1.0,1.0,0.0,0.0,0.0,0.0,0.0,0.0,0.0,0.0,1.0,1.0,1.0,1.0,1.0,1.0,1.0,1.0
query_13,2,1.0,1.0,1.0,1.0,0.0,0.0,0.0,0.0,0.624051,1.0,0.5,1.0,1.0,1.0,1.0,1.0,1.0,1.0,1.0,1.0
query_14,2,1.0,1.0,1.0,1.0,0.386853,0.5,0.5,1.0,0.831555,1.0,0.5,1.0,0.613147,0.5,0.5,1.0,0.81753,1.0,0.5,1.0
query_15,2,1.0,1.0,1.0,1.0,0.0,0.0,0.0,0.0,0.0,0.0,0.0,0.0,1.0,1.0,1.0,1.0,1.0,1.0,1.0,1.0
query_16,2,1.0,1.0,1.0,1.0,0.193426,0.5,0.0,1.0,0.613147,0.5,0.5,1.0,1.0,1.0,1.0,1.0,1.0,1.0,1.0,1.0
query_17,2,1.0,1.0,1.0,1.0,0.877215,1.0,0.5,1.0,0.919721,1.0,0.5,1.0,1.0,1.0,1.0,1.0,1.0,1.0,1.0,1.0
query_18,2,1.0,1.0,1.0,1.0,0.0,0.0,0.0,0.0,0.0,0.0,0.0,0.0,0.919721,1.0,0.5,1.0,1.0,1.0,1.0,1.0
query_19,2,1.0,1.0,1.0,1.0,0.0,0.0,0.0,0.0,0.0,0.0,0.0,0.0,1.0,1.0,1.0,1.0,1.0,1.0,1.0,1.0
query_20,2,1.0,1.0,1.0,1.0,0.386853,0.5,0.5,1.0,0.613147,0.5,0.5,1.0,1.0,1.0,1.0,1.0,1.0,1.0,1.0,1.0
query_21,2,1.0,1.0,1.0,1.0,0.877215,1.0,0.5,1.0,0.693426,1.0,0.5,1.0,1.0,1.0,1.0,1.0,1.0,1.0,1.0,1.0
query_22,2,1.0,1.0,1.0,1.0,0.0,0.0,0.0,0.0,0.0,0.0,0.0,0.0,1.0,1.0,1.0,1.0,1.0,1.0,1.0,1.0
query_23,2,1.0,1.0,1.0,1.0,0.613147,0.5,0.5,1.0,0.501266,1.0,0.0,1.0,1.0,1.0,1.0,1.0,1.0,1.0,1.0,1.0
query_24,2,1.0,1.0,1.0,1.0,0.306574,0.5,0.0,1.0,0.0,0.0,0.0,0.0,1.0,1.0,1.0,1.0,1.0,1.0,1.0,1.0
query_25,2,1.0,1.0,1.0,1.0,0.0,0.0,0.0,0.0,0.177239,0.5,0.0,1.0,0.919721,1.0,0.5,1.0,1.0,1.0,1.0,1.0
query_26,2,1.0,1.0,1.0,1.0,0.218407,0.5,0.0,1.0,0.204382,0.5,0.0,1.0,1.0,1.0,1.0,1.0,1.0,1.0,1.0,1.0
query_27,2,1.0,1.0,1.0,1.0,0.184576,0.5,0.0,1.0,0.613147,0.5,0.5,1.0,1.0,1.0,1.0,1.0,1.0,1.0,1.0,1.0
query_28,2,1.0,1.0,1.0,1.0,0.0,0.0,0.0,0.0,0.0,0.0,0.0,0.0,1.0,1.0,1.0,1.0,1.0,1.0,1.0,1.0
query_29,2,1.0,1.0,1.0,1.0,0.264068,0.5,0.0,1.0,0.613147,0.5,0.5,1.0,1.0,1.0,1.0,1.0,1.0,1.0,1.0,1.0
query_30,2,1.0,1.0,1.0,1.0,0.0,0.0,0.0,0.0,0.395647,1.0,0.0,1.0,1.0,1.0,1.0,1.0,1.0,1.0,1.0,1.0
query_31,2,1.0,1.0,1.0,1.0,0.386853,0.5,0.5,1.0,0.204382,0.5,0.0,1.0,1.0,1.0,1.0,1.0,1.0,1.0,1.0,1.0
query_32,2,1.0,1.0,1.0,1.0,0.0,0.0,0.0,0.0,0.0,0.0,0.0,0.0,1.0,1.0,1.0,1.0,1.0,1.0,1.0,1.0
query_33,2,1.0,1.0,1.0,1.0,0.613147,0.5,0.5,1.0,0.386853,0.5,0.5,1.0,1.0,1.0,1.0,1.0,1.0,1.0,1.0,1.0
query_34,2,1.0,1.0,1.0,1.0,0.193426,0.5,0.0,1.0,0.264068,0.5,0.0,1.0,1.0,1.0,1.0,1.0,1.0,1.0,1.0,1.0
query_35,2,1.0,1.0,1.0,1.0,0.0,0.0,0.0,0.0,0.0,0.0,0.0,0.0,0.919721,1.0,0.5,1.0,1.0,1.0,1.0,1.0
query_36,2,1.0,1.0,1.0,1.0,0.193426,0.5,0.0,1.0,0.264068,0.5,0.0,1.0,1.0,1.0,1.0,1.0,1.0,1.0,1.0,1.0
query_37,2,1.0,1.0,1.0,1.0,0.386853,0.5,0.5,1.0,0.613147,0.5,0.5,1.0,1.0,1.0,1.0,1.0,1.0,1.0,1.0,1.0
query_38,2,1.0,1.0,1.0,1.0,0.386853,0.5,0.5,1.0,1.0,1.0,1.0,1.0,1.0,1.0,1.0,1.0,1.0,1.0,1.0,1.0
query_39,2,1.0,1.0,1.0,1.0,0.0,0.0,0.0,0.0,0.306574,0.5,0.0,1.0,1.0,1.0,1.0,1.0,1.0,1.0,1.0,1.0
query_40,2,1.0,1.0,1.0,1.0,0.264068,0.5,0.0,1.0,0.0,0.0,0.0,0.0,1.0,1.0,1.0,1.0,1.0,1.0,1.0,1.0
query_41,2,1.0,1.0,1.0,1.0,0.193426,0.5,0.0,1.0,0.184576,0.5,0.0,1.0,1.0,1.0,1.0,1.0,1.0,1.0,1.0,1.0
query_42,2,1.0,1.0,1.0,1.0,0.81753,1.0,0.5,1.0,0.81753,1.0,0.5,1.0,1.0,1.0,1.0,1.0,1.0,1.0,1.0,1.0
query_43,2,1.0,1.0,1.0,1.0,0.81753,1.0,0.5,1.0,1.0,1.0,1.0,1.0,1.0,1.0,1.0,1.0,1.0,1.0,1.0,1.0
query_44,2,1.0,1.0,1.0,1.0,0.204382,0.5,0.0,1.0,0.850345,1.0,0.5,1.0,1.0,1.0,1.0,1.0,1.0,1.0,1.0,1.0
query_45,2,1.0,1.0,1.0,1.0,0.264068,0.5,0.0,1.0,0.0,0.0,0.0,0.0,1.0,1.0,1.0,1.0,1.0,1.0,1.0,1.0
query_46,2,1.0,1.0,1.0,1.0,0.441307,1.0,0.0,1.0,0.306574,0.5,0.0,1.0,1.0,1.0,1.0,1.0,1.0,1.0,1.0,1.0
query_47,2,1.0,1.0,1.0,1.0,0.919721,1.0,0.5,1.0,0.510956,1.0,0.0,1.0,1.0,1.0,1.0,1.0,1.0,1.0,1.0,1.0
query_48,2,1.0,1.0,1.0,1.0,0.693426,1.0,0.5,1.0,0.482476,1.0,0.0,1.0,1.0,1.0,1.0,1.0,1.0,1.0,1.0,1.0
query_49,2,1.0,1.0,1.0,1.0,0.193426,0.5,0.0,1.0,0.218407,0.5,0.0,1.0,1.0,1.0,1.0,1.0,1.0,1.0,1.0,1.0
query_50,2,1.0,1.0,1.0,1.0,0.850345,1.0,0.5,1.0,1.0,1.0,1.0,1.0,1.0,1.0,1.0,1.0,1.0,1.0,1.0,1.0
query_51,2,1.0,1.0,1.0,1.0,0.306574,0.5,0.0,1.0,0.264068,0.5,0.0,1.0,1.0,1.0,1.0,1.0,1.0,1.0,1.0,1.0
query_52,2,1.0,1.0,1.0,1.0,0.237198,0.5,0.0,1.0,0.306574,0.5,0.0,1.0,1.0,1.0,1.0,1.0,1.0,1.0,1.0,1.0
query_53,2,1.0,1.0,1.0,1.0,0.378002,1.0,0.0,1.0,0.177239,0.5,0.0,1.0,1.0,1.0,1.0,1.0,1.0,1.0,1.0,1.0
query_54,2,1.0,1.0,1.0,1.0,0.0,0.0,0.0,0.0,0.237198,0.5,0.0,1.0,1.0,1.0,1.0,1.0,1.0,1.0,1.0,1.0
query_55,2,1.0,1.0,1.0,1.0,0.0,0.0,0.0,0.0,0.44158,1.0,0.0,1.0,1.0,1.0,1.0,1.0,1.0,1.0,1.0,1.0
query_56,2,1.0,1.0,1.0,1.0,0.306574,0.5,0.0,1.0,0.306574,0.5,0.0,1.0,1.0,1.0,1.0,1.0,1.0,1.0,1.0,1.0
query_57,2,1.0,1.0,1.0,1.0,0.44158,1.0,0.0,1.0,0.0,0.0,0.0,0.0,1.0,1.0,1.0,1.0,1.0,1.0,1.0,1.0
query_58,2,1.0,1.0,1.0,1.0,0.184576,0.5,0.0,1.0,0.613147,0.5,0.5,1.0,1.0,1.0,1.0,1.0,1.0,1.0,1.0,1.0
query_59,2,1.0,1.0,1.0,1.0,0.570642,1.0,0.0,1.0,0.306574,0.5,0.0,1.0,1.0,1.0,1.0,1.0,1.0,1.0,1.0,1.0
query_60,2,1.0,1.0,1.0,1.0,0.624051,1.0,0.5,1.0,0.693426,1.0,0.5,1.0,1.0,1.0,1.0,1.0,1.0,1.0,1.0,1.0
query_61,2,1.0,1.0,1.0,1.0,0.591235,1.0,0.5,1.0,0.184576,0.5,0.0,1.0,1.0,1.0,1.0,1.0,1.0,1.0,1.0,1.0
query_62,2,1.0,1.0,1.0,1.0,0.0,0.0,0.0,0.0,0.0,0.0,0.0,0.0,1.0,1.0,1.0,1.0,1.0,1.0,1.0,1.0
query_63,2,1.0,1.0,1.0,1.0,0.0,0.0,0.0,0.0,0.177239,0.5,0.0,1.0,1.0,1.0,1.0,1.0,1.0,1.0,1.0,1.0
query_64,2,1.0,1.0,1.0,1.0,0.0,0.0,0.0,0.0,0.218407,0.5,0.0,1.0,1.0,1.0,1.0,1.0,1.0,1.0,1.0,1.0
query_65,2,1.0,1.0,1.0,1.0,0.177239,0.5,0.0,1.0,0.482476,1.0,0.0,1.0,1.0,1.0,1.0,1.0,1.0,1.0,1.0,1.0
query_66,2,1.0,1.0,1.0,1.0,0.0,0.0,0.0,0.0,0.306574,0.5,0.0,1.0,1.0,1.0,1.0,1.0,1.0,1.0,1.0,1.0
query_67,2,1.0,1.0,1.0,1.0,0.264068,0.5,0.0,1.0,0.0,0.0,0.0,0.0,1.0,1.0,1.0,1.0,1.0,1.0,1.0,1.0
query_68,2,1.0,1.0,1.0,1.0,0.264068,0.5,0.0,1.0,0.0,0.0,0.0,0.0,1.0,1.0,1.0,1.0,1.0,1.0,1.0,1.0
query_69,2,1.0,1.0,1.0,1.0,0.613147,0.5,0.5,1.0,0.218407,0.5,0.0,1.0,1.0,1.0,1.0,1.0,1.0,1.0,1.0,1.0
query_70,2,1.0,1.0,1.0,1.0,0.613147,0.5,0.5,1.0,0.193426,0.5,0.0,1.0,1.0,1.0,1.0,1.0,1.0,1.0,1.0,1.0
query_71,2,1.0,1.0,1.0,1.0,0.571429,1.0,0.5,1.0,0.204382,0.5,0.0,1.0,1.0,1.0,1.0,1.0,1.0,1.0,1.0,1.0
query_72,2,1.0,1.0,1.0,1.0,0.386853,0.5,0.5,1.0,0.482476,1.0,0.0,1.0,1.0,1.0,1.0,1.0,1.0,1.0,1.0,1.0
query_73,2,1.0,1.0,1.0,1.0,0.204382,0.5,0.0,1.0,0.204382,0.5,0.0,1.0,0.877215,1.0,0.5,1.0,1.0,1.0,1.0,1.0
query_74,2,1.0,1.0,1.0,1.0,0.204382,0.5,0.0,1.0,0.386853,0.5,0.5,1.0,1.0,1.0,1.0,1.0,1.0,1.0,1.0,1.0
query_75,2,1.0,1.0,1.0,1.0,0.613147,0.5,0.5,1.0,0.613147,0.5,0.5,1.0,1.0,1.0,1.0,1.0,1.0,1.0,1.0,1.0
query_76,2,1.0,1.0,1.0,1.0,0.613147,0.5,0.5,1.0,0.613147,0.5,0.5,1.0,1.0,1.0,1.0,1.0,1.0,1.0,1.0,1.0
query_77,2,1.0,1.0,1.0,1.0,0.237198,0.5,0.0,1.0,0.386853,0.5,0.5,1.0,1.0,1.0,1.0,1.0,1.0,1.0,1.0,1.0
query_78,2,1.0,1.0,1.0,1.0,0.264068,0.5,0.0,1.0,0.218407,0.5,0.0,1.0,1.0,1.0,1.0,1.0,1.0,1.0,1.0,1.0
query_79,2,1.0,1.0,1.0,1.0,0.831555,1.0,0.5,1.0,1.0,1.0,1.0,1.0,1.0,1.0,1.0,1.0,1.0,1.0,1.0,1.0
query_80,2,1.0,1.0,1.0,1.0,0.0,0.0,0.0,0.0,0.613147,0.5,0.5,1.0,1.0,1.0,1.0,1.0,1.0,1.0,1.0,1.0
query_81,2,1.0,1.0,1.0,1.0,0.624051,1.0,0.5,1.0,0.650921,1.0,0.5,1.0,1.0,1.0,1.0,1.0,1.0,1.0,1.0,1.0
query_82,2,1.0,1.0,1.0,1.0,0.395647,1.0,0.0,1.0,0.218407,0.5,0.0,1.0,1.0,1.0,1.0,1.0,1.0,1.0,1.0,1.0
query_83,2,1.0,1.0,1.0,1.0,0.397809,1.0,0.0,1.0,0.386853,0.5,0.5,1.0,1.0,1.0,1.0,1.0,1.0,1.0,1.0,1.0
query_84,2,1.0,1.0,1.0,1.0,0.264068,0.5,0.0,1.0,0.237198,0.5,0.0,1.0,1.0,1.0,1.0,1.0,1.0,1.0,1.0,1.0
query_85,2,1.0,1.0,1.0,1.0,0.806574,1.0,0.5,1.0,1.0,1.0,1.0,1.0,1.0,1.0,1.0,1.0,1.0,1.0,1.0,1.0
query_86,2,1.0,1.0,1.0,1.0,0.790386,1.0,0.5,1.0,0.386853,0.5,0.5,1.0,1.0,1.0,1.0,1.0,1.0,1.0,1.0,1.0
query_87,2,1.0,1.0,1.0,1.0,0.919721,1.0,0.5,1.0,1.0,1.0,1.0,1.0,1.0,1.0,1.0,1.0,1.0,1.0,1.0,1.0
query_88,2,1.0,1.0,1.0,1.0,0.877215,1.0,0.5,1.0,1.0,1.0,1.0,1.0,1.0,1.0,1.0,1.0,1.0,1.0,1.0,1.0
query_89,2,1.0,1.0,1.0,1.0,0.448644,1.0,0.0,1.0,0.831555,1.0,0.5,1.0,1.0,1.0,1.0,1.0,1.0,1.0,1.0,1.0
query_90,2,1.0,1.0,1.0,1.0,0.60526,1.0,0.5,1.0,0.564092,1.0,0.5,1.0,1.0,1.0,1.0,1.0,1.0,1.0,1.0,1.0
query_91,2,1.0,1.0,1.0,1.0,0.613147,0.5,0.5,1.0,0.877215,1.0,0.5,1.0,1.0,1.0,1.0,1.0,1.0,1.0,1.0,1.0
query_92,2,1.0,1.0,1.0,1.0,0.184576,0.5,0.0,1.0,0.0,0.0,0.0,0.0,1.0,1.0,1.0,1.0,1.0,1.0,1.0,1.0
query_93,2,1.0,1.0,1.0,1.0,0.790386,1.0,0.5,1.0,0.919721,1.0,0.5,1.0,1.0,1.0,1.0,1.0,1.0,1.0,1.0,1.0
query_94,2,1.0,1.0,1.0,1.0,0.218407,0.5,0.0,1.0,0.850345,1.0,0.5,1.0,0.81753,1.0,0.5,1.0,1.0,1.0,1.0,1.0
query_95,2,1.0,1.0,1.0,1.0,0.306574,0.5,0.0,1.0,0.184576,0.5,0.0,1.0,0.919721,1.0,0.5,1.0,1.0,1.0,1.0,1.0
query_96,2,1.0,1.0,1.0,1.0,0.81753,1.0,0.5,1.0,0.386853,0.5,0.5,1.0,1.0,1.0,1.0,1.0,1.0,1.0,1.0,1.0
query_97,2,1.0,1.0,1.0,1.0,0.411834,1.0,0.0,1.0,1.0,1.0,1.0,1.0,1.0,1.0,1.0,1.0,1.0,1.0,1.0,1.0
query_98,2,1.0,1.0,1.0,1.0,0.306574,0.5,0.0,1.0,0.0,0.0,0.0,0.0,1.0,1.0,1.0,1.0,1.0,1.0,1.0,1.0
query_99,2,1.0,1.0,1.0,1.0,0.457495,1.0,0.0,1.0,0.386853,0.5,0.5,1.0,1.0,1.0,1.0,1.0,1.0,1.0,1.0,1.0
query_100,2,1.0,1.0,1.0,1.0,0.184576,0.5,0.0,1.0,0.218407,0.5,0.0,1.0,1.0,1.0,1.0,1.0,1.0,1.0,1.0,1.0
query_101,2,1.0,1.0,1.0,1.0,0.264068,0.5,0.0,1.0,0.386853,0.5,0.5,1.0,1.0,1.0,1.0,1.0,1.0,1.0,1.0,1.0
query_102,2,1.0,1.0,1.0,1.0,0.0,0.0,0.0,0.0,0.0,0.0,0.0,0.0,1.0,1.0,1.0,1.0,1.0,1.0,1.0,1.0
query_103,2,1.0,1.0,1.0,1.0,0.306574,0.5,0.0,1.0,0.0,0.0,0.0,0.0,1.0,1.0,1.0,1.0,1.0,1.0,1.0,1.0
query_104,2,1.0,1.0,1.0,1.0,0.218407,0.5,0.0,1.0,0.850345,1.0,0.5,1.0,1.0,1.0,1.0,1.0,1.0,1.0,1.0,1.0
query_105,2,1.0,1.0,1.0,1.0,0.613147,0.5,0.5,1.0,0.613147,0.5,0.5,1.0,1.0,1.0,1.0,1.0,1.0,1.0,1.0,1.0
query_106,2,1.0,1.0,1.0,1.0,0.237198,0.5,0.0,1.0,0.264068,0.5,0.0,1.0,0.919721,1.0,0.5,1.0,1.0,1.0,1.0,1.0
query_107,2,1.0,1.0,1.0,1.0,0.613147,0.5,0.5,1.0,0.386853,0.5,0.5,1.0,1.0,1.0,1.0,1.0,1.0,1.0,1.0,1.0
query_108,2,1.0,1.0,1.0,1.0,0.613147,0.5,0.5,1.0,0.204382,0.5,0.0,1.0,1.0,1.0,1.0,1.0,1.0,1.0,1.0,1.0
query_109,2,1.0,1.0,1.0,1.0,0.218407,0.5,0.0,1.0,0.0,0.0,0.0,0.0,1.0,1.0,1.0,1.0,1.0,1.0,1.0,1.0
query_110,2,1.0,1.0,1.0,1.0,0.524981,1.0,0.0,1.0,0.571429,1.0,0.5,1.0,1.0,1.0,1.0,1.0,1.0,1.0,1.0,1.0
query_111,2,1.0,1.0,1.0,1.0,0.411834,1.0,0.0,1.0,0.441307,1.0,0.0,1.0,1.0,1.0,1.0,1.0,1.0,1.0,1.0,1.0
query_112,2,1.0,1.0,1.0,1.0,0.0,0.0,0.0,0.0,0.0,0.0,0.0,0.0,1.0,1.0,1.0,1.0,1.0,1.0,1.0,1.0
query_113,2,1.0,1.0,1.0,1.0,0.184576,0.5,0.0,1.0,0.237198,0.5,0.0,1.0,1.0,1.0,1.0,1.0,1.0,1.0,1.0,1.0
query_114,2,1.0,1.0,1.0,1.0,0.613147,0.5,0.5,1.0,0.570642,1.0,0.0,1.0,1.0,1.0,1.0,1.0,1.0,1.0,1.0,1.0
query_115,2,1.0,1.0,1.0,1.0,0.468451,1.0,0.0,1.0,0.571429,1.0,0.5,1.0,1.0,1.0,1.0,1.0,1.0,1.0,1.0,1.0
query_116,2,1.0,1.0,1.0,1.0,0.850345,1.0,0.5,1.0,0.457495,1.0,0.0,1.0,1.0,1.0,1.0,1.0,1.0,1.0,1.0,1.0
query_117,2,1.0,1.0,1.0,1.0,0.218407,0.5,0.0,1.0,0.237198,0.5,0.0,1.0,1.0,1.0,1.0,1.0,1.0,1.0,1.0,1.0
query_118,2,1.0,1.0,1.0,1.0,0.237198,0.5,0.0,1.0,0.193426,0.5,0.0,1.0,1.0,1.0,1.0,1.0,1.0,1.0,1.0,1.0
query_119,2,1.0,1.0,1.0,1.0,0.0,0.0,0.0,0.0,0.0,0.0,0.0,0.0,1.0,1.0,1.0,1.0,1.0,1.0,1.0,1.0
query_120,2,1.0,1.0,1.0,1.0,0.264068,0.5,0.0,1.0,0.193426,0.5,0.0,1.0,1.0,1.0,1.0,1.0,1.0,1.0,1.0,1.0
query_121,2,1.0,1.0,1.0,1.0,0.468451,1.0,0.0,1.0,0.397809,1.0,0.0,1.0,1.0,1.0,1.0,1.0,1.0,1.0,1.0,1.0
query_122,2,1.0,1.0,1.0,1.0,0.613147,0.5,0.5,1.0,0.306574,0.5,0.0,1.0,1.0,1.0,1.0,1.0,1.0,1.0,1.0,1.0
query_123,2,1.0,1.0,1.0,1.0,0.797723,1.0,0.5,1.0,0.468451,1.0,0.0,1.0,1.0,1.0,1.0,1.0,1.0,1.0,1.0,1.0
query_124,2,1.0,1.0,1.0,1.0,0.624051,1.0,0.5,1.0,1.0,1.0,1.0,1.0,1.0,1.0,1.0,1.0,1.0,1.0,1.0,1.0
query_125,2,1.0,1.0,1.0,1.0,1.0,1.0,1.0,1.0,0.919721,1.0,0.5,1.0,1.0,1.0,1.0,1.0,1.0,1.0,1.0,1.0
query_126,2,1.0,1.0,1.0,1.0,0.177239,0.5,0.0,1.0,1.0,1.0,1.0,1.0,1.0,1.0,1.0,1.0,1.0,1.0,1.0,1.0
query_127,2,1.0,1.0,1.0,1.0,0.0,0.0,0.0,0.0,0.0,0.0,0.0,0.0,1.0,1.0,1.0,1.0,1.0,1.0,1.0,1.0
query_128,2,1.0,1.0,1.0,1.0,0.204382,0.5,0.0,1.0,0.184576,0.5,0.0,1.0,1.0,1.0,1.0,1.0,1.0,1.0,1.0,1.0
query_129,2,1.0,1.0,1.0,1.0,0.0,0.0,0.0,0.0,0.237198,0.5,0.0,1.0,1.0,1.0,1.0,1.0,1.0,1.0,1.0,1.0
query_130,2,1.0,1.0,1.0,1.0,0.613147,0.5,0.5,1.0,0.613147,0.5,0.5,1.0,1.0,1.0,1.0,1.0,1.0,1.0,1.0,1.0
query_131,2,1.0,1.0,1.0,1.0,0.386853,0.5,0.5,1.0,0.204382,0.5,0.0,1.0,1.0,1.0,1.0,1.0,1.0,1.0,1.0,1.0
query_132,2,1.0,1.0,1.0,1.0,0.193426,0.5,0.0,1.0,0.193426,0.5,0.0,1.0,1.0,1.0,1.0,1.0,1.0,1.0,1.0,1.0
query_133,2,1.0,1.0,1.0,1.0,0.237198,0.5,0.0,1.0,0.0,0.0,0.0,0.0,1.0,1.0,1.0,1.0,1.0,1.0,1.0,1.0
query_134,2,1.0,1.0,1.0,1.0,0.0,0.0,0.0,0.0,0.0,0.0,0.0,0.0,1.0,1.0,1.0,1.0,1.0,1.0,1.0,1.0
query_135,2,1.0,1.0,1.0,1.0,0.193426,0.5,0.0,1.0,0.264068,0.5,0.0,1.0,1.0,1.0,1.0,1.0,1.0,1.0,1.0,1.0
query_136,2,1.0,1.0,1.0,1.0,0.193426,0.5,0.0,1.0,0.613147,0.5,0.5,1.0,1.0,1.0,1.0,1.0,1.0,1.0,1.0,1.0
query_137,2,1.0,1.0,1.0,1.0,0.193426,0.5,0.0,1.0,0.455605,1.0,0.0,1.0,1.0,1.0,1.0,1.0,1.0,1.0,1.0,1.0
query_138,2,1.0,1.0,1.0,1.0,0.193426,0.5,0.0,1.0,0.306574,0.5,0.0,1.0,1.0,1.0,1.0,1.0,1.0,1.0,1.0,1.0
query_139,2,1.0,1.0,1.0,1.0,0.184576,0.5,0.0,1.0,0.218407,0.5,0.0,1.0,1.0,1.0,1.0,1.0,1.0,1.0,1.0,1.0
query_140,2,1.0,1.0,1.0,1.0,0.204382,0.5,0.0,1.0,0.193426,0.5,0.0,1.0,1.0,1.0,1.0,1.0,1.0,1.0,1.0,1.0
query_141,2,1.0,1.0,1.0,1.0,0.0,0.0,0.0,0.0,0.0,0.0,0.0,0.0,1.0,1.0,1.0,1.0,1.0,1.0,1.0,1.0
query_142,2,1.0,1.0,1.0,1.0,1.0,1.0,1.0,1.0,1.0,1.0,1.0,1.0,1.0,1.0,1.0,1.0,1.0,1.0,1.0,1.0
query_143,2,1.0,1.0,1.0,1.0,0.237198,0.5,0.0,1.0,0.0,0.0,0.0,0.0,0.850345,1.0,0.5,1.0,1.0,1.0,1.0,1.0
query_144,2,1.0,1.0,1.0,1.0,0.264068,0.5,0.0,1.0,0.0,0.0,0.0,0.0,1.0,1.0,1.0,1.0,1.0,1.0,1.0,1.0
query_145,2,1.0,1.0,1.0,1.0,0.177239,0.5,0.0,1.0,0.0,0.0,0.0,0.0,1.0,1.0,1.0,1.0,1.0,1.0,1.0,1.0
query_146,2,1.0,1.0,1.0,1.0,0.386853,0.5,0.5,1.0,0.306574,0.5,0.0,1.0,1.0,1.0,1.0,1.0,1.0,1.0,1.0,1.0
query_147,2,1.0,1.0,1.0,1.0,0.919721,1.0,0.5,1.0,0.81753,1.0,0.5,1.0,1.0,1.0,1.0,1.0,1.0,1.0,1.0,1.0
query_148,2,1.0,1.0,1.0,1.0,0.264068,0.5,0.0,1.0,0.402983,1.0,0.0,1.0,1.0,1.0,1.0,1.0,1.0,1.0,1.0,1.0
query_149,2,1.0,1.0,1.0,1.0,0.0,0.0,0.0,0.0,0.193426,0.5,0.0,1.0,1.0,1.0,1.0,1.0,1.0,1.0,1.0,1.0
query_150,2,1.0,1.0,1.0,1.0,1.0,1.0,1.0,1.0,0.613147,0.5,0.5,1.0,0.919721,1.0,0.5,1.0,1.0,1.0,1.0,1.0
query_151,2,1.0,1.0,1.0,1.0,0.806574,1.0,0.5,1.0,0.613147,0.5,0.5,1.0,1.0,1.0,1.0,1.0,1.0,1.0,1.0,1.0
query_152,2,1.0,1.0,1.0,1.0,0.218407,0.5,0.0,1.0,0.0,0.0,0.0,0.0,1.0,1.0,1.0,1.0,1.0,1.0,1.0,1.0
query_153,2,1.0,1.0,1.0,1.0,0.81753,1.0,0.5,1.0,0.919721,1.0,0.5,1.0,1.0,1.0,1.0,1.0,1.0,1.0,1.0,1.0
query_154,2,1.0,1.0,1.0,1.0,0.177239,0.5,0.0,1.0,0.184576,0.5,0.0,1.0,1.0,1.0,1.0,1.0,1.0,1.0,1.0,1.0
query_155,2,1.0,1.0,1.0,1.0,0.0,0.0,0.0,0.0,0.0,0.0,0.0,0.0,1.0,1.0,1.0,1.0,1.0,1.0,1.0,1.0
query_156,2,1.0,1.0,1.0,1.0,0.564092,1.0,0.5,1.0,0.448644,1.0,0.0,1.0,1.0,1.0,1.0,1.0,1.0,1.0,1.0,1.0
query_157,2,1.0,1.0,1.0,1.0,0.264068,0.5,0.0,1.0,0.204382,0.5,0.0,1.0,1.0,1.0,1.0,1.0,1.0,1.0,1.0,1.0
query_158,2,1.0,1.0,1.0,1.0,0.184576,0.5,0.0,1.0,0.919721,1.0,0.5,1.0,1.0,1.0,1.0,1.0,1.0,1.0,1.0,1.0
query_159,2,1.0,1.0,1.0,1.0,0.237198,0.5,0.0,1.0,0.448644,1.0,0.0,1.0,1.0,1.0,1.0,1.0,1.0,1.0,1.0,1.0
query_160,2,1.0,1.0,1.0,1.0,0.421773,1.0,0.0,1.0,0.0,0.0,0.0,0.0,0.877215,1.0,0.5,1.0,1.0,1.0,1.0,1.0
query_161,2,0.919721,1.0,0.5,1.0,0.831555,1.0,0.5,1.0,0.806574,1.0,0.5,1.0,1.0,1.0,1.0,1.0,1.0,1.0,1.0,1.0
query_162,2,1.0,1.0,1.0,1.0,0.0,0.0,0.0,0.0,0.0,0.0,0.0,0.0,1.0,1.0,1.0,1.0,1.0,1.0,1.0,1.0
query_163,2,1.0,1.0,1.0,1.0,0.237198,0.5,0.0,1.0,0.60526,1.0,0.5,1.0,1.0,1.0,1.0,1.0,1.0,1.0,1.0,1.0
query_164,2,1.0,1.0,1.0,1.0,1.0,1.0,1.0,1.0,0.204382,0.5,0.0,1.0,1.0,1.0,1.0,1.0,1.0,1.0,1.0,1.0
query_165,2,1.0,1.0,1.0,1.0,1.0,1.0,1.0,1.0,1.0,1.0,1.0,1.0,0.501266,1.0,0.0,1.0,1.0,1.0,1.0,1.0
query_166,2,1.0,1.0,1.0,1.0,0.650921,1.0,0.5,1.0,0.524981,1.0,0.0,1.0,1.0,1.0,1.0,1.0,1.0,1.0,1.0,1.0
query_167,2,1.0,1.0,1.0,1.0,0.0,0.0,0.0,0.0,0.184576,0.5,0.0,1.0,1.0,1.0,1.0,1.0,1.0,1.0,1.0,1.0
query_168,2,1.0,1.0,1.0,1.0,0.0,0.0,0.0,0.0,0.0,0.0,0.0,0.0,1.0,1.0,1.0,1.0,1.0,1.0,1.0,1.0
query_169,2,1.0,1.0,1.0,1.0,0.218407,0.5,0.0,1.0,0.193426,0.5,0.0,1.0,1.0,1.0,1.0,1.0,1.0,1.0,1.0,1.0
query_170,2,1.0,1.0,1.0,1.0,0.613147,0.5,0.5,1.0,0.237198,0.5,0.0,1.0,1.0,1.0,1.0,1.0,1.0,1.0,1.0,1.0
query_171,2,1.0,1.0,1.0,1.0,1.0,1.0,1.0,1.0,1.0,1.0,1.0,1.0,1.0,1.0,1.0,1.0,1.0,1.0,1.0,1.0
query_172,2,1.0,1.0,1.0,1.0,0.564092,1.0,0.5,1.0,0.0,0.0,0.0,0.0,1.0,1.0,1.0,1.0,1.0,1.0,1.0,1.0
query_173,2,1.0,1.0,1.0,1.0,0.0,0.0,0.0,0.0,0.0,0.0,0.0,0.0,1.0,1.0,1.0,1.0,1.0,1.0,1.0,1.0
query_174,2,1.0,1.0,1.0,1.0,0.264068,0.5,0.0,1.0,0.306574,0.5,0.0,1.0,1.0,1.0,1.0,1.0,1.0,1.0,1.0,1.0
query_175,2,1.0,1.0,1.0,1.0,0.570642,1.0,0.0,1.0,0.60526,1.0,0.5,1.0,1.0,1.0,1.0,1.0,1.0,1.0,1.0,1.0
query_176,2,1.0,1.0,1.0,1.0,0.306574,0.5,0.0,1.0,0.177239,0.5,0.0,1.0,1.0,1.0,1.0,1.0,1.0,1.0,1.0,1.0
query_177,2,1.0,1.0,1.0,1.0,0.510956,1.0,0.0,1.0,0.264068,0.5,0.0,1.0,1.0,1.0,1.0,1.0,1.0,1.0,1.0,1.0
query_178,2,1.0,1.0,1.0,1.0,0.0,0.0,0.0,0.0,0.306574,0.5,0.0,1.0,1.0,1.0,1.0,1.0,1.0,1.0,1.0,1.0
query_179,2,1.0,1.0,1.0,1.0,0.0,0.0,0.0,0.0,0.0,0.0,0.0,0.0,1.0,1.0,1.0,1.0,1.0,1.0,1.0,1.0
query_180,2,1.0,1.0,1.0,1.0,0.850345,1.0,0.5,1.0,0.919721,1.0,0.5,1.0,1.0,1.0,1.0,1.0,1.0,1.0,1.0,1.0
query_181,2,1.0,1.0,1.0,1.0,0.0,0.0,0.0,0.0,0.237198,0.5,0.0,1.0,1.0,1.0,1.0,1.0,1.0,1.0,1.0,1.0
query_182,2,1.0,1.0,1.0,1.0,0.306574,0.5,0.0,1.0,0.0,0.0,0.0,0.0,1.0,1.0,1.0,1.0,1.0,1.0,1.0,1.0
query_183,2,1.0,1.0,1.0,1.0,0.184576,0.5,0.0,1.0,0.184576,0.5,0.0,1.0,1.0,1.0,1.0,1.0,1.0,1.0,1.0,1.0
query_184,2,1.0,1.0,1.0,1.0,0.613147,0.5,0.5,1.0,0.0,0.0,0.0,0.0,1.0,1.0,1.0,1.0,1.0,1.0,1.0,1.0
query_185,2,1.0,1.0,1.0,1.0,0.237198,0.5,0.0,1.0,0.177239,0.5,0.0,1.0,1.0,1.0,1.0,1.0,1.0,1.0,1.0,1.0
query_186,2,1.0,1.0,1.0,1.0,0.613147,0.5,0.5,1.0,0.613147,0.5,0.5,1.0,1.0,1.0,1.0,1.0,1.0,1.0,1.0,1.0
query_187,2,1.0,1.0,1.0,1.0,0.919721,1.0,0.5,1.0,0.571429,1.0,0.5,1.0,1.0,1.0,1.0,1.0,1.0,1.0,1.0,1.0
query_188,2,1.0,1.0,1.0,1.0,0.0,0.0,0.0,0.0,0.184576,0.5,0.0,1.0,1.0,1.0,1.0,1.0,1.0,1.0,1.0,1.0
query_189,2,1.0,1.0,1.0,1.0,0.204382,0.5,0.0,1.0,0.306574,0.5,0.0,1.0,0.919721,1.0,0.5,1.0,1.0,1.0,1.0,1.0
query_190,2,1.0,1.0,1.0,1.0,0.877215,1.0,0.5,1.0,0.386853,0.5,0.5,1.0,1.0,1.0,1.0,1.0,1.0,1.0,1.0,1.0
query_191,2,1.0,1.0,1.0,1.0,0.0,0.0,0.0,0.0,0.0,0.0,0.0,0.0,1.0,1.0,1.0,1.0,1.0,1.0,1.0,1.0
query_192,2,1.0,1.0,1.0,1.0,0.264068,0.5,0.0,1.0,0.193426,0.5,0.0,1.0,1.0,1.0,1.0,1.0,1.0,1.0,1.0,1.0
query_193,2,1.0,1.0,1.0,1.0,0.0,0.0,0.0,0.0,0.184576,0.5,0.0,1.0,1.0,1.0,1.0,1.0,1.0,1.0,1.0,1.0
query_194,2,1.0,1.0,1.0,1.0,0.218407,0.5,0.0,1.0,0.0,0.0,0.0,0.0,1.0,1.0,1.0,1.0,1.0,1.0,1.0,1.0
query_195,2,1.0,1.0,1.0,1.0,0.184576,0.5,0.0,1.0,0.193426,0.5,0.0,1.0,1.0,1.0,1.0,1.0,1.0,1.0,1.0,1.0
query_196,2,1.0,1.0,1.0,1.0,0.650921,1.0,0.5,1.0,0.613147,0.5,0.5,1.0,1.0,1.0,1.0,1.0,1.0,1.0,1.0,1.0
query_197,2,1.0,1.0,1.0,1.0,0.60526,1.0,0.5,1.0,0.204382,0.5,0.0,1.0,1.0,1.0,1.0,1.0,1.0,1.0,1.0,1.0
query_198,2,1.0,1.0,1.0,1.0,0.237198,0.5,0.0,1.0,0.797723,1.0,0.5,1.0,1.0,1.0,1.0,1.0,1.0,1.0,1.0,1.0
query_199,2,1.0,1.0,1.0,1.0,0.0,0.0,0.0,0.0,0.0,0.0,0.0,0.0,1.0,1.0,1.0,1.0,1.0,1.0,1.0,1.0
query_200,2,1.0,1.0,1.0,1.0,0.264068,0.5,0.0,1.0,0.204382,0.5,0.0,1.0,1.0,1.0,1.0,1.0,1.0,1.0,1.0,1.0
query_201,2,1.0,1.0,1.0,1.0,0.613147,0.5,0.5,1.0,0.386853,0.5,0.5,1.0,1.0,1.0,1.0,1.0,1.0,1.0,1.0,1.0
query_202,2,1.0,1.0,1.0,1.0,0.218407,0.5,0.0,1.0,0.448644,1.0,0.0,1.0,1.0,1.0,1.0,1.0,1.0,1.0,1.0,1.0
query_203,2,1.0,1.0,1.0,1.0,0.193426,0.5,0.0,1.0,0.386853,0.5,0.5,1.0,1.0,1.0,1.0,1.0,1.0,1.0,1.0,1.0
query_204,2,1.0,1.0,1.0,1.0,0.524981,1.0,0.0,1.0,0.919721,1.0,0.5,1.0,1.0,1.0,1.0,1.0,1.0,1.0,1.0,1.0
query_205,2,1.0,1.0,1.0,1.0,0.237198,0.5,0.0,1.0,0.831555,1.0,0.5,1.0,1.0,1.0,1.0,1.0,1.0,1.0,1.0,1.0
query_206,2,1.0,1.0,1.0,1.0,0.264068,0.5,0.0,1.0,0.306574,0.5,0.0,1.0,1.0,1.0,1.0,1.0,1.0,1.0,1.0,1.0
query_207,2,1.0,1.0,1.0,1.0,0.218407,0.5,0.0,1.0,0.0,0.0,0.0,0.0,1.0,1.0,1.0,1.0,1.0,1.0,1.0,1.0
query_208,2,1.0,1.0,1.0,1.0,0.306574,0.5,0.0,1.0,1.0,1.0,1.0,1.0,1.0,1.0,1.0,1.0,1.0,1.0,1.0,1.0
query_209,2,0.570642,1.0,0.0,1.0,0.624051,1.0,0.5,1.0,0.491149,1.0,0.0,1.0,1.0,1.0,1.0,1.0,0.650921,1.0,0.5,1.0
query_210,2,1.0,1.0,1.0,1.0,0.0,0.0,0.0,0.0,0.0,0.0,0.0,0.0,1.0,1.0,1.0,1.0,1.0,1.0,1.0,1.0
query_211,2,1.0,1.0,1.0,1.0,0.264068,0.5,0.0,1.0,0.204382,0.5,0.0,1.0,1.0,1.0,1.0,1.0,1.0,1.0,1.0,1.0
query_212,2,1.0,1.0,1.0,1.0,0.613147,0.5,0.5,1.0,0.306574,0.5,0.0,1.0,0.919721,1.0,0.5,1.0,1.0,1.0,1.0,1.0
query_213,2,1.0,1.0,1.0,1.0,0.570642,1.0,0.0,1.0,0.381622,1.0,0.0,1.0,1.0,1.0,1.0,1.0,1.0,1.0,1.0,1.0
query_214,2,1.0,1.0,1.0,1.0,0.613147,0.5,0.5,1.0,0.613147,0.5,0.5,1.0,0.831555,1.0,0.5,1.0,1.0,1.0,1.0,1.0
query_215,2,1.0,1.0,1.0,1.0,0.613147,0.5,0.5,1.0,0.193426,0.5,0.0,1.0,1.0,1.0,1.0,1.0,1.0,1.0,1.0,1.0
query_216,2,1.0,1.0,1.0,1.0,0.570642,1.0,0.0,1.0,0.877215,1.0,0.5,1.0,1.0,1.0,1.0,1.0,1.0,1.0,1.0,1.0
query_217,2,1.0,1.0,1.0,1.0,0.193426,0.5,0.0,1.0,0.306574,0.5,0.0,1.0,1.0,1.0,1.0,1.0,1.0,1.0,1.0,1.0
query_218,2,1.0,1.0,1.0,1.0,0.44158,1.0,0.0,1.0,0.831555,1.0,0.5,1.0,1.0,1.0,1.0,1.0,1.0,1.0,1.0,1.0
query_219,2,1.0,1.0,1.0,1.0,0.411834,1.0,0.0,1.0,0.264068,0.5,0.0,1.0,1.0,1.0,1.0,1.0,1.0,1.0,1.0,1.0
query_220,2,1.0,1.0,1.0,1.0,0.264068,0.5,0.0,1.0,0.306574,0.5,0.0,1.0,1.0,1.0,1.0,1.0,1.0,1.0,1.0,1.0
query_221,2,1.0,1.0,1.0,1.0,0.613147,0.5,0.5,1.0,0.613147,0.5,0.5,1.0,1.0,1.0,1.0,1.0,1.0,1.0,1.0,1.0
query_222,2,1.0,1.0,1.0,1.0,0.264068,0.5,0.0,1.0,0.264068,0.5,0.0,1.0,1.0,1.0,1.0,1.0,1.0,1.0,1.0,1.0
query_223,2,1.0,1.0,1.0,1.0,0.306574,0.5,0.0,1.0,0.306574,0.5,0.0,1.0,1.0,1.0,1.0,1.0,1.0,1.0,1.0,1.0
query_224,2,1.0,1.0,1.0,1.0,0.0,0.0,0.0,0.0,0.177239,0.5,0.0,1.0,1.0,1.0,1.0,1.0,1.0,1.0,1.0,1.0
query_225,2,1.0,1.0,1.0,1.0,0.388958,1.0,0.0,1.0,0.237198,0.5,0.0,1.0,1.0,1.0,1.0,1.0,1.0,1.0,1.0,1.0
query_226,2,1.0,1.0,1.0,1.0,0.0,0.0,0.0,0.0,0.361815,1.0,0.0,1.0,1.0,1.0,1.0,1.0,1.0,1.0,1.0,1.0
query_227,2,1.0,1.0,1.0,1.0,0.184576,0.5,0.0,1.0,0.386853,0.5,0.5,1.0,1.0,1.0,1.0,1.0,1.0,1.0,1.0,1.0
query_228,2,1.0,1.0,1.0,1.0,0.0,0.0,0.0,0.0,0.177239,0.5,0.0,1.0,1.0,1.0,1.0,1.0,1.0,1.0,1.0,1.0
query_229,2,1.0,1.0,1.0,1.0,0.386853,0.5,0.5,1.0,0.613147,0.5,0.5,1.0,1.0,1.0,1.0,1.0,1.0,1.0,1.0,1.0
query_230,2,1.0,1.0,1.0,1.0,0.613147,0.5,0.5,1.0,0.60526,1.0,0.5,1.0,1.0,1.0,1.0,1.0,1.0,1.0,1.0,1.0
query_231,2,1.0,1.0,1.0,1.0,0.0,0.0,0.0,0.0,0.306574,0.5,0.0,1.0,1.0,1.0,1.0,1.0,1.0,1.0,1.0,1.0
query_232,2,1.0,1.0,1.0,1.0,0.402983,1.0,0.0,1.0,0.411834,1.0,0.0,1.0,1.0,1.0,1.0,1.0,1.0,1.0,1.0,1.0
query_233,2,1.0,1.0,1.0,1.0,0.306574,0.5,0.0,1.0,0.0,0.0,0.0,0.0,1.0,1.0,1.0,1.0,1.0,1.0,1.0,1.0
query_234,2,1.0,1.0,1.0,1.0,0.650921,1.0,0.5,1.0,0.580279,1.0,0.5,1.0,1.0,1.0,1.0,1.0,1.0,1.0,1.0,1.0
query_235,2,1.0,1.0,1.0,1.0,0.0,0.0,0.0,0.0,0.184576,0.5,0.0,1.0,1.0,1.0,1.0,1.0,1.0,1.0,1.0,1.0
query_236,2,1.0,1.0,1.0,1.0,0.877215,1.0,0.5,1.0,0.543771,1.0,0.0,1.0,1.0,1.0,1.0,1.0,1.0,1.0,1.0,1.0
query_237,2,1.0,1.0,1.0,1.0,0.580279,1.0,0.5,1.0,0.193426,0.5,0.0,1.0,1.0,1.0,1.0,1.0,1.0,1.0,1.0,1.0
query_238,2,1.0,1.0,1.0,1.0,0.0,0.0,0.0,0.0,0.204382,0.5,0.0,1.0,1.0,1.0,1.0,1.0,1.0,1.0,1.0,1.0
query_239,2,1.0,1.0,1.0,1.0,0.0,0.0,0.0,0.0,0.0,0.0,0.0,0.0,1.0,1.0,1.0,1.0,1.0,1.0,1.0,1.0
query_240,2,1.0,1.0,1.0,1.0,0.193426,0.5,0.0,1.0,0.0,0.0,0.0,0.0,1.0,1.0,1.0,1.0,1.0,1.0,1.0,1.0
query_241,2,1.0,1.0,1.0,1.0,0.386853,0.5,0.5,1.0,0.613147,0.5,0.5,1.0,1.0,1.0,1.0,1.0,1.0,1.0,1.0,1.0
query_242,2,1.0,1.0,1.0,1.0,0.306574,0.5,0.0,1.0,0.501266,1.0,0.0,1.0,1.0,1.0,1.0,1.0,1.0,1.0,1.0,1.0
query_243,2,1.0,1.0,1.0,1.0,0.386853,0.5,0.5,1.0,0.468451,1.0,0.0,1.0,1.0,1.0,1.0,1.0,1.0,1.0,1.0,1.0
query_244,2,1.0,1.0,1.0,1.0,0.193426,0.5,0.0,1.0,0.613147,0.5,0.5,1.0,1.0,1.0,1.0,1.0,1.0,1.0,1.0,1.0
query_245,2,1.0,1.0,1.0,1.0,0.850345,1.0,0.5,1.0,0.790386,1.0,0.5,1.0,1.0,1.0,1.0,1.0,1.0,1.0,1.0,1.0
query_246,2,1.0,1.0,1.0,1.0,0.430624,1.0,0.0,1.0,0.388958,1.0,0.0,1.0,1.0,1.0,1.0,1.0,1.0,1.0,1.0,1.0
query_247,2,1.0,1.0,1.0,1.0,0.237198,0.5,0.0,1.0,1.0,1.0,1.0,1.0,1.0,1.0,1.0,1.0,1.0,1.0,1.0,1.0
query_248,2,1.0,1.0,1.0,1.0,0.0,0.0,0.0,0.0,0.0,0.0,0.0,0.0,0.831555,1.0,0.5,1.0,0.919721,1.0,0.5,1.0
query_249,2,1.0,1.0,1.0,1.0,0.193426,0.5,0.0,1.0,0.693426,1.0,0.5,1.0,1.0,1.0,1.0,1.0,1.0,1.0,1.0,1.0
query_250,2,1.0,1.0,1.0,1.0,0.0,0.0,0.0,0.0,0.0,0.0,0.0,0.0,1.0,1.0,1.0,1.0,1.0,1.0,1.0,1.0
query_251,2,1.0,1.0,1.0,1.0,0.0,0.0,0.0,0.0,0.218407,0.5,0.0,1.0,1.0,1.0,1.0,1.0,1.0,1.0,1.0,1.0
query_252,2,1.0,1.0,1.0,1.0,0.0,0.0,0.0,0.0,0.193426,0.5,0.0,1.0,1.0,1.0,1.0,1.0,1.0,1.0,1.0,1.0
query_253,2,1.0,1.0,1.0,1.0,0.306574,0.5,0.0,1.0,0.613147,0.5,0.5,1.0,0.613147,0.5,0.5,1.0,0.613147,0.5,0.5,1.0
query_254,2,1.0,1.0,1.0,1.0,0.0,0.0,0.0,0.0,0.613147,0.5,0.5,1.0,1.0,1.0,1.0,1.0,1.0,1.0,1.0,1.0
query_255,2,1.0,1.0,1.0,1.0,0.177239,0.5,0.0,1.0,0.177239,0.5,0.0,1.0,1.0,1.0,1.0,1.0,1.0,1.0,1.0,1.0
query_256,2,1.0,1.0,1.0,1.0,0.184576,0.5,0.0,1.0,0.184576,0.5,0.0,1.0,1.0,1.0,1.0,1.0,1.0,1.0,1.0,1.0
query_257,2,1.0,1.0,1.0,1.0,0.204382,0.5,0.0,1.0,0.177239,0.5,0.0,1.0,1.0,1.0,1.0,1.0,1.0,1.0,1.0,1.0
query_258,2,1.0,1.0,1.0,1.0,0.237198,0.5,0.0,1.0,0.613147,0.5,0.5,1.0,1.0,1.0,1.0,1.0,1.0,1.0,1.0,1.0
query_259,2,1.0,1.0,1.0,1.0,0.218407,0.5,0.0,1.0,0.184576,0.5,0.0,1.0,1.0,1.0,1.0,1.0,1.0,1.0,1.0,1.0
query_260,2,1.0,1.0,1.0,1.0,0.613147,0.5,0.5,1.0,0.0,0.0,0.0,0.0,1.0,1.0,1.0,1.0,1.0,1.0,1.0,1.0
query_261,2,1.0,1.0,1.0,1.0,0.613147,0.5,0.5,1.0,1.0,1.0,1.0,1.0,1.0,1.0,1.0,1.0,1.0,1.0,1.0,1.0
query_262,2,1.0,1.0,1.0,1.0,0.613147,0.5,0.5,1.0,0.571429,1.0,0.5,1.0,1.0,1.0,1.0,1.0,1.0,1.0,1.0,1.0
query_263,2,1.0,1.0,1.0,1.0,0.264068,0.5,0.0,1.0,0.613147,0.5,0.5,1.0,1.0,1.0,1.0,1.0,1.0,1.0,1.0,1.0
query_264,2,1.0,1.0,1.0,1.0,0.831555,1.0,0.5,1.0,1.0,1.0,1.0,1.0,1.0,1.0,1.0,1.0,1.0,1.0,1.0,1.0
query_265,2,1.0,1.0,1.0,1.0,0.386853,0.5,0.5,1.0,0.177239,0.5,0.0,1.0,1.0,1.0,1.0,1.0,1.0,1.0,1.0,1.0
query_266,2,1.0,1.0,1.0,1.0,0.386853,0.5,0.5,1.0,0.448644,1.0,0.0,1.0,0.693426,1.0,0.5,1.0,1.0,1.0,1.0,1.0
query_267,2,1.0,1.0,1.0,1.0,0.0,0.0,0.0,0.0,0.0,0.0,0.0,0.0,1.0,1.0,1.0,1.0,1.0,1.0,1.0,1.0
query_268,2,1.0,1.0,1.0,1.0,0.613147,0.5,0.5,1.0,0.613147,0.5,0.5,1.0,1.0,1.0,1.0,1.0,1.0,1.0,1.0,1.0
query_269,2,1.0,1.0,1.0,1.0,1.0,1.0,1.0,1.0,0.919721,1.0,0.5,1.0,1.0,1.0,1.0,1.0,1.0,1.0,1.0,1.0
query_270,2,1.0,1.0,1.0,1.0,0.624051,1.0,0.5,1.0,0.624051,1.0,0.5,1.0,1.0,1.0,1.0,1.0,1.0,1.0,1.0,1.0
query_271,2,1.0,1.0,1.0,1.0,0.0,0.0,0.0,0.0,0.204382,0.5,0.0,1.0,1.0,1.0,1.0,1.0,1.0,1.0,1.0,1.0
query_272,2,1.0,1.0,1.0,1.0,0.0,0.0,0.0,0.0,0.613147,0.5,0.5,1.0,1.0,1.0,1.0,1.0,1.0,1.0,1.0,1.0
query_273,2,1.0,1.0,1.0,1.0,0.306574,0.5,0.0,1.0,0.386853,0.5,0.5,1.0,1.0,1.0,1.0,1.0,1.0,1.0,1.0,1.0
query_274,2,1.0,1.0,1.0,1.0,0.381622,1.0,0.0,1.0,0.0,0.0,0.0,0.0,1.0,1.0,1.0,1.0,1.0,1.0,1.0,1.0
query_275,2,1.0,1.0,1.0,1.0,0.0,0.0,0.0,0.0,0.264068,0.5,0.0,1.0,1.0,1.0,1.0,1.0,1.0,1.0,1.0,1.0
query_276,2,1.0,1.0,1.0,1.0,0.306574,0.5,0.0,1.0,0.218407,0.5,0.0,1.0,1.0,1.0,1.0,1.0,1.0,1.0,1.0,1.0
query_277,2,1.0,1.0,1.0,1.0,0.0,0.0,0.0,0.0,0.218407,0.5,0.0,1.0,1.0,1.0,1.0,1.0,1.0,1.0,1.0,1.0
query_278,2,1.0,1.0,1.0,1.0,0.386853,0.5,0.5,1.0,0.306574,0.5,0.0,1.0,1.0,1.0,1.0,1.0,1.0,1.0,1.0,1.0
query_279,2,1.0,1.0,1.0,1.0,0.81753,1.0,0.5,1.0,0.613147,0.5,0.5,1.0,1.0,1.0,1.0,1.0,1.0,1.0,1.0,1.0
query_280,2,1.0,1.0,1.0,1.0,0.0,0.0,0.0,0.0,0.204382,0.5,0.0,1.0,1.0,1.0,1.0,1.0,1.0,1.0,1.0,1.0
query_281,2,1.0,1.0,1.0,1.0,0.0,0.0,0.0,0.0,0.613147,0.5,0.5,1.0,1.0,1.0,1.0,1.0,1.0,1.0,1.0,1.0
query_282,2,1.0,1.0,1.0,1.0,0.264068,0.5,0.0,1.0,0.797723,1.0,0.5,1.0,1.0,1.0,1.0,1.0,1.0,1.0,1.0,1.0
query_283,2,1.0,1.0,1.0,1.0,0.877215,1.0,0.5,1.0,0.386853,0.5,0.5,1.0,1.0,1.0,1.0,1.0,1.0,1.0,1.0,1.0
query_284,2,1.0,1.0,1.0,1.0,0.44158,1.0,0.0,1.0,0.693426,1.0,0.5,1.0,1.0,1.0,1.0,1.0,1.0,1.0,1.0,1.0
query_285,2,1.0,1.0,1.0,1.0,0.386853,0.5,0.5,1.0,0.184576,0.5,0.0,1.0,1.0,1.0,1.0,1.0,1.0,1.0,1.0,1.0
query_286,2,1.0,1.0,1.0,1.0,0.877215,1.0,0.5,1.0,0.580279,1.0,0.5,1.0,1.0,1.0,1.0,1.0,1.0,1.0,1.0,1.0
query_287,2,1.0,1.0,1.0,1.0,0.193426,0.5,0.0,1.0,0.397809,1.0,0.0,1.0,1.0,1.0,1.0,1.0,1.0,1.0,1.0,1.0
query_288,2,1.0,1.0,1.0,1.0,0.501266,1.0,0.0,1.0,0.693426,1.0,0.5,1.0,1.0,1.0,1.0,1.0,1.0,1.0,1.0,1.0
query_289,2,1.0,1.0,1.0,1.0,0.204382,0.5,0.0,1.0,0.306574,0.5,0.0,1.0,1.0,1.0,1.0,1.0,1.0,1.0,1.0,1.0
query_290,2,1.0,1.0,1.0,1.0,0.850345,1.0,0.5,1.0,0.831555,1.0,0.5,1.0,1.0,1.0,1.0,1.0,1.0,1.0,1.0,1.0
query_291,2,1.0,1.0,1.0,1.0,0.184576,0.5,0.0,1.0,0.0,0.0,0.0,0.0,1.0,1.0,1.0,1.0,1.0,1.0,1.0,1.0
query_292,2,1.0,1.0,1.0,1.0,0.0,0.0,0.0,0.0,0.237198,0.5,0.0,1.0,0.919721,1.0,0.5,1.0,1.0,1.0,1.0,1.0
query_293,2,1.0,1.0,1.0,1.0,0.0,0.0,0.0,0.0,0.386853,0.5,0.5,1.0,1.0,1.0,1.0,1.0,1.0,1.0,1.0,1.0
query_294,2,1.0,1.0,1.0,1.0,0.0,0.0,0.0,0.0,0.0,0.0,0.0,0.0,1.0,1.0,1.0,1.0,1.0,1.0,1.0,1.0
query_295,2,1.0,1.0,1.0,1.0,0.264068,0.5,0.0,1.0,0.177239,0.5,0.0,1.0,1.0,1.0,1.0,1.0,1.0,1.0,1.0,1.0
query_296,2,1.0,1.0,1.0,1.0,0.543771,1.0,0.0,1.0,0.0,0.0,0.0,0.0,1.0,1.0,1.0,1.0,1.0,1.0,1.0,1.0
query_297,2,1.0,1.0,1.0,1.0,0.0,0.0,0.0,0.0,0.0,0.0,0.0,0.0,1.0,1.0,1.0,1.0,1.0,1.0,1.0,1.0
query_298,2,1.0,1.0,1.0,1.0,0.204382,0.5,0.0,1.0,0.306574,0.5,0.0,1.0,1.0,1.0,1.0,1.0,1.0,1.0,1.0,1.0
query_299,2,1.0,1.0,1.0,1.0,0.0,0.0,0.0,0.0,0.0,0.0,0.0,0.0,1.0,1.0,1.0,1.0,1.0,1.0,1.0,1.0
query_300,2,1.0,1.0,1.0,1.0,0.919721,1.0,0.5,1.0,0.613147,0.5,0.5,1.0,1.0,1.0,1.0,1.0,1.0,1.0,1.0,1.0
query_301,2,1.0,1.0,1.0,1.0,0.0,0.0,0.0,0.0,0.81753,1.0,0.5,1.0,1.0,1.0,1.0,1.0,1.0,1.0,1.0,1.0
query_302,2,1.0,1.0,1.0,1.0,0.264068,0.5,0.0,1.0,0.0,0.0,0.0,0.0,1.0,1.0,1.0,1.0,1.0,1.0,1.0,1.0
query_303,2,1.0,1.0,1.0,1.0,0.193426,0.5,0.0,1.0,0.790386,1.0,0.5,1.0,1.0,1.0,1.0,1.0,1.0,1.0,1.0,1.0
query_304,2,1.0,1.0,1.0,1.0,0.411834,1.0,0.0,1.0,0.0,0.0,0.0,0.0,1.0,1.0,1.0,1.0,1.0,1.0,1.0,1.0
query_305,2,1.0,1.0,1.0,1.0,0.524981,1.0,0.0,1.0,0.850345,1.0,0.5,1.0,1.0,1.0,1.0,1.0,1.0,1.0,1.0,1.0
query_306,2,1.0,1.0,1.0,1.0,0.264068,0.5,0.0,1.0,0.81753,1.0,0.5,1.0,1.0,1.0,1.0,1.0,1.0,1.0,1.0,1.0
query_307,2,1.0,1.0,1.0,1.0,0.378002,1.0,0.0,1.0,0.0,0.0,0.0,0.0,1.0,1.0,1.0,1.0,1.0,1.0,1.0,1.0
query_308,2,1.0,1.0,1.0,1.0,0.386853,0.5,0.5,1.0,0.306574,0.5,0.0,1.0,1.0,1.0,1.0,1.0,1.0,1.0,1.0,1.0
query_309,2,1.0,1.0,1.0,1.0,0.264068,0.5,0.0,1.0,0.650921,1.0,0.5,1.0,1.0,1.0,1.0,1.0,1.0,1.0,1.0,1.0
query_310,2,1.0,1.0,1.0,1.0,0.613147,0.5,0.5,1.0,1.0,1.0,1.0,1.0,1.0,1.0,1.0,1.0,1.0,1.0,1.0,1.0
query_311,2,1.0,1.0,1.0,1.0,0.218407,0.5,0.0,1.0,0.0,0.0,0.0,0.0,1.0,1.0,1.0,1.0,1.0,1.0,1.0,1.0
query_312,2,1.0,1.0,1.0,1.0,0.306574,0.5,0.0,1.0,0.613147,0.5,0.5,1.0,1.0,1.0,1.0,1.0,1.0,1.0,1.0,1.0
query_313,2,1.0,1.0,1.0,1.0,0.0,0.0,0.0,0.0,0.218407,0.5,0.0,1.0,1.0,1.0,1.0,1.0,1.0,1.0,1.0,1.0
query_314,2,1.0,1.0,1.0,1.0,0.0,0.0,0.0,0.0,0.0,0.0,0.0,0.0,1.0,1.0,1.0,1.0,1.0,1.0,1.0,1.0
query_315,2,1.0,1.0,1.0,1.0,0.919721,1.0,0.5,1.0,0.613147,0.5,0.5,1.0,1.0,1.0,1.0,1.0,1.0,1.0,1.0,1.0
query_316,2,1.0,1.0,1.0,1.0,0.193426,0.5,0.0,1.0,0.0,0.0,0.0,0.0,1.0,1.0,1.0,1.0,1.0,1.0,1.0,1.0
query_317,2,1.0,1.0,1.0,1.0,0.264068,0.5,0.0,1.0,0.0,0.0,0.0,0.0,1.0,1.0,1.0,1.0,1.0,1.0,1.0,1.0
query_318,2,1.0,1.0,1.0,1.0,0.193426,0.5,0.0,1.0,0.237198,0.5,0.0,1.0,1.0,1.0,1.0,1.0,1.0,1.0,1.0,1.0
query_319,2,1.0,1.0,1.0,1.0,0.184576,0.5,0.0,1.0,0.306574,0.5,0.0,1.0,1.0,1.0,1.0,1.0,1.0,1.0,1.0,1.0
query_320,2,1.0,1.0,1.0,1.0,0.184576,0.5,0.0,1.0,0.193426,0.5,0.0,1.0,1.0,1.0,1.0,1.0,1.0,1.0,1.0,1.0
query_321,2,1.0,1.0,1.0,1.0,0.184576,0.5,0.0,1.0,0.613147,0.5,0.5,1.0,1.0,1.0,1.0,1.0,1.0,1.0,1.0,1.0
query_322,2,1.0,1.0,1.0,1.0,0.613147,0.5,0.5,1.0,0.650921,1.0,0.5,1.0,1.0,1.0,1.0,1.0,1.0,1.0,1.0,1.0
query_323,2,1.0,1.0,1.0,1.0,0.0,0.0,0.0,0.0,0.0,0.0,0.0,0.0,1.0,1.0,1.0,1.0,1.0,1.0,1.0,1.0
query_324,2,1.0,1.0,1.0,1.0,0.919721,1.0,0.5,1.0,0.81753,1.0,0.5,1.0,1.0,1.0,1.0,1.0,1.0,1.0,1.0,1.0
query_325,2,1.0,1.0,1.0,1.0,0.0,0.0,0.0,0.0,0.184576,0.5,0.0,1.0,1.0,1.0,1.0,1.0,1.0,1.0,1.0,1.0
query_326,2,1.0,1.0,1.0,1.0,0.831555,1.0,0.5,1.0,0.806574,1.0,0.5,1.0,1.0,1.0,1.0,1.0,1.0,1.0,1.0,1.0
query_327,2,1.0,1.0,1.0,1.0,0.218407,0.5,0.0,1.0,0.613147,0.5,0.5,1.0,1.0,1.0,1.0,1.0,1.0,1.0,1.0,1.0
query_328,2,1.0,1.0,1.0,1.0,0.0,0.0,0.0,0.0,0.306574,0.5,0.0,1.0,1.0,1.0,1.0,1.0,1.0,1.0,1.0,1.0
query_329,2,1.0,1.0,1.0,1.0,0.218407,0.5,0.0,1.0,0.0,0.0,0.0,0.0,1.0,1.0,1.0,1.0,1.0,1.0,1.0,1.0
query_330,2,1.0,1.0,1.0,1.0,0.0,0.0,0.0,0.0,0.624051,1.0,0.5,1.0,1.0,1.0,1.0,1.0,1.0,1.0,1.0,1.0
query_331,2,1.0,1.0,1.0,1.0,0.0,0.0,0.0,0.0,0.850345,1.0,0.5,1.0,1.0,1.0,1.0,1.0,1.0,1.0,1.0,1.0
query_332,2,1.0,1.0,1.0,1.0,0.501266,1.0,0.0,1.0,1.0,1.0,1.0,1.0,1.0,1.0,1.0,1.0,1.0,1.0,1.0,1.0
query_333,2,1.0,1.0,1.0,1.0,0.0,0.0,0.0,0.0,0.0,0.0,0.0,0.0,1.0,1.0,1.0,1.0,1.0,1.0,1.0,1.0
query_334,2,0.919721,1.0,0.5,1.0,0.455605,1.0,0.0,1.0,0.184576,0.5,0.0,1.0,1.0,1.0,1.0,1.0,1.0,1.0,1.0,1.0
query_335,2,1.0,1.0,1.0,1.0,0.0,0.0,0.0,0.0,0.184576,0.5,0.0,1.0,1.0,1.0,1.0,1.0,1.0,1.0,1.0,1.0
query_336,2,1.0,1.0,1.0,1.0,0.5,1.0,0.0,1.0,0.0,0.0,0.0,0.0,1.0,1.0,1.0,1.0,1.0,1.0,1.0,1.0
query_337,2,1.0,1.0,1.0,1.0,0.0,0.0,0.0,0.0,0.564092,1.0,0.5,1.0,1.0,1.0,1.0,1.0,1.0,1.0,1.0,1.0
query_338,2,0.919721,1.0,0.5,1.0,0.0,0.0,0.0,0.0,0.0,0.0,0.0,0.0,1.0,1.0,1.0,1.0,1.0,1.0,1.0,1.0
query_339,2,1.0,1.0,1.0,1.0,0.306574,0.5,0.0,1.0,0.193426,0.5,0.0,1.0,1.0,1.0,1.0,1.0,1.0,1.0,1.0,1.0
query_340,2,1.0,1.0,1.0,1.0,0.306574,0.5,0.0,1.0,0.613147,0.5,0.5,1.0,1.0,1.0,1.0,1.0,1.0,1.0,1.0,1.0
query_341,2,1.0,1.0,1.0,1.0,0.524981,1.0,0.0,1.0,0.386853,0.5,0.5,1.0,1.0,1.0,1.0,1.0,1.0,1.0,1.0,1.0
query_342,2,1.0,1.0,1.0,1.0,0.0,0.0,0.0,0.0,0.386853,0.5,0.5,1.0,1.0,1.0,1.0,1.0,1.0,1.0,1.0,1.0
query_343,2,1.0,1.0,1.0,1.0,0.386853,0.5,0.5,1.0,0.0,0.0,0.0,0.0,1.0,1.0,1.0,1.0,1.0,1.0,1.0,1.0
query_344,2,1.0,1.0,1.0,1.0,0.0,0.0,0.0,0.0,0.184576,0.5,0.0,1.0,1.0,1.0,1.0,1.0,1.0,1.0,1.0,1.0
query_345,2,1.0,1.0,1.0,1.0,0.177239,0.5,0.0,1.0,0.306574,0.5,0.0,1.0,1.0,1.0,1.0,1.0,1.0,1.0,1.0,1.0
query_346,2,1.0,1.0,1.0,1.0,0.411834,1.0,0.0,1.0,0.571429,1.0,0.5,1.0,1.0,1.0,1.0,1.0,1.0,1.0,1.0,1.0
query_347,2,1.0,1.0,1.0,1.0,0.204382,0.5,0.0,1.0,0.177239,0.5,0.0,1.0,1.0,1.0,1.0,1.0,1.0,1.0,1.0,1.0
query_348,2,1.0,1.0,1.0,1.0,0.264068,0.5,0.0,1.0,0.264068,0.5,0.0,1.0,1.0,1.0,1.0,1.0,1.0,1.0,1.0,1.0
query_349,2,1.0,1.0,1.0,1.0,0.177239,0.5,0.0,1.0,0.306574,0.5,0.0,1.0,1.0,1.0,1.0,1.0,1.0,1.0,1.0,1.0
query_350,2,1.0,1.0,1.0,1.0,0.306574,0.5,0.0,1.0,0.264068,0.5,0.0,1.0,1.0,1.0,1.0,1.0,1.0,1.0,1.0,1.0
query_351,2,1.0,1.0,1.0,1.0,0.0,0.0,0.0,0.0,0.0,0.0,0.0,0.0,1.0,1.0,1.0,1.0,1.0,1.0,1.0,1.0
query_352,2,1.0,1.0,1.0,1.0,0.0,0.0,0.0,0.0,0.193426,0.5,0.0,1.0,1.0,1.0,1.0,1.0,1.0,1.0,1.0,1.0
query_353,2,1.0,1.0,1.0,1.0,0.193426,0.5,0.0,1.0,0.204382,0.5,0.0,1.0,1.0,1.0,1.0,1.0,1.0,1.0,1.0,1.0
query_354,2,1.0,1.0,1.0,1.0,0.306574,0.5,0.0,1.0,0.218407,0.5,0.0,1.0,1.0,1.0,1.0,1.0,1.0,1.0,1.0,1.0
query_355,2,1.0,1.0,1.0,1.0,0.264068,0.5,0.0,1.0,0.264068,0.5,0.0,1.0,1.0,1.0,1.0,1.0,1.0,1.0,1.0,1.0
query_356,2,1.0,1.0,1.0,1.0,0.0,0.0,0.0,0.0,0.0,0.0,0.0,0.0,1.0,1.0,1.0,1.0,1.0,1.0,1.0,1.0
query_357,2,1.0,1.0,1.0,1.0,0.693426,1.0,0.5,1.0,1.0,1.0,1.0,1.0,1.0,1.0,1.0,1.0,1.0,1.0,1.0,1.0
query_358,2,1.0,1.0,1.0,1.0,0.218407,0.5,0.0,1.0,0.184576,0.5,0.0,1.0,1.0,1.0,1.0,1.0,1.0,1.0,1.0,1.0
query_359,2,1.0,1.0,1.0,1.0,0.306574,0.5,0.0,1.0,0.218407,0.5,0.0,1.0,1.0,1.0,1.0,1.0,1.0,1.0,1.0,1.0
query_360,2,1.0,1.0,1.0,1.0,0.218407,0.5,0.0,1.0,0.193426,0.5,0.0,1.0,1.0,1.0,1.0,1.0,1.0,1.0,1.0,1.0
query_361,2,1.0,1.0,1.0,1.0,0.0,0.0,0.0,0.0,0.0,0.0,0.0,0.0,1.0,1.0,1.0,1.0,1.0,1.0,1.0,1.0
query_362,2,1.0,1.0,1.0,1.0,0.0,0.0,0.0,0.0,0.0,0.0,0.0,0.0,1.0,1.0,1.0,1.0,1.0,1.0,1.0,1.0
query_363,2,1.0,1.0,1.0,1.0,0.430624,1.0,0.0,1.0,0.81753,1.0,0.5,1.0,1.0,1.0,1.0,1.0,1.0,1.0,1.0,1.0
query_364,2,1.0,1.0,1.0,1.0,0.0,0.0,0.0,0.0,0.386853,0.5,0.5,1.0,1.0,1.0,1.0,1.0,1.0,1.0,1.0,1.0
query_365,2,1.0,1.0,1.0,1.0,0.0,0.0,0.0,0.0,0.0,0.0,0.0,0.0,1.0,1.0,1.0,1.0,1.0,1.0,1.0,1.0
query_366,2,1.0,1.0,1.0,1.0,0.591235,1.0,0.5,1.0,1.0,1.0,1.0,1.0,1.0,1.0,1.0,1.0,1.0,1.0,1.0,1.0
query_367,2,1.0,1.0,1.0,1.0,0.386853,0.5,0.5,1.0,0.193426,0.5,0.0,1.0,1.0,1.0,1.0,1.0,1.0,1.0,1.0,1.0
query_368,2,1.0,1.0,1.0,1.0,0.306574,0.5,0.0,1.0,0.806574,1.0,0.5,1.0,1.0,1.0,1.0,1.0,1.0,1.0,1.0,1.0
query_369,2,1.0,1.0,1.0,1.0,0.218407,0.5,0.0,1.0,0.0,0.0,0.0,0.0,1.0,1.0,1.0,1.0,1.0,1.0,1.0,1.0
query_370,2,1.0,1.0,1.0,1.0,0.237198,0.5,0.0,1.0,0.386853,0.5,0.5,1.0,1.0,1.0,1.0,1.0,1.0,1.0,1.0,1.0
query_371,2,1.0,1.0,1.0,1.0,0.237198,0.5,0.0,1.0,0.613147,0.5,0.5,1.0,1.0,1.0,1.0,1.0,1.0,1.0,1.0,1.0
query_372,2,1.0,1.0,1.0,1.0,0.306574,0.5,0.0,1.0,0.204382,0.5,0.0,1.0,1.0,1.0,1.0,1.0,1.0,1.0,1.0,1.0
query_373,2,1.0,1.0,1.0,1.0,0.237198,0.5,0.0,1.0,0.613147,0.5,0.5,1.0,0.877215,1.0,0.5,1.0,1.0,1.0,1.0,1.0
query_374,2,1.0,1.0,1.0,1.0,0.306574,0.5,0.0,1.0,0.264068,0.5,0.0,1.0,1.0,1.0,1.0,1.0,1.0,1.0,1.0,1.0
query_375,2,1.0,1.0,1.0,1.0,0.0,0.0,0.0,0.0,0.613147,0.5,0.5,1.0,1.0,1.0,1.0,1.0,1.0,1.0,1.0,1.0
query_376,2,1.0,1.0,1.0,1.0,0.0,0.0,0.0,0.0,0.386853,0.5,0.5,1.0,1.0,1.0,1.0,1.0,1.0,1.0,1.0,1.0
query_377,2,1.0,1.0,1.0,1.0,0.613147,0.5,0.5,1.0,0.564092,1.0,0.5,1.0,1.0,1.0,1.0,1.0,1.0,1.0,1.0,1.0
query_378,2,1.0,1.0,1.0,1.0,0.0,0.0,0.0,0.0,0.0,0.0,0.0,0.0,0.580279,1.0,0.5,1.0,1.0,1.0,1.0,1.0
query_379,2,1.0,1.0,1.0,1.0,0.491149,1.0,0.0,1.0,0.650921,1.0,0.5,1.0,1.0,1.0,1.0,1.0,1.0,1.0,1.0,1.0
query_380,2,1.0,1.0,1.0,1.0,0.264068,0.5,0.0,1.0,0.613147,0.5,0.5,1.0,1.0,1.0,1.0,1.0,1.0,1.0,1.0,1.0
query_381,2,1.0,1.0,1.0,1.0,0.237198,0.5,0.0,1.0,0.218407,0.5,0.0,1.0,1.0,1.0,1.0,1.0,1.0,1.0,1.0,1.0
query_382,2,1.0,1.0,1.0,1.0,0.177239,0.5,0.0,1.0,0.218407,0.5,0.0,1.0,1.0,1.0,1.0,1.0,1.0,1.0,1.0,1.0
query_383,2,1.0,1.0,1.0,1.0,0.0,0.0,0.0,0.0,0.0,0.0,0.0,0.0,1.0,1.0,1.0,1.0,1.0,1.0,1.0,1.0
query_384,2,1.0,1.0,1.0,1.0,0.204382,0.5,0.0,1.0,0.237198,0.5,0.0,1.0,1.0,1.0,1.0,1.0,1.0,1.0,1.0,1.0
query_385,2,1.0,1.0,1.0,1.0,0.264068,0.5,0.0,1.0,0.60526,1.0,0.5,1.0,1.0,1.0,1.0,1.0,1.0,1.0,1.0,1.0
query_386,2,1.0,1.0,1.0,1.0,0.264068,0.5,0.0,1.0,0.0,0.0,0.0,0.0,1.0,1.0,1.0,1.0,1.0,1.0,1.0,1.0
query_387,2,1.0,1.0,1.0,1.0,0.483813,1.0,0.0,1.0,0.441307,1.0,0.0,1.0,1.0,1.0,1.0,1.0,1.0,1.0,1.0,1.0
query_388,2,1.0,1.0,1.0,1.0,0.613147,0.5,0.5,1.0,0.564092,1.0,0.5,1.0,1.0,1.0,1.0,1.0,1.0,1.0,1.0,1.0
query_389,2,1.0,1.0,1.0,1.0,0.237198,0.5,0.0,1.0,0.613147,0.5,0.5,1.0,1.0,1.0,1.0,1.0,1.0,1.0,1.0,1.0
query_390,2,1.0,1.0,1.0,1.0,0.0,0.0,0.0,0.0,0.0,0.0,0.0,0.0,1.0,1.0,1.0,1.0,1.0,1.0,1.0,1.0
query_391,2,1.0,1.0,1.0,1.0,0.0,0.0,0.0,0.0,0.264068,0.5,0.0,1.0,1.0,1.0,1.0,1.0,1.0,1.0,1.0,1.0
query_392,2,1.0,1.0,1.0,1.0,0.177239,0.5,0.0,1.0,0.184576,0.5,0.0,1.0,1.0,1.0,1.0,1.0,1.0,1.0,1.0,1.0
query_393,2,1.0,1.0,1.0,1.0,1.0,1.0,1.0,1.0,1.0,1.0,1.0,1.0,1.0,1.0,1.0,1.0,1.0,1.0,1.0,1.0
query_394,2,0.919721,1.0,0.5,1.0,0.386853,0.5,0.5,1.0,0.624051,1.0,0.5,1.0,0.693426,1.0,0.5,1.0,0.877215,1.0,0.5,1.0
query_395,2,1.0,1.0,1.0,1.0,0.0,0.0,0.0,0.0,0.0,0.0,0.0,0.0,1.0,1.0,1.0,1.0,1.0,1.0,1.0,1.0
query_396,2,1.0,1.0,1.0,1.0,0.237198,0.5,0.0,1.0,0.564092,1.0,0.5,1.0,1.0,1.0,1.0,1.0,1.0,1.0,1.0,1.0
query_397,2,1.0,1.0,1.0,1.0,0.386853,0.5,0.5,1.0,0.218407,0.5,0.0,1.0,1.0,1.0,1.0,1.0,1.0,1.0,1.0,1.0
query_398,2,1.0,1.0,1.0,1.0,0.204382,0.5,0.0,1.0,0.0,0.0,0.0,0.0,1.0,1.0,1.0,1.0,1.0,1.0,1.0,1.0
query_399,2,1.0,1.0,1.0,1.0,0.0,0.0,0.0,0.0,0.184576,0.5,0.0,1.0,1.0,1.0,1.0,1.0,1.0,1.0,1.0,1.0
query_400,2,1.0,1.0,1.0,1.0,0.0,0.0,0.0,0.0,0.306574,0.5,0.0,1.0,1.0,1.0,1.0,1.0,1.0,1.0,1.0,1.0
query_401,2,1.0,1.0,1.0,1.0,0.0,0.0,0.0,0.0,0.0,0.0,0.0,0.0,1.0,1.0,1.0,1.0,1.0,1.0,1.0,1.0
query_402,2,1.0,1.0,1.0,1.0,0.184576,0.5,0.0,1.0,0.386853,0.5,0.5,1.0,1.0,1.0,1.0,1.0,1.0,1.0,1.0,1.0
query_403,2,1.0,1.0,1.0,1.0,0.237198,0.5,0.0,1.0,0.919721,1.0,0.5,1.0,1.0,1.0,1.0,1.0,1.0,1.0,1.0,1.0
query_404,2,1.0,1.0,1.0,1.0,0.386853,0.5,0.5,1.0,0.501266,1.0,0.0,1.0,1.0,1.0,1.0,1.0,1.0,1.0,1.0,1.0
query_405,2,1.0,1.0,1.0,1.0,0.0,0.0,0.0,0.0,0.184576,0.5,0.0,1.0,1.0,1.0,1.0,1.0,1.0,1.0,1.0,1.0
query_406,2,0.919721,1.0,0.5,1.0,0.613147,0.5,0.5,1.0,0.831555,1.0,0.5,1.0,0.919721,1.0,0.5,1.0,1.0,1.0,1.0,1.0
query_407,2,1.0,1.0,1.0,1.0,0.0,0.0,0.0,0.0,0.0,0.0,0.0,0.0,1.0,1.0,1.0,1.0,1.0,1.0,1.0,1.0
query_408,2,1.0,1.0,1.0,1.0,0.177239,0.5,0.0,1.0,0.919721,1.0,0.5,1.0,1.0,1.0,1.0,1.0,1.0,1.0,1.0,1.0
query_409,2,1.0,1.0,1.0,1.0,0.381622,1.0,0.0,1.0,0.177239,0.5,0.0,1.0,1.0,1.0,1.0,1.0,1.0,1.0,1.0,1.0
query_410,2,1.0,1.0,1.0,1.0,0.237198,0.5,0.0,1.0,0.613147,0.5,0.5,1.0,1.0,1.0,1.0,1.0,1.0,1.0,1.0,1.0
query_411,2,1.0,1.0,1.0,1.0,0.613147,0.5,0.5,1.0,0.613147,0.5,0.5,1.0,1.0,1.0,1.0,1.0,1.0,1.0,1.0,1.0
query_412,2,1.0,1.0,1.0,1.0,0.0,0.0,0.0,0.0,0.919721,1.0,0.5,1.0,1.0,1.0,1.0,1.0,1.0,1.0,1.0,1.0
query_413,2,1.0,1.0,1.0,1.0,0.386853,0.5,0.5,1.0,0.237198,0.5,0.0,1.0,1.0,1.0,1.0,1.0,1.0,1.0,1.0,1.0
query_414,2,1.0,1.0,1.0,1.0,0.0,0.0,0.0,0.0,0.0,0.0,0.0,0.0,1.0,1.0,1.0,1.0,1.0,1.0,1.0,1.0
query_415,2,1.0,1.0,1.0,1.0,0.0,0.0,0.0,0.0,0.264068,0.5,0.0,1.0,1.0,1.0,1.0,1.0,1.0,1.0,1.0,1.0
query_416,2,1.0,1.0,1.0,1.0,0.0,0.0,0.0,0.0,0.0,0.0,0.0,0.0,1.0,1.0,1.0,1.0,1.0,1.0,1.0,1.0
query_417,2,1.0,1.0,1.0,1.0,0.448644,1.0,0.0,1.0,0.613147,0.5,0.5,1.0,1.0,1.0,1.0,1.0,1.0,1.0,1.0,1.0
query_418,2,1.0,1.0,1.0,1.0,0.177239,0.5,0.0,1.0,0.0,0.0,0.0,0.0,1.0,1.0,1.0,1.0,1.0,1.0,1.0,1.0
query_419,2,1.0,1.0,1.0,1.0,0.204382,0.5,0.0,1.0,0.177239,0.5,0.0,1.0,1.0,1.0,1.0,1.0,1.0,1.0,1.0,1.0
query_420,2,1.0,1.0,1.0,1.0,0.0,0.0,0.0,0.0,0.850345,1.0,0.5,1.0,1.0,1.0,1.0,1.0,1.0,1.0,1.0,1.0
query_421,2,1.0,1.0,1.0,1.0,0.524981,1.0,0.0,1.0,0.877215,1.0,0.5,1.0,1.0,1.0,1.0,1.0,1.0,1.0,1.0,1.0
query_422,2,1.0,1.0,1.0,1.0,0.264068,0.5,0.0,1.0,0.264068,0.5,0.0,1.0,1.0,1.0,1.0,1.0,1.0,1.0,1.0,1.0
query_423,2,1.0,1.0,1.0,1.0,0.218407,0.5,0.0,1.0,0.264068,0.5,0.0,1.0,1.0,1.0,1.0,1.0,1.0,1.0,1.0,1.0
query_424,2,1.0,1.0,1.0,1.0,0.0,0.0,0.0,0.0,0.0,0.0,0.0,0.0,1.0,1.0,1.0,1.0,1.0,1.0,1.0,1.0
query_425,2,1.0,1.0,1.0,1.0,0.0,0.0,0.0,0.0,0.0,0.0,0.0,0.0,1.0,1.0,1.0,1.0,1.0,1.0,1.0,1.0
query_426,2,1.0,1.0,1.0,1.0,0.306574,0.5,0.0,1.0,0.613147,0.5,0.5,1.0,1.0,1.0,1.0,1.0,1.0,1.0,1.0,1.0
query_427,2,1.0,1.0,1.0,1.0,0.237198,0.5,0.0,1.0,0.204382,0.5,0.0,1.0,1.0,1.0,1.0,1.0,1.0,1.0,1.0,1.0
query_428,2,1.0,1.0,1.0,1.0,0.613147,0.5,0.5,1.0,0.613147,0.5,0.5,1.0,1.0,1.0,1.0,1.0,1.0,1.0,1.0,1.0
query_429,2,1.0,1.0,1.0,1.0,0.0,0.0,0.0,0.0,0.613147,0.5,0.5,1.0,0.306574,0.5,0.0,1.0,0.806574,1.0,0.5,1.0
query_430,2,1.0,1.0,1.0,1.0,0.237198,0.5,0.0,1.0,0.0,0.0,0.0,0.0,1.0,1.0,1.0,1.0,1.0,1.0,1.0,1.0
query_431,2,1.0,1.0,1.0,1.0,0.613147,0.5,0.5,1.0,0.204382,0.5,0.0,1.0,1.0,1.0,1.0,1.0,1.0,1.0,1.0,1.0
query_432,2,1.0,1.0,1.0,1.0,0.386853,0.5,0.5,1.0,0.580279,1.0,0.5,1.0,1.0,1.0,1.0,1.0,1.0,1.0,1.0,1.0
query_433,2,1.0,1.0,1.0,1.0,0.386853,0.5,0.5,1.0,0.204382,0.5,0.0,1.0,1.0,1.0,1.0,1.0,1.0,1.0,1.0,1.0
query_434,2,1.0,1.0,1.0,1.0,0.797723,1.0,0.5,1.0,0.306574,0.5,0.0,1.0,1.0,1.0,1.0,1.0,1.0,1.0,1.0,1.0
query_435,2,1.0,1.0,1.0,1.0,0.0,0.0,0.0,0.0,0.919721,1.0,0.5,1.0,1.0,1.0,1.0,1.0,1.0,1.0,1.0,1.0
query_436,2,1.0,1.0,1.0,1.0,0.0,0.0,0.0,0.0,0.0,0.0,0.0,0.0,1.0,1.0,1.0,1.0,1.0,1.0,1.0,1.0
query_437,2,1.0,1.0,1.0,1.0,0.613147,0.5,0.5,1.0,0.613147,0.5,0.5,1.0,1.0,1.0,1.0,1.0,1.0,1.0,1.0,1.0
query_438,2,1.0,1.0,1.0,1.0,0.0,0.0,0.0,0.0,0.613147,0.5,0.5,1.0,1.0,1.0,1.0,1.0,1.0,1.0,1.0,1.0
query_439,2,1.0,1.0,1.0,1.0,0.613147,0.5,0.5,1.0,0.613147,0.5,0.5,1.0,1.0,1.0,1.0,1.0,1.0,1.0,1.0,1.0
query_440,2,1.0,1.0,1.0,1.0,0.591235,1.0,0.5,1.0,0.877215,1.0,0.5,1.0,1.0,1.0,1.0,1.0,1.0,1.0,1.0,1.0
query_441,2,1.0,1.0,1.0,1.0,0.0,0.0,0.0,0.0,0.0,0.0,0.0,0.0,1.0,1.0,1.0,1.0,1.0,1.0,1.0,1.0
query_442,2,1.0,1.0,1.0,1.0,0.177239,0.5,0.0,1.0,0.306574,0.5,0.0,1.0,1.0,1.0,1.0,1.0,1.0,1.0,1.0,1.0
query_443,2,1.0,1.0,1.0,1.0,0.193426,0.5,0.0,1.0,0.306574,0.5,0.0,1.0,1.0,1.0,1.0,1.0,1.0,1.0,1.0,1.0
query_444,2,1.0,1.0,1.0,1.0,0.237198,0.5,0.0,1.0,0.204382,0.5,0.0,1.0,1.0,1.0,1.0,1.0,1.0,1.0,1.0,1.0
query_445,2,1.0,1.0,1.0,1.0,0.386853,0.5,0.5,1.0,0.919721,1.0,0.5,1.0,1.0,1.0,1.0,1.0,1.0,1.0,1.0,1.0
query_446,2,1.0,1.0,1.0,1.0,0.306574,0.5,0.0,1.0,0.613147,0.5,0.5,1.0,1.0,1.0,1.0,1.0,1.0,1.0,1.0,1.0
query_447,2,1.0,1.0,1.0,1.0,0.386853,0.5,0.5,1.0,0.306574,0.5,0.0,1.0,1.0,1.0,1.0,1.0,1.0,1.0,1.0,1.0
query_448,2,1.0,1.0,1.0,1.0,0.60526,1.0,0.5,1.0,0.510956,1.0,0.0,1.0,1.0,1.0,1.0,1.0,1.0,1.0,1.0,1.0
query_449,2,1.0,1.0,1.0,1.0,0.193426,0.5,0.0,1.0,0.386853,0.5,0.5,1.0,1.0,1.0,1.0,1.0,1.0,1.0,1.0,1.0
query_450,2,1.0,1.0,1.0,1.0,0.0,0.0,0.0,0.0,0.0,0.0,0.0,0.0,0.919721,1.0,0.5,1.0,1.0,1.0,1.0,1.0
query_451,2,1.0,1.0,1.0,1.0,0.0,0.0,0.0,0.0,0.613147,0.5,0.5,1.0,1.0,1.0,1.0,1.0,1.0,1.0,1.0,1.0
query_452,2,1.0,1.0,1.0,1.0,0.0,0.0,0.0,0.0,0.306574,0.5,0.0,1.0,1.0,1.0,1.0,1.0,1.0,1.0,1.0,1.0
query_453,2,1.0,1.0,1.0,1.0,0.177239,0.5,0.0,1.0,0.184576,0.5,0.0,1.0,1.0,1.0,1.0,1.0,1.0,1.0,1.0,1.0
query_454,2,1.0,1.0,1.0,1.0,0.0,0.0,0.0,0.0,0.0,0.0,0.0,0.0,1.0,1.0,1.0,1.0,1.0,1.0,1.0,1.0
query_455,2,1.0,1.0,1.0,1.0,0.0,0.0,0.0,0.0,0.0,0.0,0.0,0.0,1.0,1.0,1.0,1.0,1.0,1.0,1.0,1.0
query_456,2,1.0,1.0,1.0,1.0,0.193426,0.5,0.0,1.0,0.184576,0.5,0.0,1.0,1.0,1.0,1.0,1.0,1.0,1.0,1.0,1.0
query_457,2,1.0,1.0,1.0,1.0,1.0,1.0,1.0,1.0,0.184576,0.5,0.0,1.0,1.0,1.0,1.0,1.0,1.0,1.0,1.0,1.0
query_458,2,1.0,1.0,1.0,1.0,0.386853,0.5,0.5,1.0,0.193426,0.5,0.0,1.0,1.0,1.0,1.0,1.0,1.0,1.0,1.0,1.0
query_459,2,1.0,1.0,1.0,1.0,0.790386,1.0,0.5,1.0,0.0,0.0,0.0,0.0,1.0,1.0,1.0,1.0,1.0,1.0,1.0,1.0
query_460,2,1.0,1.0,1.0,1.0,0.184576,0.5,0.0,1.0,0.386853,0.5,0.5,1.0,1.0,1.0,1.0,1.0,1.0,1.0,1.0,1.0
query_461,2,1.0,1.0,1.0,1.0,0.386853,0.5,0.5,1.0,0.306574,0.5,0.0,1.0,1.0,1.0,1.0,1.0,1.0,1.0,1.0,1.0
query_462,2,1.0,1.0,1.0,1.0,0.501266,1.0,0.0,1.0,0.414437,1.0,0.0,1.0,1.0,1.0,1.0,1.0,1.0,1.0,1.0,1.0
query_463,2,1.0,1.0,1.0,1.0,0.204382,0.5,0.0,1.0,0.218407,0.5,0.0,1.0,1.0,1.0,1.0,1.0,1.0,1.0,1.0,1.0
query_464,2,1.0,1.0,1.0,1.0,0.797723,1.0,0.5,1.0,0.386853,0.5,0.5,1.0,1.0,1.0,1.0,1.0,1.0,1.0,1.0,1.0
query_465,2,1.0,1.0,1.0,1.0,0.693426,1.0,0.5,1.0,1.0,1.0,1.0,1.0,1.0,1.0,1.0,1.0,1.0,1.0,1.0,1.0
query_466,2,1.0,1.0,1.0,1.0,0.0,0.0,0.0,0.0,0.204382,0.5,0.0,1.0,1.0,1.0,1.0,1.0,1.0,1.0,1.0,1.0
query_467,2,1.0,1.0,1.0,1.0,0.0,0.0,0.0,0.0,0.613147,0.5,0.5,1.0,1.0,1.0,1.0,1.0,1.0,1.0,1.0,1.0
query_468,2,1.0,1.0,1.0,1.0,0.441307,1.0,0.0,1.0,0.177239,0.5,0.0,1.0,1.0,1.0,1.0,1.0,1.0,1.0,1.0,1.0
query_469,2,1.0,1.0,1.0,1.0,0.204382,0.5,0.0,1.0,0.613147,0.5,0.5,1.0,1.0,1.0,1.0,1.0,1.0,1.0,1.0,1.0
query_470,2,1.0,1.0,1.0,1.0,0.613147,0.5,0.5,1.0,0.613147,0.5,0.5,1.0,1.0,1.0,1.0,1.0,1.0,1.0,1.0,1.0
query_471,2,1.0,1.0,1.0,1.0,1.0,1.0,1.0,1.0,1.0,1.0,1.0,1.0,1.0,1.0,1.0,1.0,1.0,1.0,1.0,1.0
query_472,2,0.693426,1.0,0.5,1.0,0.218407,0.5,0.0,1.0,0.613147,0.5,0.5,1.0,1.0,1.0,1.0,1.0,0.693426,1.0,0.5,1.0
query_473,2,1.0,1.0,1.0,1.0,0.613147,0.5,0.5,1.0,0.613147,0.5,0.5,1.0,1.0,1.0,1.0,1.0,1.0,1.0,1.0,1.0
query_474,2,1.0,1.0,1.0,1.0,0.0,0.0,0.0,0.0,0.386853,0.5,0.5,1.0,0.919721,1.0,0.5,1.0,1.0,1.0,1.0,1.0
query_475,2,1.0,1.0,1.0,1.0,0.570642,1.0,0.0,1.0,0.790386,1.0,0.5,1.0,1.0,1.0,1.0,1.0,1.0,1.0,1.0,1.0
query_476,2,1.0,1.0,1.0,1.0,0.613147,0.5,0.5,1.0,0.613147,0.5,0.5,1.0,1.0,1.0,1.0,1.0,1.0,1.0,1.0,1.0
query_477,2,1.0,1.0,1.0,1.0,0.441307,1.0,0.0,1.0,0.421773,1.0,0.0,1.0,1.0,1.0,1.0,1.0,1.0,1.0,1.0,1.0
query_478,2,1.0,1.0,1.0,1.0,0.693426,1.0,0.5,1.0,1.0,1.0,1.0,1.0,1.0,1.0,1.0,1.0,1.0,1.0,1.0,1.0
query_479,2,1.0,1.0,1.0,1.0,0.455605,1.0,0.0,1.0,0.388958,1.0,0.0,1.0,1.0,1.0,1.0,1.0,1.0,1.0,1.0,1.0
query_480,2,1.0,1.0,1.0,1.0,0.0,0.0,0.0,0.0,0.468451,1.0,0.0,1.0,1.0,1.0,1.0,1.0,1.0,1.0,1.0,1.0
query_481,2,1.0,1.0,1.0,1.0,0.0,0.0,0.0,0.0,0.0,0.0,0.0,0.0,0.919721,1.0,0.5,1.0,1.0,1.0,1.0,1.0
query_482,2,1.0,1.0,1.0,1.0,0.613147,0.5,0.5,1.0,0.613147,0.5,0.5,1.0,1.0,1.0,1.0,1.0,1.0,1.0,1.0,1.0
query_483,2,1.0,1.0,1.0,1.0,0.430624,1.0,0.0,1.0,0.613147,0.5,0.5,1.0,1.0,1.0,1.0,1.0,1.0,1.0,1.0,1.0
query_484,2,1.0,1.0,1.0,1.0,0.193426,0.5,0.0,1.0,0.306574,0.5,0.0,1.0,1.0,1.0,1.0,1.0,1.0,1.0,1.0,1.0
query_485,2,1.0,1.0,1.0,1.0,0.564092,1.0,0.5,1.0,0.650921,1.0,0.5,1.0,1.0,1.0,1.0,1.0,1.0,1.0,1.0,1.0
query_486,2,1.0,1.0,1.0,1.0,0.624051,1.0,0.5,1.0,0.378002,1.0,0.0,1.0,1.0,1.0,1.0,1.0,1.0,1.0,1.0,1.0
query_487,2,1.0,1.0,1.0,1.0,0.613147,0.5,0.5,1.0,0.831555,1.0,0.5,1.0,1.0,1.0,1.0,1.0,1.0,1.0,1.0,1.0
query_488,2,1.0,1.0,1.0,1.0,0.441307,1.0,0.0,1.0,0.386853,0.5,0.5,1.0,1.0,1.0,1.0,1.0,1.0,1.0,1.0,1.0
query_489,2,1.0,1.0,1.0,1.0,0.613147,0.5,0.5,1.0,1.0,1.0,1.0,1.0,0.919721,1.0,0.5,1.0,1.0,1.0,1.0,1.0
query_490,2,1.0,1.0,1.0,1.0,0.0,0.0,0.0,0.0,0.0,0.0,0.0,0.0,1.0,1.0,1.0,1.0,1.0,1.0,1.0,1.0
query_491,2,1.0,1.0,1.0,1.0,0.264068,0.5,0.0,1.0,0.0,0.0,0.0,0.0,1.0,1.0,1.0,1.0,1.0,1.0,1.0,1.0
query_492,2,1.0,1.0,1.0,1.0,0.218407,0.5,0.0,1.0,0.0,0.0,0.0,0.0,1.0,1.0,1.0,1.0,1.0,1.0,1.0,1.0
query_493,2,1.0,1.0,1.0,1.0,0.370666,1.0,0.0,1.0,0.306574,0.5,0.0,1.0,1.0,1.0,1.0,1.0,1.0,1.0,1.0,1.0
query_494,2,1.0,1.0,1.0,1.0,0.0,0.0,0.0,0.0,0.184576,0.5,0.0,1.0,1.0,1.0,1.0,1.0,1.0,1.0,1.0,1.0
query_495,2,1.0,1.0,1.0,1.0,0.877215,1.0,0.5,1.0,0.388958,1.0,0.0,1.0,1.0,1.0,1.0,1.0,1.0,1.0,1.0,1.0
query_496,2,1.0,1.0,1.0,1.0,0.386853,0.5,0.5,1.0,0.613147,0.5,0.5,1.0,1.0,1.0,1.0,1.0,1.0,1.0,1.0,1.0
query_497,2,1.0,1.0,1.0,1.0,0.184576,0.5,0.0,1.0,0.204382,0.5,0.0,1.0,1.0,1.0,1.0,1.0,1.0,1.0,1.0,1.0
query_498,2,1.0,1.0,1.0,1.0,0.218407,0.5,0.0,1.0,0.177239,0.5,0.0,1.0,1.0,1.0,1.0,1.0,1.0,1.0,1.0,1.0
query_499,2,1.0,1.0,1.0,1.0,0.831555,1.0,0.5,1.0,0.831555,1.0,0.5,1.0,1.0,1.0,1.0,1.0,1.0,1.0,1.0,1.0
query_500,2,1.0,1.0,1.0,1.0,0.177239,0.5,0.0,1.0,0.543771,1.0,0.0,1.0,1.0,1.0,1.0,1.0,1.0,1.0,1.0,1.0
query_501,2,1.0,1.0,1.0,1.0,0.850345,1.0,0.5,1.0,0.613147,0.5,0.5,1.0,1.0,1.0,1.0,1.0,1.0,1.0,1.0,1.0
query_502,2,1.0,1.0,1.0,1.0,0.177239,0.5,0.0,1.0,0.613147,0.5,0.5,1.0,1.0,1.0,1.0,1.0,1.0,1.0,1.0,1.0
query_503,2,1.0,1.0,1.0,1.0,0.0,0.0,0.0,0.0,0.204382,0.5,0.0,1.0,1.0,1.0,1.0,1.0,1.0,1.0,1.0,1.0
query_504,2,1.0,1.0,1.0,1.0,0.613147,0.5,0.5,1.0,1.0,1.0,1.0,1.0,1.0,1.0,1.0,1.0,1.0,1.0,1.0,1.0
query_505,2,1.0,1.0,1.0,1.0,0.613147,0.5,0.5,1.0,1.0,1.0,1.0,1.0,1.0,1.0,1.0,1.0,1.0,1.0,1.0,1.0
query_506,2,1.0,1.0,1.0,1.0,0.218407,0.5,0.0,1.0,0.386853,0.5,0.5,1.0,1.0,1.0,1.0,1.0,1.0,1.0,1.0,1.0
query_507,2,1.0,1.0,1.0,1.0,0.204382,0.5,0.0,1.0,0.0,0.0,0.0,0.0,1.0,1.0,1.0,1.0,1.0,1.0,1.0,1.0
query_508,2,1.0,1.0,1.0,1.0,0.0,0.0,0.0,0.0,0.0,0.0,0.0,0.0,1.0,1.0,1.0,1.0,1.0,1.0,1.0,1.0
query_509,2,1.0,1.0,1.0,1.0,0.0,0.0,0.0,0.0,0.0,0.0,0.0,0.0,0.919721,1.0,0.5,1.0,1.0,1.0,1.0,1.0
query_510,2,1.0,1.0,1.0,1.0,0.237198,0.5,0.0,1.0,0.306574,0.5,0.0,1.0,1.0,1.0,1.0,1.0,1.0,1.0,1.0,1.0
query_511,2,1.0,1.0,1.0,1.0,0.386853,0.5,0.5,1.0,0.306574,0.5,0.0,1.0,1.0,1.0,1.0,1.0,1.0,1.0,1.0,1.0
query_512,2,1.0,1.0,1.0,1.0,0.0,0.0,0.0,0.0,0.193426,0.5,0.0,1.0,1.0,1.0,1.0,1.0,1.0,1.0,1.0,1.0
query_513,2,1.0,1.0,1.0,1.0,0.0,0.0,0.0,0.0,0.264068,0.5,0.0,1.0,1.0,1.0,1.0,1.0,1.0,1.0,1.0,1.0
query_514,2,1.0,1.0,1.0,1.0,0.613147,0.5,0.5,1.0,0.919721,1.0,0.5,1.0,1.0,1.0,1.0,1.0,1.0,1.0,1.0,1.0
query_515,2,1.0,1.0,1.0,1.0,0.0,0.0,0.0,0.0,0.0,0.0,0.0,0.0,1.0,1.0,1.0,1.0,1.0,1.0,1.0,1.0
query_516,2,1.0,1.0,1.0,1.0,0.193426,0.5,0.0,1.0,0.613147,0.5,0.5,1.0,1.0,1.0,1.0,1.0,1.0,1.0,1.0,1.0
query_517,2,1.0,1.0,1.0,1.0,0.193426,0.5,0.0,1.0,0.386853,0.5,0.5,1.0,1.0,1.0,1.0,1.0,1.0,1.0,1.0,1.0
query_518,2,1.0,1.0,1.0,1.0,0.193426,0.5,0.0,1.0,0.0,0.0,0.0,0.0,1.0,1.0,1.0,1.0,1.0,1.0,1.0,1.0
query_519,2,1.0,1.0,1.0,1.0,0.0,0.0,0.0,0.0,0.184576,0.5,0.0,1.0,1.0,1.0,1.0,1.0,1.0,1.0,1.0,1.0
query_520,2,1.0,1.0,1.0,1.0,0.386853,0.5,0.5,1.0,0.831555,1.0,0.5,1.0,1.0,1.0,1.0,1.0,1.0,1.0,1.0,1.0
query_521,2,1.0,1.0,1.0,1.0,0.0,0.0,0.0,0.0,0.0,0.0,0.0,0.0,1.0,1.0,1.0,1.0,1.0,1.0,1.0,1.0
query_522,2,1.0,1.0,1.0,1.0,0.0,0.0,0.0,0.0,0.193426,0.5,0.0,1.0,1.0,1.0,1.0,1.0,1.0,1.0,1.0,1.0
query_523,2,1.0,1.0,1.0,1.0,0.386853,0.5,0.5,1.0,0.613147,0.5,0.5,1.0,1.0,1.0,1.0,1.0,1.0,1.0,1.0,1.0
query_524,2,1.0,1.0,1.0,1.0,0.237198,0.5,0.0,1.0,0.193426,0.5,0.0,1.0,0.919721,1.0,0.5,1.0,1.0,1.0,1.0,1.0
query_525,2,1.0,1.0,1.0,1.0,0.0,0.0,0.0,0.0,0.264068,0.5,0.0,1.0,1.0,1.0,1.0,1.0,1.0,1.0,1.0,1.0
query_526,2,1.0,1.0,1.0,1.0,0.0,0.0,0.0,0.0,0.264068,0.5,0.0,1.0,1.0,1.0,1.0,1.0,1.0,1.0,1.0,1.0
query_527,2,1.0,1.0,1.0,1.0,0.218407,0.5,0.0,1.0,0.306574,0.5,0.0,1.0,1.0,1.0,1.0,1.0,1.0,1.0,1.0,1.0
query_528,2,1.0,1.0,1.0,1.0,0.386853,0.5,0.5,1.0,0.237198,0.5,0.0,1.0,1.0,1.0,1.0,1.0,1.0,1.0,1.0,1.0
query_529,2,1.0,1.0,1.0,1.0,0.386853,0.5,0.5,1.0,0.218407,0.5,0.0,1.0,1.0,1.0,1.0,1.0,1.0,1.0,1.0,1.0
query_530,2,1.0,1.0,1.0,1.0,0.797723,1.0,0.5,1.0,0.237198,0.5,0.0,1.0,0.570642,1.0,0.0,1.0,0.919721,1.0,0.5,1.0
query_531,2,1.0,1.0,1.0,1.0,0.193426,0.5,0.0,1.0,0.370666,1.0,0.0,1.0,1.0,1.0,1.0,1.0,1.0,1.0,1.0,1.0
query_532,2,1.0,1.0,1.0,1.0,0.0,0.0,0.0,0.0,0.193426,0.5,0.0,1.0,1.0,1.0,1.0,1.0,1.0,1.0,1.0,1.0
query_533,2,1.0,1.0,1.0,1.0,0.386853,0.5,0.5,1.0,0.361815,1.0,0.0,1.0,1.0,1.0,1.0,1.0,1.0,1.0,1.0,1.0
query_534,2,1.0,1.0,1.0,1.0,0.193426,0.5,0.0,1.0,0.204382,0.5,0.0,1.0,1.0,1.0,1.0,1.0,1.0,1.0,1.0,1.0
query_535,2,1.0,1.0,1.0,1.0,0.613147,0.5,0.5,1.0,0.613147,0.5,0.5,1.0,1.0,1.0,1.0,1.0,1.0,1.0,1.0,1.0
query_536,2,1.0,1.0,1.0,1.0,0.218407,0.5,0.0,1.0,0.0,0.0,0.0,0.0,1.0,1.0,1.0,1.0,1.0,1.0,1.0,1.0
query_537,2,1.0,1.0,1.0,1.0,0.386853,0.5,0.5,1.0,0.0,0.0,0.0,0.0,1.0,1.0,1.0,1.0,1.0,1.0,1.0,1.0
query_538,2,1.0,1.0,1.0,1.0,0.491149,1.0,0.0,1.0,0.386853,0.5,0.5,1.0,0.806574,1.0,0.5,1.0,1.0,1.0,1.0,1.0
query_539,2,1.0,1.0,1.0,1.0,0.0,0.0,0.0,0.0,0.613147,0.5,0.5,1.0,1.0,1.0,1.0,1.0,1.0,1.0,1.0,1.0
query_540,2,1.0,1.0,1.0,1.0,0.306574,0.5,0.0,1.0,0.204382,0.5,0.0,1.0,1.0,1.0,1.0,1.0,1.0,1.0,1.0,1.0
query_541,2,1.0,1.0,1.0,1.0,0.237198,0.5,0.0,1.0,0.0,0.0,0.0,0.0,1.0,1.0,1.0,1.0,1.0,1.0,1.0,1.0
query_542,2,1.0,1.0,1.0,1.0,0.877215,1.0,0.5,1.0,0.806574,1.0,0.5,1.0,1.0,1.0,1.0,1.0,1.0,1.0,1.0,1.0
query_543,2,1.0,1.0,1.0,1.0,0.0,0.0,0.0,0.0,0.0,0.0,0.0,0.0,1.0,1.0,1.0,1.0,1.0,1.0,1.0,1.0
query_544,2,1.0,1.0,1.0,1.0,0.0,0.0,0.0,0.0,0.0,0.0,0.0,0.0,0.919721,1.0,0.5,1.0,1.0,1.0,1.0,1.0
query_545,2,1.0,1.0,1.0,1.0,0.0,0.0,0.0,0.0,0.0,0.0,0.0,0.0,1.0,1.0,1.0,1.0,1.0,1.0,1.0,1.0
query_546,2,1.0,1.0,1.0,1.0,0.0,0.0,0.0,0.0,0.0,0.0,0.0,0.0,0.919721,1.0,0.5,1.0,1.0,1.0,1.0,1.0
query_547,2,1.0,1.0,1.0,1.0,0.0,0.0,0.0,0.0,0.218407,0.5,0.0,1.0,1.0,1.0,1.0,1.0,1.0,1.0,1.0,1.0
query_548,2,1.0,1.0,1.0,1.0,0.591235,1.0,0.5,1.0,0.386853,0.5,0.5,1.0,0.831555,1.0,0.5,1.0,0.919721,1.0,0.5,1.0
query_549,2,1.0,1.0,1.0,1.0,0.0,0.0,0.0,0.0,0.510956,1.0,0.0,1.0,1.0,1.0,1.0,1.0,1.0,1.0,1.0,1.0
query_550,2,1.0,1.0,1.0,1.0,0.184576,0.5,0.0,1.0,0.193426,0.5,0.0,1.0,1.0,1.0,1.0,1.0,1.0,1.0,1.0,1.0
query_551,2,1.0,1.0,1.0,1.0,0.386853,0.5,0.5,1.0,0.613147,0.5,0.5,1.0,1.0,1.0,1.0,1.0,1.0,1.0,1.0,1.0
query_552,2,1.0,1.0,1.0,1.0,0.386853,0.5,0.5,1.0,0.237198,0.5,0.0,1.0,1.0,1.0,1.0,1.0,1.0,1.0,1.0,1.0
query_553,2,1.0,1.0,1.0,1.0,0.264068,0.5,0.0,1.0,0.693426,1.0,0.5,1.0,1.0,1.0,1.0,1.0,1.0,1.0,1.0,1.0
query_554,2,1.0,1.0,1.0,1.0,0.386853,0.5,0.5,1.0,0.386853,0.5,0.5,1.0,1.0,1.0,1.0,1.0,1.0,1.0,1.0,1.0
query_555,2,1.0,1.0,1.0,1.0,0.193426,0.5,0.0,1.0,0.386853,0.5,0.5,1.0,1.0,1.0,1.0,1.0,1.0,1.0,1.0,1.0
query_556,2,1.0,1.0,1.0,1.0,0.0,0.0,0.0,0.0,0.0,0.0,0.0,0.0,1.0,1.0,1.0,1.0,1.0,1.0,1.0,1.0
query_557,2,1.0,1.0,1.0,1.0,0.0,0.0,0.0,0.0,0.0,0.0,0.0,0.0,0.877215,1.0,0.5,1.0,1.0,1.0,1.0,1.0
query_558,2,1.0,1.0,1.0,1.0,0.0,0.0,0.0,0.0,0.193426,0.5,0.0,1.0,1.0,1.0,1.0,1.0,1.0,1.0,1.0,1.0
query_559,2,1.0,1.0,1.0,1.0,0.0,0.0,0.0,0.0,0.264068,0.5,0.0,1.0,1.0,1.0,1.0,1.0,1.0,1.0,1.0,1.0
query_560,2,1.0,1.0,1.0,1.0,0.0,0.0,0.0,0.0,0.0,0.0,0.0,0.0,1.0,1.0,1.0,1.0,1.0,1.0,1.0,1.0
query_561,2,1.0,1.0,1.0,1.0,0.0,0.0,0.0,0.0,0.0,0.0,0.0,0.0,1.0,1.0,1.0,1.0,1.0,1.0,1.0,1.0
query_562,2,1.0,1.0,1.0,1.0,1.0,1.0,1.0,1.0,0.44158,1.0,0.0,1.0,1.0,1.0,1.0,1.0,1.0,1.0,1.0,1.0
query_563,2,1.0,1.0,1.0,1.0,0.0,0.0,0.0,0.0,0.0,0.0,0.0,0.0,1.0,1.0,1.0,1.0,1.0,1.0,1.0,1.0
query_564,2,1.0,1.0,1.0,1.0,0.0,0.0,0.0,0.0,0.613147,0.5,0.5,1.0,1.0,1.0,1.0,1.0,1.0,1.0,1.0,1.0
query_565,2,1.0,1.0,1.0,1.0,0.0,0.0,0.0,0.0,0.0,0.0,0.0,0.0,1.0,1.0,1.0,1.0,1.0,1.0,1.0,1.0
query_566,2,1.0,1.0,1.0,1.0,0.306574,0.5,0.0,1.0,0.386853,0.5,0.5,1.0,1.0,1.0,1.0,1.0,1.0,1.0,1.0,1.0
query_567,2,1.0,1.0,1.0,1.0,0.580279,1.0,0.5,1.0,0.580279,1.0,0.5,1.0,1.0,1.0,1.0,1.0,1.0,1.0,1.0,1.0
query_568,2,1.0,1.0,1.0,1.0,0.0,0.0,0.0,0.0,0.218407,0.5,0.0,1.0,1.0,1.0,1.0,1.0,1.0,1.0,1.0,1.0
query_569,2,1.0,1.0,1.0,1.0,0.591235,1.0,0.5,1.0,0.491149,1.0,0.0,1.0,1.0,1.0,1.0,1.0,1.0,1.0,1.0,1.0
query_570,2,1.0,1.0,1.0,1.0,0.44158,1.0,0.0,1.0,0.386853,0.5,0.5,1.0,1.0,1.0,1.0,1.0,1.0,1.0,1.0,1.0
query_571,2,1.0,1.0,1.0,1.0,0.0,0.0,0.0,0.0,0.877215,1.0,0.5,1.0,1.0,1.0,1.0,1.0,1.0,1.0,1.0,1.0
query_572,2,1.0,1.0,1.0,1.0,0.397809,1.0,0.0,1.0,0.218407,0.5,0.0,1.0,1.0,1.0,1.0,1.0,1.0,1.0,1.0,1.0
query_573,2,1.0,1.0,1.0,1.0,1.0,1.0,1.0,1.0,0.806574,1.0,0.5,1.0,1.0,1.0,1.0,1.0,1.0,1.0,1.0,1.0
query_574,2,1.0,1.0,1.0,1.0,0.237198,0.5,0.0,1.0,0.264068,0.5,0.0,1.0,0.919721,1.0,0.5,1.0,1.0,1.0,1.0,1.0
query_575,2,1.0,1.0,1.0,1.0,0.501266,1.0,0.0,1.0,0.491149,1.0,0.0,1.0,1.0,1.0,1.0,1.0,1.0,1.0,1.0,1.0
query_576,2,1.0,1.0,1.0,1.0,0.0,0.0,0.0,0.0,0.0,0.0,0.0,0.0,1.0,1.0,1.0,1.0,1.0,1.0,1.0,1.0
query_577,2,1.0,1.0,1.0,1.0,0.177239,0.5,0.0,1.0,0.0,0.0,0.0,0.0,0.650921,1.0,0.5,1.0,0.919721,1.0,0.5,1.0
query_578,2,1.0,1.0,1.0,1.0,0.0,0.0,0.0,0.0,0.0,0.0,0.0,0.0,1.0,1.0,1.0,1.0,1.0,1.0,1.0,1.0
query_579,2,1.0,1.0,1.0,1.0,0.0,0.0,0.0,0.0,0.0,0.0,0.0,0.0,1.0,1.0,1.0,1.0,1.0,1.0,1.0,1.0
query_580,2,1.0,1.0,1.0,1.0,0.264068,0.5,0.0,1.0,0.193426,0.5,0.0,1.0,1.0,1.0,1.0,1.0,1.0,1.0,1.0,1.0
query_581,2,1.0,1.0,1.0,1.0,0.264068,0.5,0.0,1.0,0.543771,1.0,0.0,1.0,1.0,1.0,1.0,1.0,1.0,1.0,1.0,1.0
query_582,2,1.0,1.0,1.0,1.0,0.0,0.0,0.0,0.0,0.386853,0.5,0.5,1.0,0.613147,0.5,0.5,1.0,0.877215,1.0,0.5,1.0
query_583,2,1.0,1.0,1.0,1.0,0.237198,0.5,0.0,1.0,0.919721,1.0,0.5,1.0,1.0,1.0,1.0,1.0,1.0,1.0,1.0,1.0
query_584,2,1.0,1.0,1.0,1.0,0.177239,0.5,0.0,1.0,0.0,0.0,0.0,0.0,1.0,1.0,1.0,1.0,1.0,1.0,1.0,1.0
query_585,2,1.0,1.0,1.0,1.0,0.204382,0.5,0.0,1.0,0.204382,0.5,0.0,1.0,1.0,1.0,1.0,1.0,1.0,1.0,1.0,1.0
query_586,2,1.0,1.0,1.0,1.0,0.0,0.0,0.0,0.0,0.0,0.0,0.0,0.0,0.0,0.0,0.0,0.0,0.919721,1.0,0.5,1.0
query_587,2,1.0,1.0,1.0,1.0,0.306574,0.5,0.0,1.0,0.613147,0.5,0.5,1.0,1.0,1.0,1.0,1.0,1.0,1.0,1.0,1.0
query_588,2,1.0,1.0,1.0,1.0,0.184576,0.5,0.0,1.0,0.0,0.0,0.0,0.0,1.0,1.0,1.0,1.0,1.0,1.0,1.0,1.0
query_589,2,1.0,1.0,1.0,1.0,0.184576,0.5,0.0,1.0,0.693426,1.0,0.5,1.0,1.0,1.0,1.0,1.0,1.0,1.0,1.0,1.0
query_590,2,1.0,1.0,1.0,1.0,0.204382,0.5,0.0,1.0,0.306574,0.5,0.0,1.0,1.0,1.0,1.0,1.0,1.0,1.0,1.0,1.0
query_591,2,0.877215,1.0,0.5,1.0,0.218407,0.5,0.0,1.0,0.264068,0.5,0.0,1.0,1.0,1.0,1.0,1.0,0.919721,1.0,0.5,1.0
query_592,2,1.0,1.0,1.0,1.0,0.613147,0.5,0.5,1.0,0.237198,0.5,0.0,1.0,1.0,1.0,1.0,1.0,1.0,1.0,1.0,1.0
query_593,2,1.0,1.0,1.0,1.0,0.264068,0.5,0.0,1.0,0.306574,0.5,0.0,1.0,1.0,1.0,1.0,1.0,1.0,1.0,1.0,1.0
query_594,2,1.0,1.0,1.0,1.0,0.0,0.0,0.0,0.0,1.0,1.0,1.0,1.0,1.0,1.0,1.0,1.0,1.0,1.0,1.0,1.0
query_595,2,1.0,1.0,1.0,1.0,0.0,0.0,0.0,0.0,0.0,0.0,0.0,0.0,1.0,1.0,1.0,1.0,1.0,1.0,1.0,1.0
query_596,2,1.0,1.0,1.0,1.0,0.237198,0.5,0.0,1.0,0.177239,0.5,0.0,1.0,1.0,1.0,1.0,1.0,1.0,1.0,1.0,1.0
query_597,2,1.0,1.0,1.0,1.0,0.797723,1.0,0.5,1.0,0.613147,0.5,0.5,1.0,1.0,1.0,1.0,1.0,1.0,1.0,1.0,1.0
query_598,2,1.0,1.0,1.0,1.0,0.0,0.0,0.0,0.0,0.264068,0.5,0.0,1.0,1.0,1.0,1.0,1.0,1.0,1.0,1.0,1.0
query_599,2,1.0,1.0,1.0,1.0,1.0,1.0,1.0,1.0,0.501266,1.0,0.0,1.0,1.0,1.0,1.0,1.0,1.0,1.0,1.0,1.0
query_600,2,1.0,1.0,1.0,1.0,0.0,0.0,0.0,0.0,0.0,0.0,0.0,0.0,1.0,1.0,1.0,1.0,1.0,1.0,1.0,1.0
query_601,2,1.0,1.0,1.0,1.0,0.831555,1.0,0.5,1.0,0.386853,0.5,0.5,1.0,1.0,1.0,1.0,1.0,1.0,1.0,1.0,1.0
query_602,2,1.0,1.0,1.0,1.0,0.193426,0.5,0.0,1.0,0.184576,0.5,0.0,1.0,1.0,1.0,1.0,1.0,1.0,1.0,1.0,1.0
query_603,2,1.0,1.0,1.0,1.0,0.204382,0.5,0.0,1.0,0.693426,1.0,0.5,1.0,1.0,1.0,1.0,1.0,1.0,1.0,1.0,1.0
query_604,2,1.0,1.0,1.0,1.0,0.306574,0.5,0.0,1.0,0.237198,0.5,0.0,1.0,1.0,1.0,1.0,1.0,1.0,1.0,1.0,1.0
query_605,2,1.0,1.0,1.0,1.0,0.0,0.0,0.0,0.0,0.0,0.0,0.0,0.0,1.0,1.0,1.0,1.0,1.0,1.0,1.0,1.0
query_606,2,1.0,1.0,1.0,1.0,0.0,0.0,0.0,0.0,0.613147,0.5,0.5,1.0,1.0,1.0,1.0,1.0,1.0,1.0,1.0,1.0
query_607,2,1.0,1.0,1.0,1.0,0.218407,0.5,0.0,1.0,0.386853,0.5,0.5,1.0,1.0,1.0,1.0,1.0,1.0,1.0,1.0,1.0
query_608,2,1.0,1.0,1.0,1.0,0.0,0.0,0.0,0.0,0.237198,0.5,0.0,1.0,1.0,1.0,1.0,1.0,1.0,1.0,1.0,1.0
query_609,2,1.0,1.0,1.0,1.0,0.237198,0.5,0.0,1.0,0.441307,1.0,0.0,1.0,1.0,1.0,1.0,1.0,1.0,1.0,1.0,1.0
query_610,2,1.0,1.0,1.0,1.0,0.177239,0.5,0.0,1.0,0.650921,1.0,0.5,1.0,1.0,1.0,1.0,1.0,1.0,1.0,1.0,1.0
query_611,2,1.0,1.0,1.0,1.0,0.177239,0.5,0.0,1.0,0.386853,0.5,0.5,1.0,1.0,1.0,1.0,1.0,1.0,1.0,1.0,1.0
query_612,2,1.0,1.0,1.0,1.0,0.543771,1.0,0.0,1.0,0.613147,0.5,0.5,1.0,1.0,1.0,1.0,1.0,1.0,1.0,1.0,1.0
query_613,2,1.0,1.0,1.0,1.0,0.386853,0.5,0.5,1.0,0.877215,1.0,0.5,1.0,1.0,1.0,1.0,1.0,1.0,1.0,1.0,1.0
query_614,2,1.0,1.0,1.0,1.0,0.306574,0.5,0.0,1.0,0.455605,1.0,0.0,1.0,1.0,1.0,1.0,1.0,1.0,1.0,1.0,1.0
query_615,2,1.0,1.0,1.0,1.0,0.204382,0.5,0.0,1.0,0.0,0.0,0.0,0.0,1.0,1.0,1.0,1.0,1.0,1.0,1.0,1.0
query_616,2,1.0,1.0,1.0,1.0,0.0,0.0,0.0,0.0,0.237198,0.5,0.0,1.0,1.0,1.0,1.0,1.0,1.0,1.0,1.0,1.0
query_617,2,1.0,1.0,1.0,1.0,0.306574,0.5,0.0,1.0,0.184576,0.5,0.0,1.0,1.0,1.0,1.0,1.0,1.0,1.0,1.0,1.0
query_618,2,1.0,1.0,1.0,1.0,0.624051,1.0,0.5,1.0,0.0,0.0,0.0,0.0,1.0,1.0,1.0,1.0,1.0,1.0,1.0,1.0
query_619,2,1.0,1.0,1.0,1.0,0.0,0.0,0.0,0.0,0.0,0.0,0.0,0.0,1.0,1.0,1.0,1.0,1.0,1.0,1.0,1.0
query_620,2,1.0,1.0,1.0,1.0,1.0,1.0,1.0,1.0,1.0,1.0,1.0,1.0,0.919721,1.0,0.5,1.0,0.919721,1.0,0.5,1.0
query_621,2,1.0,1.0,1.0,1.0,0.455605,1.0,0.0,1.0,0.0,0.0,0.0,0.0,1.0,1.0,1.0,1.0,1.0,1.0,1.0,1.0
query_622,2,1.0,1.0,1.0,1.0,0.570642,1.0,0.0,1.0,0.650921,1.0,0.5,1.0,1.0,1.0,1.0,1.0,1.0,1.0,1.0,1.0
query_623,2,0.693426,1.0,0.5,1.0,0.204382,0.5,0.0,1.0,0.613147,0.5,0.5,1.0,1.0,1.0,1.0,1.0,0.919721,1.0,0.5,1.0
query_624,2,1.0,1.0,1.0,1.0,0.0,0.0,0.0,0.0,0.0,0.0,0.0,0.0,1.0,1.0,1.0,1.0,1.0,1.0,1.0,1.0
query_625,2,1.0,1.0,1.0,1.0,0.0,0.0,0.0,0.0,0.177239,0.5,0.0,1.0,1.0,1.0,1.0,1.0,1.0,1.0,1.0,1.0
query_626,2,1.0,1.0,1.0,1.0,0.543771,1.0,0.0,1.0,0.613147,0.5,0.5,1.0,1.0,1.0,1.0,1.0,1.0,1.0,1.0,1.0
query_627,2,1.0,1.0,1.0,1.0,1.0,1.0,1.0,1.0,0.877215,1.0,0.5,1.0,1.0,1.0,1.0,1.0,1.0,1.0,1.0,1.0
query_628,2,1.0,1.0,1.0,1.0,0.613147,0.5,0.5,1.0,0.850345,1.0,0.5,1.0,1.0,1.0,1.0,1.0,1.0,1.0,1.0,1.0
query_629,2,1.0,1.0,1.0,1.0,0.613147,0.5,0.5,1.0,0.877215,1.0,0.5,1.0,1.0,1.0,1.0,1.0,1.0,1.0,1.0,1.0
query_630,2,1.0,1.0,1.0,1.0,0.0,0.0,0.0,0.0,0.0,0.0,0.0,0.0,1.0,1.0,1.0,1.0,1.0,1.0,1.0,1.0
query_631,2,1.0,1.0,1.0,1.0,0.381622,1.0,0.0,1.0,0.204382,0.5,0.0,1.0,1.0,1.0,1.0,1.0,1.0,1.0,1.0,1.0
query_632,2,1.0,1.0,1.0,1.0,0.237198,0.5,0.0,1.0,0.693426,1.0,0.5,1.0,1.0,1.0,1.0,1.0,1.0,1.0,1.0,1.0
query_633,2,1.0,1.0,1.0,1.0,0.386853,0.5,0.5,1.0,0.850345,1.0,0.5,1.0,1.0,1.0,1.0,1.0,1.0,1.0,1.0,1.0
query_634,2,1.0,1.0,1.0,1.0,0.0,0.0,0.0,0.0,0.613147,0.5,0.5,1.0,1.0,1.0,1.0,1.0,1.0,1.0,1.0,1.0
query_635,2,1.0,1.0,1.0,1.0,0.919721,1.0,0.5,1.0,1.0,1.0,1.0,1.0,0.877215,1.0,0.5,1.0,0.919721,1.0,0.5,1.0
query_636,2,0.919721,1.0,0.5,1.0,0.0,0.0,0.0,0.0,0.790386,1.0,0.5,1.0,1.0,1.0,1.0,1.0,1.0,1.0,1.0,1.0
query_637,2,1.0,1.0,1.0,1.0,0.0,0.0,0.0,0.0,0.0,0.0,0.0,0.0,1.0,1.0,1.0,1.0,1.0,1.0,1.0,1.0
query_638,2,1.0,1.0,1.0,1.0,0.386853,0.5,0.5,1.0,0.306574,0.5,0.0,1.0,1.0,1.0,1.0,1.0,1.0,1.0,1.0,1.0
query_639,2,1.0,1.0,1.0,1.0,0.0,0.0,0.0,0.0,0.5,1.0,0.0,1.0,1.0,1.0,1.0,1.0,1.0,1.0,1.0,1.0
query_640,2,1.0,1.0,1.0,1.0,0.613147,0.5,0.5,1.0,0.613147,0.5,0.5,1.0,1.0,1.0,1.0,1.0,1.0,1.0,1.0,1.0
query_641,2,1.0,1.0,1.0,1.0,0.204382,0.5,0.0,1.0,0.0,0.0,0.0,0.0,1.0,1.0,1.0,1.0,1.0,1.0,1.0,1.0
query_642,2,1.0,1.0,1.0,1.0,0.386853,0.5,0.5,1.0,0.386853,0.5,0.5,1.0,1.0,1.0,1.0,1.0,1.0,1.0,1.0,1.0
query_643,2,1.0,1.0,1.0,1.0,0.0,0.0,0.0,0.0,0.264068,0.5,0.0,1.0,1.0,1.0,1.0,1.0,1.0,1.0,1.0,1.0
query_644,2,1.0,1.0,1.0,1.0,0.218407,0.5,0.0,1.0,0.264068,0.5,0.0,1.0,1.0,1.0,1.0,1.0,1.0,1.0,1.0,1.0
query_645,2,1.0,1.0,1.0,1.0,0.237198,0.5,0.0,1.0,0.0,0.0,0.0,0.0,1.0,1.0,1.0,1.0,1.0,1.0,1.0,1.0
query_646,2,1.0,1.0,1.0,1.0,0.264068,0.5,0.0,1.0,0.613147,0.5,0.5,1.0,1.0,1.0,1.0,1.0,1.0,1.0,1.0,1.0
query_647,2,1.0,1.0,1.0,1.0,0.264068,0.5,0.0,1.0,0.501266,1.0,0.0,1.0,1.0,1.0,1.0,1.0,1.0,1.0,1.0,1.0
query_648,2,1.0,1.0,1.0,1.0,0.177239,0.5,0.0,1.0,0.306574,0.5,0.0,1.0,1.0,1.0,1.0,1.0,1.0,1.0,1.0,1.0
query_649,2,1.0,1.0,1.0,1.0,0.306574,0.5,0.0,1.0,0.306574,0.5,0.0,1.0,1.0,1.0,1.0,1.0,1.0,1.0,1.0,1.0
query_650,2,1.0,1.0,1.0,1.0,0.0,0.0,0.0,0.0,0.218407,0.5,0.0,1.0,1.0,1.0,1.0,1.0,1.0,1.0,1.0,1.0
query_651,2,1.0,1.0,1.0,1.0,0.831555,1.0,0.5,1.0,0.613147,0.5,0.5,1.0,1.0,1.0,1.0,1.0,1.0,1.0,1.0,1.0
query_652,2,1.0,1.0,1.0,1.0,0.0,0.0,0.0,0.0,0.0,0.0,0.0,0.0,1.0,1.0,1.0,1.0,1.0,1.0,1.0,1.0
query_653,2,1.0,1.0,1.0,1.0,0.468451,1.0,0.0,1.0,1.0,1.0,1.0,1.0,1.0,1.0,1.0,1.0,1.0,1.0,1.0,1.0
query_654,2,1.0,1.0,1.0,1.0,0.60526,1.0,0.5,1.0,0.591235,1.0,0.5,1.0,1.0,1.0,1.0,1.0,1.0,1.0,1.0,1.0
query_655,2,1.0,1.0,1.0,1.0,0.0,0.0,0.0,0.0,0.386853,0.5,0.5,1.0,1.0,1.0,1.0,1.0,1.0,1.0,1.0,1.0
query_656,2,1.0,1.0,1.0,1.0,0.193426,0.5,0.0,1.0,0.0,0.0,0.0,0.0,1.0,1.0,1.0,1.0,1.0,1.0,1.0,1.0
query_657,2,1.0,1.0,1.0,1.0,0.306574,0.5,0.0,1.0,0.386853,0.5,0.5,1.0,1.0,1.0,1.0,1.0,1.0,1.0,1.0,1.0
query_658,2,1.0,1.0,1.0,1.0,0.306574,0.5,0.0,1.0,0.386853,0.5,0.5,1.0,1.0,1.0,1.0,1.0,1.0,1.0,1.0,1.0
query_659,2,1.0,1.0,1.0,1.0,0.184576,0.5,0.0,1.0,0.237198,0.5,0.0,1.0,1.0,1.0,1.0,1.0,1.0,1.0,1.0,1.0
query_660,2,0.919721,1.0,0.5,1.0,0.613147,0.5,0.5,1.0,1.0,1.0,1.0,1.0,1.0,1.0,1.0,1.0,1.0,1.0,1.0,1.0
query_661,2,1.0,1.0,1.0,1.0,0.0,0.0,0.0,0.0,0.0,0.0,0.0,0.0,1.0,1.0,1.0,1.0,1.0,1.0,1.0,1.0
query_662,2,1.0,1.0,1.0,1.0,0.613147,0.5,0.5,1.0,0.591235,1.0,0.5,1.0,1.0,1.0,1.0,1.0,1.0,1.0,1.0,1.0
query_663,2,1.0,1.0,1.0,1.0,0.0,0.0,0.0,0.0,0.204382,0.5,0.0,1.0,1.0,1.0,1.0,1.0,1.0,1.0,1.0,1.0
query_664,2,1.0,1.0,1.0,1.0,0.613147,0.5,0.5,1.0,0.306574,0.5,0.0,1.0,1.0,1.0,1.0,1.0,1.0,1.0,1.0,1.0
query_665,2,1.0,1.0,1.0,1.0,0.0,0.0,0.0,0.0,0.0,0.0,0.0,0.0,1.0,1.0,1.0,1.0,1.0,1.0,1.0,1.0
query_666,2,1.0,1.0,1.0,1.0,0.0,0.0,0.0,0.0,0.524981,1.0,0.0,1.0,1.0,1.0,1.0,1.0,1.0,1.0,1.0,1.0
query_667,2,1.0,1.0,1.0,1.0,0.613147,0.5,0.5,1.0,0.218407,0.5,0.0,1.0,1.0,1.0,1.0,1.0,1.0,1.0,1.0,1.0
query_668,2,1.0,1.0,1.0,1.0,0.613147,0.5,0.5,1.0,0.613147,0.5,0.5,1.0,1.0,1.0,1.0,1.0,1.0,1.0,1.0,1.0
query_669,2,1.0,1.0,1.0,1.0,0.482476,1.0,0.0,1.0,0.650921,1.0,0.5,1.0,1.0,1.0,1.0,1.0,1.0,1.0,1.0,1.0
query_670,2,1.0,1.0,1.0,1.0,0.482476,1.0,0.0,1.0,0.543771,1.0,0.0,1.0,1.0,1.0,1.0,1.0,1.0,1.0,1.0,1.0
query_671,2,1.0,1.0,1.0,1.0,0.877215,1.0,0.5,1.0,0.624051,1.0,0.5,1.0,1.0,1.0,1.0,1.0,1.0,1.0,1.0,1.0
query_672,2,1.0,1.0,1.0,1.0,0.613147,0.5,0.5,1.0,0.613147,0.5,0.5,1.0,1.0,1.0,1.0,1.0,1.0,1.0,1.0,1.0
query_673,2,1.0,1.0,1.0,1.0,0.60526,1.0,0.5,1.0,0.501266,1.0,0.0,1.0,1.0,1.0,1.0,1.0,1.0,1.0,1.0,1.0
query_674,2,1.0,1.0,1.0,1.0,0.613147,0.5,0.5,1.0,1.0,1.0,1.0,1.0,1.0,1.0,1.0,1.0,1.0,1.0,1.0,1.0
query_675,2,1.0,1.0,1.0,1.0,0.218407,0.5,0.0,1.0,0.0,0.0,0.0,0.0,1.0,1.0,1.0,1.0,1.0,1.0,1.0,1.0
query_676,2,1.0,1.0,1.0,1.0,1.0,1.0,1.0,1.0,1.0,1.0,1.0,1.0,1.0,1.0,1.0,1.0,1.0,1.0,1.0,1.0
query_677,2,1.0,1.0,1.0,1.0,0.580279,1.0,0.5,1.0,0.831555,1.0,0.5,1.0,1.0,1.0,1.0,1.0,1.0,1.0,1.0,1.0
query_678,2,1.0,1.0,1.0,1.0,0.877215,1.0,0.5,1.0,0.591235,1.0,0.5,1.0,1.0,1.0,1.0,1.0,1.0,1.0,1.0,1.0
query_679,2,1.0,1.0,1.0,1.0,0.306574,0.5,0.0,1.0,0.264068,0.5,0.0,1.0,1.0,1.0,1.0,1.0,1.0,1.0,1.0,1.0
query_680,2,1.0,1.0,1.0,1.0,0.613147,0.5,0.5,1.0,0.850345,1.0,0.5,1.0,1.0,1.0,1.0,1.0,1.0,1.0,1.0,1.0
query_681,2,1.0,1.0,1.0,1.0,0.624051,1.0,0.5,1.0,0.524981,1.0,0.0,1.0,1.0,1.0,1.0,1.0,1.0,1.0,1.0,1.0
query_682,2,1.0,1.0,1.0,1.0,0.806574,1.0,0.5,1.0,1.0,1.0,1.0,1.0,1.0,1.0,1.0,1.0,1.0,1.0,1.0,1.0
query_683,2,1.0,1.0,1.0,1.0,0.0,0.0,0.0,0.0,0.613147,0.5,0.5,1.0,1.0,1.0,1.0,1.0,1.0,1.0,1.0,1.0
query_684,2,1.0,1.0,1.0,1.0,0.306574,0.5,0.0,1.0,0.306574,0.5,0.0,1.0,1.0,1.0,1.0,1.0,1.0,1.0,1.0,1.0
query_685,2,1.0,1.0,1.0,1.0,0.204382,0.5,0.0,1.0,0.184576,0.5,0.0,1.0,1.0,1.0,1.0,1.0,1.0,1.0,1.0,1.0
query_686,2,1.0,1.0,1.0,1.0,1.0,1.0,1.0,1.0,0.850345,1.0,0.5,1.0,1.0,1.0,1.0,1.0,1.0,1.0,1.0,1.0
query_687,2,1.0,1.0,1.0,1.0,0.237198,0.5,0.0,1.0,0.806574,1.0,0.5,1.0,1.0,1.0,1.0,1.0,1.0,1.0,1.0,1.0
query_688,2,1.0,1.0,1.0,1.0,0.919721,1.0,0.5,1.0,1.0,1.0,1.0,1.0,1.0,1.0,1.0,1.0,1.0,1.0,1.0,1.0
query_689,2,1.0,1.0,1.0,1.0,0.0,0.0,0.0,0.0,0.0,0.0,0.0,0.0,1.0,1.0,1.0,1.0,1.0,1.0,1.0,1.0
query_690,2,1.0,1.0,1.0,1.0,0.218407,0.5,0.0,1.0,0.0,0.0,0.0,0.0,1.0,1.0,1.0,1.0,1.0,1.0,1.0,1.0
query_691,2,0.693426,1.0,0.5,1.0,0.204382,0.5,0.0,1.0,0.0,0.0,0.0,0.0,1.0,1.0,1.0,1.0,1.0,1.0,1.0,1.0
query_692,2,1.0,1.0,1.0,1.0,0.386853,0.5,0.5,1.0,0.806574,1.0,0.5,1.0,1.0,1.0,1.0,1.0,1.0,1.0,1.0,1.0
query_693,2,1.0,1.0,1.0,1.0,0.564092,1.0,0.5,1.0,1.0,1.0,1.0,1.0,1.0,1.0,1.0,1.0,1.0,1.0,1.0,1.0
query_694,2,1.0,1.0,1.0,1.0,0.386853,0.5,0.5,1.0,0.264068,0.5,0.0,1.0,1.0,1.0,1.0,1.0,1.0,1.0,1.0,1.0
query_695,2,1.0,1.0,1.0,1.0,0.850345,1.0,0.5,1.0,0.237198,0.5,0.0,1.0,1.0,1.0,1.0,1.0,1.0,1.0,1.0,1.0
query_696,2,1.0,1.0,1.0,1.0,0.177239,0.5,0.0,1.0,0.0,0.0,0.0,0.0,1.0,1.0,1.0,1.0,1.0,1.0,1.0,1.0
query_697,2,1.0,1.0,1.0,1.0,0.386853,0.5,0.5,1.0,1.0,1.0,1.0,1.0,1.0,1.0,1.0,1.0,1.0,1.0,1.0,1.0
query_698,2,1.0,1.0,1.0,1.0,0.386853,0.5,0.5,1.0,0.218407,0.5,0.0,1.0,1.0,1.0,1.0,1.0,1.0,1.0,1.0,1.0
query_699,2,0.919721,1.0,0.5,1.0,0.613147,0.5,0.5,1.0,0.613147,0.5,0.5,1.0,1.0,1.0,1.0,1.0,1.0,1.0,1.0,1.0
query_700,2,1.0,1.0,1.0,1.0,0.386853,0.5,0.5,1.0,0.0,0.0,0.0,0.0,1.0,1.0,1.0,1.0,1.0,1.0,1.0,1.0
query_701,2,1.0,1.0,1.0,1.0,0.306574,0.5,0.0,1.0,0.0,0.0,0.0,0.0,1.0,1.0,1.0,1.0,1.0,1.0,1.0,1.0
query_702,2,1.0,1.0,1.0,1.0,0.184576,0.5,0.0,1.0,0.193426,0.5,0.0,1.0,1.0,1.0,1.0,1.0,1.0,1.0,1.0,1.0
query_703,2,1.0,1.0,1.0,1.0,0.0,0.0,0.0,0.0,0.0,0.0,0.0,0.0,1.0,1.0,1.0,1.0,1.0,1.0,1.0,1.0
query_704,2,1.0,1.0,1.0,1.0,0.510956,1.0,0.0,1.0,0.386853,0.5,0.5,1.0,1.0,1.0,1.0,1.0,1.0,1.0,1.0,1.0
query_705,2,1.0,1.0,1.0,1.0,0.0,0.0,0.0,0.0,0.184576,0.5,0.0,1.0,0.919721,1.0,0.5,1.0,1.0,1.0,1.0,1.0
query_706,2,1.0,1.0,1.0,1.0,0.184576,0.5,0.0,1.0,0.204382,0.5,0.0,1.0,1.0,1.0,1.0,1.0,1.0,1.0,1.0,1.0
query_707,2,1.0,1.0,1.0,1.0,0.218407,0.5,0.0,1.0,0.483813,1.0,0.0,1.0,1.0,1.0,1.0,1.0,1.0,1.0,1.0,1.0
query_708,2,1.0,1.0,1.0,1.0,0.0,0.0,0.0,0.0,0.491149,1.0,0.0,1.0,1.0,1.0,1.0,1.0,1.0,1.0,1.0,1.0
query_709,2,1.0,1.0,1.0,1.0,0.613147,0.5,0.5,1.0,0.81753,1.0,0.5,1.0,1.0,1.0,1.0,1.0,1.0,1.0,1.0,1.0
query_710,2,1.0,1.0,1.0,1.0,0.0,0.0,0.0,0.0,0.510956,1.0,0.0,1.0,1.0,1.0,1.0,1.0,1.0,1.0,1.0,1.0
query_711,2,1.0,1.0,1.0,1.0,0.564092,1.0,0.5,1.0,0.218407,0.5,0.0,1.0,1.0,1.0,1.0,1.0,1.0,1.0,1.0,1.0
query_712,2,1.0,1.0,1.0,1.0,0.306574,0.5,0.0,1.0,0.613147,0.5,0.5,1.0,1.0,1.0,1.0,1.0,1.0,1.0,1.0,1.0
query_713,2,1.0,1.0,1.0,1.0,0.0,0.0,0.0,0.0,0.441307,1.0,0.0,1.0,1.0,1.0,1.0,1.0,1.0,1.0,1.0,1.0
query_714,2,1.0,1.0,1.0,1.0,0.0,0.0,0.0,0.0,0.613147,0.5,0.5,1.0,1.0,1.0,1.0,1.0,1.0,1.0,1.0,1.0
query_715,2,1.0,1.0,1.0,1.0,0.0,0.0,0.0,0.0,0.613147,0.5,0.5,1.0,1.0,1.0,1.0,1.0,1.0,1.0,1.0,1.0
query_716,2,1.0,1.0,1.0,1.0,0.184576,0.5,0.0,1.0,0.218407,0.5,0.0,1.0,1.0,1.0,1.0,1.0,1.0,1.0,1.0,1.0
query_717,2,1.0,1.0,1.0,1.0,0.482476,1.0,0.0,1.0,0.306574,0.5,0.0,1.0,1.0,1.0,1.0,1.0,1.0,1.0,1.0,1.0
query_718,2,1.0,1.0,1.0,1.0,0.204382,0.5,0.0,1.0,0.81753,1.0,0.5,1.0,1.0,1.0,1.0,1.0,1.0,1.0,1.0,1.0
query_719,2,1.0,1.0,1.0,1.0,0.184576,0.5,0.0,1.0,0.264068,0.5,0.0,1.0,1.0,1.0,1.0,1.0,1.0,1.0,1.0,1.0
query_720,2,1.0,1.0,1.0,1.0,0.491149,1.0,0.0,1.0,0.877215,1.0,0.5,1.0,1.0,1.0,1.0,1.0,1.0,1.0,1.0,1.0
query_721,2,1.0,1.0,1.0,1.0,0.306574,0.5,0.0,1.0,0.204382,0.5,0.0,1.0,1.0,1.0,1.0,1.0,1.0,1.0,1.0,1.0
query_722,2,1.0,1.0,1.0,1.0,0.571429,1.0,0.5,1.0,0.613147,0.5,0.5,1.0,1.0,1.0,1.0,1.0,1.0,1.0,1.0,1.0
query_723,2,1.0,1.0,1.0,1.0,0.0,0.0,0.0,0.0,0.468451,1.0,0.0,1.0,1.0,1.0,1.0,1.0,1.0,1.0,1.0,1.0
query_724,2,1.0,1.0,1.0,1.0,0.0,0.0,0.0,0.0,0.386853,0.5,0.5,1.0,1.0,1.0,1.0,1.0,1.0,1.0,1.0,1.0
query_725,2,1.0,1.0,1.0,1.0,0.218407,0.5,0.0,1.0,0.264068,0.5,0.0,1.0,1.0,1.0,1.0,1.0,1.0,1.0,1.0,1.0
query_726,2,1.0,1.0,1.0,1.0,0.306574,0.5,0.0,1.0,0.237198,0.5,0.0,1.0,1.0,1.0,1.0,1.0,1.0,1.0,1.0,1.0
query_727,2,1.0,1.0,1.0,1.0,0.0,0.0,0.0,0.0,0.204382,0.5,0.0,1.0,1.0,1.0,1.0,1.0,1.0,1.0,1.0,1.0
query_728,2,0.650921,1.0,0.5,1.0,0.0,0.0,0.0,0.0,0.0,0.0,0.0,0.0,1.0,1.0,1.0,1.0,0.693426,1.0,0.5,1.0
query_729,2,1.0,1.0,1.0,1.0,0.613147,0.5,0.5,1.0,0.306574,0.5,0.0,1.0,0.919721,1.0,0.5,1.0,1.0,1.0,1.0,1.0
query_730,2,1.0,1.0,1.0,1.0,0.0,0.0,0.0,0.0,0.613147,0.5,0.5,1.0,1.0,1.0,1.0,1.0,1.0,1.0,1.0,1.0
query_731,2,1.0,1.0,1.0,1.0,0.0,0.0,0.0,0.0,0.0,0.0,0.0,0.0,1.0,1.0,1.0,1.0,1.0,1.0,1.0,1.0
query_732,2,1.0,1.0,1.0,1.0,0.264068,0.5,0.0,1.0,0.386853,0.5,0.5,1.0,1.0,1.0,1.0,1.0,1.0,1.0,1.0,1.0
query_733,2,1.0,1.0,1.0,1.0,0.237198,0.5,0.0,1.0,0.919721,1.0,0.5,1.0,1.0,1.0,1.0,1.0,1.0,1.0,1.0,1.0
query_734,2,1.0,1.0,1.0,1.0,0.580279,1.0,0.5,1.0,0.919721,1.0,0.5,1.0,1.0,1.0,1.0,1.0,1.0,1.0,1.0,1.0
query_735,2,1.0,1.0,1.0,1.0,0.306574,0.5,0.0,1.0,0.613147,0.5,0.5,1.0,1.0,1.0,1.0,1.0,1.0,1.0,1.0,1.0
query_736,2,1.0,1.0,1.0,1.0,0.0,0.0,0.0,0.0,0.0,0.0,0.0,0.0,1.0,1.0,1.0,1.0,1.0,1.0,1.0,1.0
query_737,2,1.0,1.0,1.0,1.0,0.0,0.0,0.0,0.0,0.877215,1.0,0.5,1.0,1.0,1.0,1.0,1.0,1.0,1.0,1.0,1.0
query_738,2,1.0,1.0,1.0,1.0,0.177239,0.5,0.0,1.0,0.193426,0.5,0.0,1.0,1.0,1.0,1.0,1.0,1.0,1.0,1.0,1.0
query_739,2,1.0,1.0,1.0,1.0,0.613147,0.5,0.5,1.0,0.613147,0.5,0.5,1.0,1.0,1.0,1.0,1.0,1.0,1.0,1.0,1.0
query_740,2,1.0,1.0,1.0,1.0,0.564092,1.0,0.5,1.0,0.693426,1.0,0.5,1.0,1.0,1.0,1.0,1.0,1.0,1.0,1.0,1.0
query_741,2,1.0,1.0,1.0,1.0,0.0,0.0,0.0,0.0,0.482476,1.0,0.0,1.0,1.0,1.0,1.0,1.0,1.0,1.0,1.0,1.0
query_742,2,1.0,1.0,1.0,1.0,0.218407,0.5,0.0,1.0,0.613147,0.5,0.5,1.0,1.0,1.0,1.0,1.0,1.0,1.0,1.0,1.0
query_743,2,1.0,1.0,1.0,1.0,0.0,0.0,0.0,0.0,0.624051,1.0,0.5,1.0,1.0,1.0,1.0,1.0,1.0,1.0,1.0,1.0
query_744,2,1.0,1.0,1.0,1.0,0.613147,0.5,0.5,1.0,0.386853,0.5,0.5,1.0,1.0,1.0,1.0,1.0,1.0,1.0,1.0,1.0
query_745,2,1.0,1.0,1.0,1.0,0.624051,1.0,0.5,1.0,0.193426,0.5,0.0,1.0,1.0,1.0,1.0,1.0,1.0,1.0,1.0,1.0
query_746,2,1.0,1.0,1.0,1.0,0.877215,1.0,0.5,1.0,0.693426,1.0,0.5,1.0,1.0,1.0,1.0,1.0,1.0,1.0,1.0,1.0
query_747,2,1.0,1.0,1.0,1.0,0.613147,0.5,0.5,1.0,0.613147,0.5,0.5,1.0,1.0,1.0,1.0,1.0,1.0,1.0,1.0,1.0
query_748,2,0.919721,1.0,0.5,1.0,0.613147,0.5,0.5,1.0,0.306574,0.5,0.0,1.0,1.0,1.0,1.0,1.0,1.0,1.0,1.0,1.0
query_749,2,0.919721,1.0,0.5,1.0,0.571429,1.0,0.5,1.0,0.306574,0.5,0.0,1.0,1.0,1.0,1.0,1.0,1.0,1.0,1.0,1.0
query_750,2,1.0,1.0,1.0,1.0,0.613147,0.5,0.5,1.0,0.613147,0.5,0.5,1.0,1.0,1.0,1.0,1.0,1.0,1.0,1.0,1.0
query_751,2,1.0,1.0,1.0,1.0,0.0,0.0,0.0,0.0,0.613147,0.5,0.5,1.0,1.0,1.0,1.0,1.0,1.0,1.0,1.0,1.0
query_752,2,1.0,1.0,1.0,1.0,0.218407,0.5,0.0,1.0,0.877215,1.0,0.5,1.0,1.0,1.0,1.0,1.0,1.0,1.0,1.0,1.0
query_753,2,1.0,1.0,1.0,1.0,0.0,0.0,0.0,0.0,0.237198,0.5,0.0,1.0,1.0,1.0,1.0,1.0,1.0,1.0,1.0,1.0
query_754,2,1.0,1.0,1.0,1.0,0.0,0.0,0.0,0.0,0.0,0.0,0.0,0.0,1.0,1.0,1.0,1.0,1.0,1.0,1.0,1.0
query_755,2,1.0,1.0,1.0,1.0,0.0,0.0,0.0,0.0,0.386853,0.5,0.5,1.0,1.0,1.0,1.0,1.0,1.0,1.0,1.0,1.0
query_756,2,1.0,1.0,1.0,1.0,0.613147,0.5,0.5,1.0,0.790386,1.0,0.5,1.0,0.919721,1.0,0.5,1.0,1.0,1.0,1.0,1.0
query_757,2,1.0,1.0,1.0,1.0,0.237198,0.5,0.0,1.0,0.0,0.0,0.0,0.0,1.0,1.0,1.0,1.0,1.0,1.0,1.0,1.0
query_758,2,1.0,1.0,1.0,1.0,0.580279,1.0,0.5,1.0,0.0,0.0,0.0,0.0,1.0,1.0,1.0,1.0,1.0,1.0,1.0,1.0
query_759,2,1.0,1.0,1.0,1.0,0.613147,0.5,0.5,1.0,0.306574,0.5,0.0,1.0,1.0,1.0,1.0,1.0,1.0,1.0,1.0,1.0
query_760,2,1.0,1.0,1.0,1.0,0.0,0.0,0.0,0.0,0.306574,0.5,0.0,1.0,1.0,1.0,1.0,1.0,1.0,1.0,1.0,1.0
query_761,2,1.0,1.0,1.0,1.0,0.386853,0.5,0.5,1.0,0.237198,0.5,0.0,1.0,1.0,1.0,1.0,1.0,1.0,1.0,1.0,1.0
query_762,2,1.0,1.0,1.0,1.0,0.193426,0.5,0.0,1.0,0.613147,0.5,0.5,1.0,1.0,1.0,1.0,1.0,1.0,1.0,1.0,1.0
query_763,2,1.0,1.0,1.0,1.0,0.193426,0.5,0.0,1.0,0.0,0.0,0.0,0.0,1.0,1.0,1.0,1.0,1.0,1.0,1.0,1.0
query_764,2,1.0,1.0,1.0,1.0,0.0,0.0,0.0,0.0,0.0,0.0,0.0,0.0,1.0,1.0,1.0,1.0,1.0,1.0,1.0,1.0
query_765,2,1.0,1.0,1.0,1.0,0.237198,0.5,0.0,1.0,0.264068,0.5,0.0,1.0,1.0,1.0,1.0,1.0,1.0,1.0,1.0,1.0
query_766,2,1.0,1.0,1.0,1.0,0.218407,0.5,0.0,1.0,0.0,0.0,0.0,0.0,1.0,1.0,1.0,1.0,1.0,1.0,1.0,1.0
query_767,2,1.0,1.0,1.0,1.0,0.386853,0.5,0.5,1.0,0.386853,0.5,0.5,1.0,1.0,1.0,1.0,1.0,1.0,1.0,1.0,1.0
query_768,2,1.0,1.0,1.0,1.0,0.237198,0.5,0.0,1.0,0.441307,1.0,0.0,1.0,1.0,1.0,1.0,1.0,1.0,1.0,1.0,1.0
query_769,2,1.0,1.0,1.0,1.0,0.613147,0.5,0.5,1.0,0.613147,0.5,0.5,1.0,1.0,1.0,1.0,1.0,1.0,1.0,1.0,1.0
query_770,2,1.0,1.0,1.0,1.0,0.0,0.0,0.0,0.0,0.0,0.0,0.0,0.0,1.0,1.0,1.0,1.0,1.0,1.0,1.0,1.0
query_771,2,1.0,1.0,1.0,1.0,0.524981,1.0,0.0,1.0,0.218407,0.5,0.0,1.0,1.0,1.0,1.0,1.0,1.0,1.0,1.0,1.0
query_772,2,1.0,1.0,1.0,1.0,0.524981,1.0,0.0,1.0,0.693426,1.0,0.5,1.0,1.0,1.0,1.0,1.0,1.0,1.0,1.0,1.0
query_773,2,1.0,1.0,1.0,1.0,0.0,0.0,0.0,0.0,0.919721,1.0,0.5,1.0,1.0,1.0,1.0,1.0,1.0,1.0,1.0,1.0
query_774,2,1.0,1.0,1.0,1.0,0.386853,0.5,0.5,1.0,0.386853,0.5,0.5,1.0,1.0,1.0,1.0,1.0,1.0,1.0,1.0,1.0
query_775,2,1.0,1.0,1.0,1.0,0.306574,0.5,0.0,1.0,0.0,0.0,0.0,0.0,1.0,1.0,1.0,1.0,1.0,1.0,1.0,1.0
query_776,2,1.0,1.0,1.0,1.0,0.306574,0.5,0.0,1.0,0.0,0.0,0.0,0.0,1.0,1.0,1.0,1.0,1.0,1.0,1.0,1.0
query_777,2,1.0,1.0,1.0,1.0,0.0,0.0,0.0,0.0,0.0,0.0,0.0,0.0,1.0,1.0,1.0,1.0,1.0,1.0,1.0,1.0
query_778,2,1.0,1.0,1.0,1.0,0.0,0.0,0.0,0.0,0.0,0.0,0.0,0.0,1.0,1.0,1.0,1.0,1.0,1.0,1.0,1.0
query_779,2,1.0,1.0,1.0,1.0,0.613147,0.5,0.5,1.0,0.613147,0.5,0.5,1.0,1.0,1.0,1.0,1.0,1.0,1.0,1.0,1.0
query_780,2,1.0,1.0,1.0,1.0,0.831555,1.0,0.5,1.0,1.0,1.0,1.0,1.0,0.613147,0.5,0.5,1.0,0.831555,1.0,0.5,1.0
query_781,2,1.0,1.0,1.0,1.0,0.543771,1.0,0.0,1.0,1.0,1.0,1.0,1.0,1.0,1.0,1.0,1.0,1.0,1.0,1.0,1.0
query_782,2,1.0,1.0,1.0,1.0,0.306574,0.5,0.0,1.0,0.613147,0.5,0.5,1.0,1.0,1.0,1.0,1.0,1.0,1.0,1.0,1.0
query_783,2,1.0,1.0,1.0,1.0,0.613147,0.5,0.5,1.0,0.613147,0.5,0.5,1.0,1.0,1.0,1.0,1.0,1.0,1.0,1.0,1.0
query_784,2,1.0,1.0,1.0,1.0,0.0,0.0,0.0,0.0,0.237198,0.5,0.0,1.0,1.0,1.0,1.0,1.0,1.0,1.0,1.0,1.0
query_785,2,1.0,1.0,1.0,1.0,0.264068,0.5,0.0,1.0,0.0,0.0,0.0,0.0,1.0,1.0,1.0,1.0,1.0,1.0,1.0,1.0
query_786,2,1.0,1.0,1.0,1.0,0.0,0.0,0.0,0.0,0.177239,0.5,0.0,1.0,1.0,1.0,1.0,1.0,1.0,1.0,1.0,1.0
query_787,2,1.0,1.0,1.0,1.0,0.0,0.0,0.0,0.0,0.0,0.0,0.0,0.0,1.0,1.0,1.0,1.0,1.0,1.0,1.0,1.0
query_788,2,1.0,1.0,1.0,1.0,0.0,0.0,0.0,0.0,0.0,0.0,0.0,0.0,0.524981,1.0,0.0,1.0,0.919721,1.0,0.5,1.0
query_789,2,1.0,1.0,1.0,1.0,0.193426,0.5,0.0,1.0,0.264068,0.5,0.0,1.0,0.877215,1.0,0.5,1.0,1.0,1.0,1.0,1.0
query_790,2,1.0,1.0,1.0,1.0,0.184576,0.5,0.0,1.0,0.81753,1.0,0.5,1.0,1.0,1.0,1.0,1.0,1.0,1.0,1.0,1.0
query_791,2,1.0,1.0,1.0,1.0,0.264068,0.5,0.0,1.0,0.613147,0.5,0.5,1.0,1.0,1.0,1.0,1.0,1.0,1.0,1.0,1.0
query_792,2,1.0,1.0,1.0,1.0,0.613147,0.5,0.5,1.0,0.177239,0.5,0.0,1.0,1.0,1.0,1.0,1.0,1.0,1.0,1.0,1.0
query_793,2,1.0,1.0,1.0,1.0,0.264068,0.5,0.0,1.0,0.0,0.0,0.0,0.0,1.0,1.0,1.0,1.0,1.0,1.0,1.0,1.0
query_794,2,1.0,1.0,1.0,1.0,0.177239,0.5,0.0,1.0,0.571429,1.0,0.5,1.0,1.0,1.0,1.0,1.0,1.0,1.0,1.0,1.0
query_795,2,1.0,1.0,1.0,1.0,1.0,1.0,1.0,1.0,0.877215,1.0,0.5,1.0,1.0,1.0,1.0,1.0,1.0,1.0,1.0,1.0
query_796,2,1.0,1.0,1.0,1.0,0.0,0.0,0.0,0.0,0.0,0.0,0.0,0.0,1.0,1.0,1.0,1.0,1.0,1.0,1.0,1.0
query_797,2,1.0,1.0,1.0,1.0,0.0,0.0,0.0,0.0,0.42279,1.0,0.0,1.0,0.850345,1.0,0.5,1.0,1.0,1.0,1.0,1.0
query_798,2,1.0,1.0,1.0,1.0,0.0,0.0,0.0,0.0,0.370666,1.0,0.0,1.0,1.0,1.0,1.0,1.0,1.0,1.0,1.0,1.0
query_799,2,1.0,1.0,1.0,1.0,0.177239,0.5,0.0,1.0,0.218407,0.5,0.0,1.0,1.0,1.0,1.0,1.0,1.0,1.0,1.0,1.0
query_800,2,1.0,1.0,1.0,1.0,0.411834,1.0,0.0,1.0,0.613147,0.5,0.5,1.0,1.0,1.0,1.0,1.0,1.0,1.0,1.0,1.0
query_801,2,1.0,1.0,1.0,1.0,0.193426,0.5,0.0,1.0,0.204382,0.5,0.0,1.0,1.0,1.0,1.0,1.0,1.0,1.0,1.0,1.0
query_802,2,1.0,1.0,1.0,1.0,0.650921,1.0,0.5,1.0,0.570642,1.0,0.0,1.0,0.919721,1.0,0.5,1.0,1.0,1.0,1.0,1.0
query_803,2,1.0,1.0,1.0,1.0,0.0,0.0,0.0,0.0,0.264068,0.5,0.0,1.0,1.0,1.0,1.0,1.0,1.0,1.0,1.0,1.0
query_804,2,1.0,1.0,1.0,1.0,0.177239,0.5,0.0,1.0,0.613147,0.5,0.5,1.0,1.0,1.0,1.0,1.0,1.0,1.0,1.0,1.0
query_805,2,1.0,1.0,1.0,1.0,0.613147,0.5,0.5,1.0,0.411834,1.0,0.0,1.0,1.0,1.0,1.0,1.0,1.0,1.0,1.0,1.0
query_806,2,1.0,1.0,1.0,1.0,0.306574,0.5,0.0,1.0,0.468451,1.0,0.0,1.0,1.0,1.0,1.0,1.0,1.0,1.0,1.0,1.0
query_807,2,1.0,1.0,1.0,1.0,0.306574,0.5,0.0,1.0,0.0,0.0,0.0,0.0,1.0,1.0,1.0,1.0,1.0,1.0,1.0,1.0
query_808,2,1.0,1.0,1.0,1.0,0.0,0.0,0.0,0.0,0.218407,0.5,0.0,1.0,1.0,1.0,1.0,1.0,1.0,1.0,1.0,1.0
query_809,2,1.0,1.0,1.0,1.0,0.0,0.0,0.0,0.0,0.790386,1.0,0.5,1.0,1.0,1.0,1.0,1.0,1.0,1.0,1.0,1.0
query_810,2,1.0,1.0,1.0,1.0,0.0,0.0,0.0,0.0,0.237198,0.5,0.0,1.0,1.0,1.0,1.0,1.0,1.0,1.0,1.0,1.0
query_811,2,1.0,1.0,1.0,1.0,0.0,0.0,0.0,0.0,0.482476,1.0,0.0,1.0,1.0,1.0,1.0,1.0,1.0,1.0,1.0,1.0
query_812,2,1.0,1.0,1.0,1.0,0.204382,0.5,0.0,1.0,0.264068,0.5,0.0,1.0,1.0,1.0,1.0,1.0,1.0,1.0,1.0,1.0
query_813,2,1.0,1.0,1.0,1.0,0.264068,0.5,0.0,1.0,0.414437,1.0,0.0,1.0,1.0,1.0,1.0,1.0,1.0,1.0,1.0,1.0
query_814,2,1.0,1.0,1.0,1.0,0.0,0.0,0.0,0.0,0.510956,1.0,0.0,1.0,1.0,1.0,1.0,1.0,1.0,1.0,1.0,1.0
query_815,2,1.0,1.0,1.0,1.0,0.0,0.0,0.0,0.0,0.386853,0.5,0.5,1.0,1.0,1.0,1.0,1.0,1.0,1.0,1.0,1.0
query_816,2,1.0,1.0,1.0,1.0,0.613147,0.5,0.5,1.0,0.831555,1.0,0.5,1.0,1.0,1.0,1.0,1.0,1.0,1.0,1.0,1.0
query_817,2,1.0,1.0,1.0,1.0,0.218407,0.5,0.0,1.0,0.0,0.0,0.0,0.0,1.0,1.0,1.0,1.0,1.0,1.0,1.0,1.0
query_818,2,1.0,1.0,1.0,1.0,0.218407,0.5,0.0,1.0,0.613147,0.5,0.5,1.0,1.0,1.0,1.0,1.0,1.0,1.0,1.0,1.0
query_819,2,1.0,1.0,1.0,1.0,0.218407,0.5,0.0,1.0,0.264068,0.5,0.0,1.0,1.0,1.0,1.0,1.0,1.0,1.0,1.0,1.0
query_820,2,1.0,1.0,1.0,1.0,0.306574,0.5,0.0,1.0,0.386853,0.5,0.5,1.0,1.0,1.0,1.0,1.0,1.0,1.0,1.0,1.0
query_821,2,1.0,1.0,1.0,1.0,0.0,0.0,0.0,0.0,0.0,0.0,0.0,0.0,1.0,1.0,1.0,1.0,1.0,1.0,1.0,1.0
query_822,2,1.0,1.0,1.0,1.0,0.386853,0.5,0.5,1.0,0.386853,0.5,0.5,1.0,1.0,1.0,1.0,1.0,1.0,1.0,1.0,1.0
query_823,2,1.0,1.0,1.0,1.0,0.877215,1.0,0.5,1.0,0.306574,0.5,0.0,1.0,1.0,1.0,1.0,1.0,1.0,1.0,1.0,1.0
query_824,2,1.0,1.0,1.0,1.0,0.218407,0.5,0.0,1.0,0.81753,1.0,0.5,1.0,1.0,1.0,1.0,1.0,1.0,1.0,1.0,1.0
query_825,2,1.0,1.0,1.0,1.0,0.386853,0.5,0.5,1.0,0.806574,1.0,0.5,1.0,1.0,1.0,1.0,1.0,1.0,1.0,1.0,1.0
query_826,2,1.0,1.0,1.0,1.0,0.386853,0.5,0.5,1.0,0.0,0.0,0.0,0.0,1.0,1.0,1.0,1.0,1.0,1.0,1.0,1.0
query_827,2,1.0,1.0,1.0,1.0,0.184576,0.5,0.0,1.0,0.0,0.0,0.0,0.0,1.0,1.0,1.0,1.0,1.0,1.0,1.0,1.0
query_828,2,1.0,1.0,1.0,1.0,0.306574,0.5,0.0,1.0,0.193426,0.5,0.0,1.0,1.0,1.0,1.0,1.0,1.0,1.0,1.0,1.0
query_829,2,1.0,1.0,1.0,1.0,0.0,0.0,0.0,0.0,0.797723,1.0,0.5,1.0,1.0,1.0,1.0,1.0,1.0,1.0,1.0,1.0
query_830,2,1.0,1.0,1.0,1.0,0.386853,0.5,0.5,1.0,0.306574,0.5,0.0,1.0,0.850345,1.0,0.5,1.0,1.0,1.0,1.0,1.0
query_831,2,1.0,1.0,1.0,1.0,0.790386,1.0,0.5,1.0,1.0,1.0,1.0,1.0,1.0,1.0,1.0,1.0,1.0,1.0,1.0,1.0
query_832,2,1.0,1.0,1.0,1.0,1.0,1.0,1.0,1.0,1.0,1.0,1.0,1.0,1.0,1.0,1.0,1.0,1.0,1.0,1.0,1.0
query_833,2,1.0,1.0,1.0,1.0,0.510956,1.0,0.0,1.0,0.441307,1.0,0.0,1.0,1.0,1.0,1.0,1.0,1.0,1.0,1.0,1.0
query_834,2,1.0,1.0,1.0,1.0,0.386853,0.5,0.5,1.0,0.613147,0.5,0.5,1.0,1.0,1.0,1.0,1.0,1.0,1.0,1.0,1.0
query_835,2,1.0,1.0,1.0,1.0,0.306574,0.5,0.0,1.0,0.510956,1.0,0.0,1.0,1.0,1.0,1.0,1.0,1.0,1.0,1.0,1.0
query_836,2,1.0,1.0,1.0,1.0,0.264068,0.5,0.0,1.0,0.5,1.0,0.0,1.0,1.0,1.0,1.0,1.0,1.0,1.0,1.0,1.0
query_837,2,1.0,1.0,1.0,1.0,0.193426,0.5,0.0,1.0,0.204382,0.5,0.0,1.0,1.0,1.0,1.0,1.0,1.0,1.0,1.0,1.0
query_838,2,1.0,1.0,1.0,1.0,0.0,0.0,0.0,0.0,0.218407,0.5,0.0,1.0,1.0,1.0,1.0,1.0,1.0,1.0,1.0,1.0
query_839,2,1.0,1.0,1.0,1.0,0.386853,0.5,0.5,1.0,0.831555,1.0,0.5,1.0,1.0,1.0,1.0,1.0,1.0,1.0,1.0,1.0
query_840,2,1.0,1.0,1.0,1.0,0.0,0.0,0.0,0.0,0.613147,0.5,0.5,1.0,1.0,1.0,1.0,1.0,1.0,1.0,1.0,1.0
query_841,2,1.0,1.0,1.0,1.0,0.218407,0.5,0.0,1.0,0.177239,0.5,0.0,1.0,1.0,1.0,1.0,1.0,1.0,1.0,1.0,1.0
query_842,2,1.0,1.0,1.0,1.0,0.850345,1.0,0.5,1.0,0.613147,0.5,0.5,1.0,1.0,1.0,1.0,1.0,1.0,1.0,1.0,1.0
query_843,2,1.0,1.0,1.0,1.0,0.613147,0.5,0.5,1.0,0.402983,1.0,0.0,1.0,1.0,1.0,1.0,1.0,1.0,1.0,1.0,1.0
query_844,2,1.0,1.0,1.0,1.0,0.177239,0.5,0.0,1.0,0.850345,1.0,0.5,1.0,1.0,1.0,1.0,1.0,1.0,1.0,1.0,1.0
query_845,2,1.0,1.0,1.0,1.0,0.237198,0.5,0.0,1.0,0.482476,1.0,0.0,1.0,1.0,1.0,1.0,1.0,1.0,1.0,1.0,1.0
query_846,2,1.0,1.0,1.0,1.0,0.0,0.0,0.0,0.0,0.0,0.0,0.0,0.0,1.0,1.0,1.0,1.0,1.0,1.0,1.0,1.0
query_847,2,1.0,1.0,1.0,1.0,0.693426,1.0,0.5,1.0,0.524981,1.0,0.0,1.0,1.0,1.0,1.0,1.0,1.0,1.0,1.0,1.0
query_848,2,1.0,1.0,1.0,1.0,0.0,0.0,0.0,0.0,0.218407,0.5,0.0,1.0,1.0,1.0,1.0,1.0,1.0,1.0,1.0,1.0
query_849,2,1.0,1.0,1.0,1.0,0.0,0.0,0.0,0.0,0.0,0.0,0.0,0.0,1.0,1.0,1.0,1.0,1.0,1.0,1.0,1.0
query_850,2,1.0,1.0,1.0,1.0,0.693426,1.0,0.5,1.0,0.919721,1.0,0.5,1.0,1.0,1.0,1.0,1.0,1.0,1.0,1.0,1.0
query_851,2,1.0,1.0,1.0,1.0,0.570642,1.0,0.0,1.0,0.264068,0.5,0.0,1.0,1.0,1.0,1.0,1.0,1.0,1.0,1.0,1.0
query_852,2,1.0,1.0,1.0,1.0,0.0,0.0,0.0,0.0,0.388958,1.0,0.0,1.0,1.0,1.0,1.0,1.0,1.0,1.0,1.0,1.0
query_853,2,1.0,1.0,1.0,1.0,0.0,0.0,0.0,0.0,0.613147,0.5,0.5,1.0,1.0,1.0,1.0,1.0,1.0,1.0,1.0,1.0
query_854,2,1.0,1.0,1.0,1.0,0.457495,1.0,0.0,1.0,0.306574,0.5,0.0,1.0,1.0,1.0,1.0,1.0,1.0,1.0,1.0,1.0
query_855,2,1.0,1.0,1.0,1.0,0.613147,0.5,0.5,1.0,0.264068,0.5,0.0,1.0,1.0,1.0,1.0,1.0,1.0,1.0,1.0,1.0
query_856,2,1.0,1.0,1.0,1.0,0.42279,1.0,0.0,1.0,0.455605,1.0,0.0,1.0,1.0,1.0,1.0,1.0,1.0,1.0,1.0,1.0
query_857,2,1.0,1.0,1.0,1.0,0.237198,0.5,0.0,1.0,0.386853,0.5,0.5,1.0,1.0,1.0,1.0,1.0,1.0,1.0,1.0,1.0
query_858,2,1.0,1.0,1.0,1.0,0.0,0.0,0.0,0.0,0.613147,0.5,0.5,1.0,1.0,1.0,1.0,1.0,1.0,1.0,1.0,1.0
query_859,2,1.0,1.0,1.0,1.0,0.0,0.0,0.0,0.0,0.193426,0.5,0.0,1.0,1.0,1.0,1.0,1.0,1.0,1.0,1.0,1.0
query_860,2,1.0,1.0,1.0,1.0,0.0,0.0,0.0,0.0,0.361815,1.0,0.0,1.0,1.0,1.0,1.0,1.0,1.0,1.0,1.0,1.0
query_861,2,1.0,1.0,1.0,1.0,0.381622,1.0,0.0,1.0,0.184576,0.5,0.0,1.0,1.0,1.0,1.0,1.0,1.0,1.0,1.0,1.0
query_862,2,1.0,1.0,1.0,1.0,0.218407,0.5,0.0,1.0,0.613147,0.5,0.5,1.0,1.0,1.0,1.0,1.0,1.0,1.0,1.0,1.0
query_863,2,1.0,1.0,1.0,1.0,0.306574,0.5,0.0,1.0,0.877215,1.0,0.5,1.0,1.0,1.0,1.0,1.0,1.0,1.0,1.0,1.0
query_864,2,1.0,1.0,1.0,1.0,0.0,0.0,0.0,0.0,0.0,0.0,0.0,0.0,1.0,1.0,1.0,1.0,1.0,1.0,1.0,1.0
query_865,2,1.0,1.0,1.0,1.0,0.0,0.0,0.0,0.0,0.0,0.0,0.0,0.0,1.0,1.0,1.0,1.0,1.0,1.0,1.0,1.0
query_866,2,1.0,1.0,1.0,1.0,0.0,0.0,0.0,0.0,0.386853,0.5,0.5,1.0,1.0,1.0,1.0,1.0,1.0,1.0,1.0,1.0
query_867,2,1.0,1.0,1.0,1.0,0.395647,1.0,0.0,1.0,0.797723,1.0,0.5,1.0,1.0,1.0,1.0,1.0,1.0,1.0,1.0,1.0
query_868,2,1.0,1.0,1.0,1.0,0.177239,0.5,0.0,1.0,0.193426,0.5,0.0,1.0,1.0,1.0,1.0,1.0,1.0,1.0,1.0,1.0
query_869,2,1.0,1.0,1.0,1.0,0.264068,0.5,0.0,1.0,0.0,0.0,0.0,0.0,1.0,1.0,1.0,1.0,1.0,1.0,1.0,1.0
query_870,2,1.0,1.0,1.0,1.0,0.306574,0.5,0.0,1.0,0.177239,0.5,0.0,1.0,1.0,1.0,1.0,1.0,1.0,1.0,1.0,1.0
query_871,2,1.0,1.0,1.0,1.0,0.806574,1.0,0.5,1.0,0.613147,0.5,0.5,1.0,1.0,1.0,1.0,1.0,1.0,1.0,1.0,1.0
query_872,2,1.0,1.0,1.0,1.0,0.624051,1.0,0.5,1.0,0.218407,0.5,0.0,1.0,1.0,1.0,1.0,1.0,1.0,1.0,1.0,1.0
query_873,2,1.0,1.0,1.0,1.0,0.0,0.0,0.0,0.0,0.0,0.0,0.0,0.0,1.0,1.0,1.0,1.0,1.0,1.0,1.0,1.0
query_874,2,1.0,1.0,1.0,1.0,0.218407,0.5,0.0,1.0,0.613147,0.5,0.5,1.0,1.0,1.0,1.0,1.0,1.0,1.0,1.0,1.0
query_875,2,1.0,1.0,1.0,1.0,0.218407,0.5,0.0,1.0,0.237198,0.5,0.0,1.0,1.0,1.0,1.0,1.0,1.0,1.0,1.0,1.0
query_876,2,1.0,1.0,1.0,1.0,0.831555,1.0,0.5,1.0,0.850345,1.0,0.5,1.0,1.0,1.0,1.0,1.0,1.0,1.0,1.0,1.0
query_877,2,1.0,1.0,1.0,1.0,0.613147,0.5,0.5,1.0,0.0,0.0,0.0,0.0,1.0,1.0,1.0,1.0,1.0,1.0,1.0,1.0
query_878,2,1.0,1.0,1.0,1.0,0.386853,0.5,0.5,1.0,0.831555,1.0,0.5,1.0,1.0,1.0,1.0,1.0,1.0,1.0,1.0,1.0
query_879,2,1.0,1.0,1.0,1.0,0.613147,0.5,0.5,1.0,0.81753,1.0,0.5,1.0,0.919721,1.0,0.5,1.0,1.0,1.0,1.0,1.0
query_880,2,1.0,1.0,1.0,1.0,0.624051,1.0,0.5,1.0,0.806574,1.0,0.5,1.0,1.0,1.0,1.0,1.0,1.0,1.0,1.0,1.0
query_881,2,1.0,1.0,1.0,1.0,0.613147,0.5,0.5,1.0,0.0,0.0,0.0,0.0,1.0,1.0,1.0,1.0,1.0,1.0,1.0,1.0
query_882,2,1.0,1.0,1.0,1.0,0.613147,0.5,0.5,1.0,0.386853,0.5,0.5,1.0,1.0,1.0,1.0,1.0,1.0,1.0,1.0,1.0
query_883,2,1.0,1.0,1.0,1.0,0.613147,0.5,0.5,1.0,0.218407,0.5,0.0,1.0,1.0,1.0,1.0,1.0,1.0,1.0,1.0,1.0
query_884,2,1.0,1.0,1.0,1.0,0.613147,0.5,0.5,1.0,0.570642,1.0,0.0,1.0,1.0,1.0,1.0,1.0,1.0,1.0,1.0,1.0
query_885,2,1.0,1.0,1.0,1.0,0.0,0.0,0.0,0.0,0.0,0.0,0.0,0.0,1.0,1.0,1.0,1.0,1.0,1.0,1.0,1.0
query_886,2,1.0,1.0,1.0,1.0,0.790386,1.0,0.5,1.0,0.790386,1.0,0.5,1.0,1.0,1.0,1.0,1.0,1.0,1.0,1.0,1.0
query_887,2,1.0,1.0,1.0,1.0,0.624051,1.0,0.5,1.0,0.264068,0.5,0.0,1.0,1.0,1.0,1.0,1.0,1.0,1.0,1.0,1.0
query_888,2,1.0,1.0,1.0,1.0,0.797723,1.0,0.5,1.0,1.0,1.0,1.0,1.0,1.0,1.0,1.0,1.0,1.0,1.0,1.0,1.0
query_889,2,1.0,1.0,1.0,1.0,0.60526,1.0,0.5,1.0,0.806574,1.0,0.5,1.0,1.0,1.0,1.0,1.0,1.0,1.0,1.0,1.0
query_890,2,1.0,1.0,1.0,1.0,0.0,0.0,0.0,0.0,0.877215,1.0,0.5,1.0,1.0,1.0,1.0,1.0,1.0,1.0,1.0,1.0
query_891,2,1.0,1.0,1.0,1.0,0.184576,0.5,0.0,1.0,0.177239,0.5,0.0,1.0,1.0,1.0,1.0,1.0,1.0,1.0,1.0,1.0
query_892,2,1.0,1.0,1.0,1.0,0.177239,0.5,0.0,1.0,0.501266,1.0,0.0,1.0,1.0,1.0,1.0,1.0,1.0,1.0,1.0,1.0
query_893,2,1.0,1.0,1.0,1.0,0.237198,0.5,0.0,1.0,0.790386,1.0,0.5,1.0,1.0,1.0,1.0,1.0,1.0,1.0,1.0,1.0
query_894,2,1.0,1.0,1.0,1.0,0.0,0.0,0.0,0.0,0.177239,0.5,0.0,1.0,0.806574,1.0,0.5,1.0,0.919721,1.0,0.5,1.0
query_895,2,1.0,1.0,1.0,1.0,0.580279,1.0,0.5,1.0,1.0,1.0,1.0,1.0,1.0,1.0,1.0,1.0,1.0,1.0,1.0,1.0
query_896,2,1.0,1.0,1.0,1.0,0.0,0.0,0.0,0.0,0.395647,1.0,0.0,1.0,1.0,1.0,1.0,1.0,1.0,1.0,1.0,1.0
query_897,2,1.0,1.0,1.0,1.0,0.386853,0.5,0.5,1.0,0.613147,0.5,0.5,1.0,1.0,1.0,1.0,1.0,1.0,1.0,1.0,1.0
query_898,2,1.0,1.0,1.0,1.0,0.237198,0.5,0.0,1.0,0.613147,0.5,0.5,1.0,1.0,1.0,1.0,1.0,1.0,1.0,1.0,1.0
query_899,2,1.0,1.0,1.0,1.0,0.306574,0.5,0.0,1.0,0.306574,0.5,0.0,1.0,0.850345,1.0,0.5,1.0,1.0,1.0,1.0,1.0
query_900,2,1.0,1.0,1.0,1.0,0.591235,1.0,0.5,1.0,0.570642,1.0,0.0,1.0,1.0,1.0,1.0,1.0,1.0,1.0,1.0,1.0
query_901,2,1.0,1.0,1.0,1.0,0.237198,0.5,0.0,1.0,0.919721,1.0,0.5,1.0,1.0,1.0,1.0,1.0,1.0,1.0,1.0,1.0
query_902,2,1.0,1.0,1.0,1.0,0.524981,1.0,0.0,1.0,0.877215,1.0,0.5,1.0,1.0,1.0,1.0,1.0,1.0,1.0,1.0,1.0
query_903,2,1.0,1.0,1.0,1.0,0.306574,0.5,0.0,1.0,0.218407,0.5,0.0,1.0,1.0,1.0,1.0,1.0,1.0,1.0,1.0,1.0
query_904,2,1.0,1.0,1.0,1.0,0.0,0.0,0.0,0.0,0.386853,0.5,0.5,1.0,1.0,1.0,1.0,1.0,1.0,1.0,1.0,1.0
query_905,2,1.0,1.0,1.0,1.0,0.218407,0.5,0.0,1.0,0.237198,0.5,0.0,1.0,1.0,1.0,1.0,1.0,1.0,1.0,1.0,1.0
query_906,2,1.0,1.0,1.0,1.0,0.483813,1.0,0.0,1.0,0.386853,0.5,0.5,1.0,1.0,1.0,1.0,1.0,1.0,1.0,1.0,1.0
query_907,2,1.0,1.0,1.0,1.0,0.414437,1.0,0.0,1.0,0.414437,1.0,0.0,1.0,1.0,1.0,1.0,1.0,1.0,1.0,1.0,1.0
query_908,2,1.0,1.0,1.0,1.0,0.571429,1.0,0.5,1.0,0.693426,1.0,0.5,1.0,1.0,1.0,1.0,1.0,1.0,1.0,1.0,1.0
query_909,2,1.0,1.0,1.0,1.0,0.0,0.0,0.0,0.0,0.264068,0.5,0.0,1.0,1.0,1.0,1.0,1.0,1.0,1.0,1.0,1.0
query_910,2,1.0,1.0,1.0,1.0,0.0,0.0,0.0,0.0,0.0,0.0,0.0,0.0,1.0,1.0,1.0,1.0,1.0,1.0,1.0,1.0
query_911,2,1.0,1.0,1.0,1.0,0.613147,0.5,0.5,1.0,0.218407,0.5,0.0,1.0,0.693426,1.0,0.5,1.0,1.0,1.0,1.0,1.0
query_912,2,1.0,1.0,1.0,1.0,0.218407,0.5,0.0,1.0,0.570642,1.0,0.0,1.0,1.0,1.0,1.0,1.0,1.0,1.0,1.0,1.0
query_913,2,1.0,1.0,1.0,1.0,0.919721,1.0,0.5,1.0,0.850345,1.0,0.5,1.0,1.0,1.0,1.0,1.0,1.0,1.0,1.0,1.0
query_914,2,1.0,1.0,1.0,1.0,0.184576,0.5,0.0,1.0,0.237198,0.5,0.0,1.0,1.0,1.0,1.0,1.0,1.0,1.0,1.0,1.0
query_915,2,1.0,1.0,1.0,1.0,0.0,0.0,0.0,0.0,0.0,0.0,0.0,0.0,0.877215,1.0,0.5,1.0,1.0,1.0,1.0,1.0
query_916,2,1.0,1.0,1.0,1.0,0.591235,1.0,0.5,1.0,0.81753,1.0,0.5,1.0,1.0,1.0,1.0,1.0,1.0,1.0,1.0,1.0
query_917,2,1.0,1.0,1.0,1.0,0.482476,1.0,0.0,1.0,0.613147,0.5,0.5,1.0,1.0,1.0,1.0,1.0,1.0,1.0,1.0,1.0
query_918,2,1.0,1.0,1.0,1.0,0.237198,0.5,0.0,1.0,0.218407,0.5,0.0,1.0,1.0,1.0,1.0,1.0,1.0,1.0,1.0,1.0
query_919,2,0.919721,1.0,0.5,1.0,0.386853,0.5,0.5,1.0,0.237198,0.5,0.0,1.0,0.919721,1.0,0.5,1.0,0.919721,1.0,0.5,1.0
query_920,2,1.0,1.0,1.0,1.0,0.218407,0.5,0.0,1.0,0.613147,0.5,0.5,1.0,0.919721,1.0,0.5,1.0,1.0,1.0,1.0,1.0
query_921,2,1.0,1.0,1.0,1.0,0.0,0.0,0.0,0.0,0.42279,1.0,0.0,1.0,1.0,1.0,1.0,1.0,1.0,1.0,1.0,1.0
query_922,2,1.0,1.0,1.0,1.0,0.0,0.0,0.0,0.0,0.306574,0.5,0.0,1.0,0.877215,1.0,0.5,1.0,1.0,1.0,1.0,1.0
query_923,2,1.0,1.0,1.0,1.0,0.0,0.0,0.0,0.0,0.613147,0.5,0.5,1.0,1.0,1.0,1.0,1.0,1.0,1.0,1.0,1.0
query_924,2,1.0,1.0,1.0,1.0,0.613147,0.5,0.5,1.0,0.491149,1.0,0.0,1.0,1.0,1.0,1.0,1.0,1.0,1.0,1.0,1.0
query_925,2,1.0,1.0,1.0,1.0,0.0,0.0,0.0,0.0,0.0,0.0,0.0,0.0,1.0,1.0,1.0,1.0,1.0,1.0,1.0,1.0
query_926,2,1.0,1.0,1.0,1.0,0.184576,0.5,0.0,1.0,0.306574,0.5,0.0,1.0,1.0,1.0,1.0,1.0,1.0,1.0,1.0,1.0
query_927,2,1.0,1.0,1.0,1.0,0.237198,0.5,0.0,1.0,0.0,0.0,0.0,0.0,0.919721,1.0,0.5,1.0,1.0,1.0,1.0,1.0
query_928,2,1.0,1.0,1.0,1.0,0.386853,0.5,0.5,1.0,0.218407,0.5,0.0,1.0,1.0,1.0,1.0,1.0,1.0,1.0,1.0,1.0
query_929,2,1.0,1.0,1.0,1.0,0.386853,0.5,0.5,1.0,0.650921,1.0,0.5,1.0,0.850345,1.0,0.5,1.0,1.0,1.0,1.0,1.0
query_930,2,1.0,1.0,1.0,1.0,0.306574,0.5,0.0,1.0,0.264068,0.5,0.0,1.0,1.0,1.0,1.0,1.0,1.0,1.0,1.0,1.0
query_931,2,1.0,1.0,1.0,1.0,0.177239,0.5,0.0,1.0,0.218407,0.5,0.0,1.0,1.0,1.0,1.0,1.0,1.0,1.0,1.0,1.0
query_932,2,1.0,1.0,1.0,1.0,0.0,0.0,0.0,0.0,0.0,0.0,0.0,0.0,1.0,1.0,1.0,1.0,1.0,1.0,1.0,1.0
query_933,2,1.0,1.0,1.0,1.0,0.0,0.0,0.0,0.0,0.218407,0.5,0.0,1.0,1.0,1.0,1.0,1.0,1.0,1.0,1.0,1.0
query_934,2,1.0,1.0,1.0,1.0,1.0,1.0,1.0,1.0,0.877215,1.0,0.5,1.0,0.570642,1.0,0.0,1.0,1.0,1.0,1.0,1.0
query_935,2,1.0,1.0,1.0,1.0,0.184576,0.5,0.0,1.0,0.60526,1.0,0.5,1.0,1.0,1.0,1.0,1.0,1.0,1.0,1.0,1.0
query_936,2,1.0,1.0,1.0,1.0,0.386853,0.5,0.5,1.0,0.306574,0.5,0.0,1.0,1.0,1.0,1.0,1.0,1.0,1.0,1.0,1.0
query_937,2,1.0,1.0,1.0,1.0,0.264068,0.5,0.0,1.0,0.193426,0.5,0.0,1.0,1.0,1.0,1.0,1.0,1.0,1.0,1.0,1.0
query_938,2,1.0,1.0,1.0,1.0,0.0,0.0,0.0,0.0,0.386853,0.5,0.5,1.0,1.0,1.0,1.0,1.0,1.0,1.0,1.0,1.0
query_939,2,1.0,1.0,1.0,1.0,0.613147,0.5,0.5,1.0,0.81753,1.0,0.5,1.0,1.0,1.0,1.0,1.0,1.0,1.0,1.0,1.0
query_940,2,1.0,1.0,1.0,1.0,0.204382,0.5,0.0,1.0,0.0,0.0,0.0,0.0,1.0,1.0,1.0,1.0,1.0,1.0,1.0,1.0
query_941,2,1.0,1.0,1.0,1.0,0.790386,1.0,0.5,1.0,0.613147,0.5,0.5,1.0,1.0,1.0,1.0,1.0,1.0,1.0,1.0,1.0
query_942,2,1.0,1.0,1.0,1.0,0.482476,1.0,0.0,1.0,0.306574,0.5,0.0,1.0,1.0,1.0,1.0,1.0,1.0,1.0,1.0,1.0
query_943,2,1.0,1.0,1.0,1.0,0.218407,0.5,0.0,1.0,0.624051,1.0,0.5,1.0,1.0,1.0,1.0,1.0,1.0,1.0,1.0,1.0
query_944,2,0.693426,1.0,0.5,1.0,0.850345,1.0,0.5,1.0,0.386853,0.5,0.5,1.0,1.0,1.0,1.0,1.0,1.0,1.0,1.0,1.0
query_945,2,1.0,1.0,1.0,1.0,0.81753,1.0,0.5,1.0,0.204382,0.5,0.0,1.0,1.0,1.0,1.0,1.0,1.0,1.0,1.0,1.0
query_946,2,1.0,1.0,1.0,1.0,0.306574,0.5,0.0,1.0,0.204382,0.5,0.0,1.0,1.0,1.0,1.0,1.0,1.0,1.0,1.0,1.0
query_947,2,1.0,1.0,1.0,1.0,0.591235,1.0,0.5,1.0,0.264068,0.5,0.0,1.0,1.0,1.0,1.0,1.0,1.0,1.0,1.0,1.0
query_948,2,1.0,1.0,1.0,1.0,0.613147,0.5,0.5,1.0,0.0,0.0,0.0,0.0,1.0,1.0,1.0,1.0,1.0,1.0,1.0,1.0
query_949,2,1.0,1.0,1.0,1.0,0.448644,1.0,0.0,1.0,0.386853,0.5,0.5,1.0,1.0,1.0,1.0,1.0,1.0,1.0,1.0,1.0
query_950,2,1.0,1.0,1.0,1.0,0.613147,0.5,0.5,1.0,0.613147,0.5,0.5,1.0,1.0,1.0,1.0,1.0,1.0,1.0,1.0,1.0
query_951,2,1.0,1.0,1.0,1.0,0.193426,0.5,0.0,1.0,0.0,0.0,0.0,0.0,1.0,1.0,1.0,1.0,1.0,1.0,1.0,1.0
query_952,2,1.0,1.0,1.0,1.0,0.306574,0.5,0.0,1.0,0.237198,0.5,0.0,1.0,1.0,1.0,1.0,1.0,1.0,1.0,1.0,1.0
query_953,2,1.0,1.0,1.0,1.0,0.591235,1.0,0.5,1.0,0.0,0.0,0.0,0.0,1.0,1.0,1.0,1.0,1.0,1.0,1.0,1.0
query_954,2,1.0,1.0,1.0,1.0,0.306574,0.5,0.0,1.0,0.831555,1.0,0.5,1.0,1.0,1.0,1.0,1.0,1.0,1.0,1.0,1.0
query_955,2,1.0,1.0,1.0,1.0,0.850345,1.0,0.5,1.0,0.850345,1.0,0.5,1.0,1.0,1.0,1.0,1.0,1.0,1.0,1.0,1.0
query_956,2,1.0,1.0,1.0,1.0,0.386853,0.5,0.5,1.0,0.42279,1.0,0.0,1.0,1.0,1.0,1.0,1.0,1.0,1.0,1.0,1.0
query_957,2,1.0,1.0,1.0,1.0,1.0,1.0,1.0,1.0,0.693426,1.0,0.5,1.0,1.0,1.0,1.0,1.0,1.0,1.0,1.0,1.0
query_958,2,1.0,1.0,1.0,1.0,0.0,0.0,0.0,0.0,0.0,0.0,0.0,0.0,1.0,1.0,1.0,1.0,1.0,1.0,1.0,1.0
query_959,2,1.0,1.0,1.0,1.0,0.0,0.0,0.0,0.0,0.264068,0.5,0.0,1.0,1.0,1.0,1.0,1.0,1.0,1.0,1.0,1.0
query_960,2,1.0,1.0,1.0,1.0,0.491149,1.0,0.0,1.0,0.81753,1.0,0.5,1.0,1.0,1.0,1.0,1.0,1.0,1.0,1.0,1.0
query_961,2,1.0,1.0,1.0,1.0,0.693426,1.0,0.5,1.0,0.877215,1.0,0.5,1.0,1.0,1.0,1.0,1.0,1.0,1.0,1.0,1.0
query_962,2,1.0,1.0,1.0,1.0,0.204382,0.5,0.0,1.0,0.919721,1.0,0.5,1.0,1.0,1.0,1.0,1.0,1.0,1.0,1.0,1.0
query_963,2,1.0,1.0,1.0,1.0,0.218407,0.5,0.0,1.0,0.204382,0.5,0.0,1.0,1.0,1.0,1.0,1.0,1.0,1.0,1.0,1.0
query_964,2,1.0,1.0,1.0,1.0,0.193426,0.5,0.0,1.0,0.218407,0.5,0.0,1.0,1.0,1.0,1.0,1.0,1.0,1.0,1.0,1.0
query_965,2,1.0,1.0,1.0,1.0,0.177239,0.5,0.0,1.0,0.204382,0.5,0.0,1.0,1.0,1.0,1.0,1.0,1.0,1.0,1.0,1.0
query_966,2,1.0,1.0,1.0,1.0,0.831555,1.0,0.5,1.0,0.430624,1.0,0.0,1.0,1.0,1.0,1.0,1.0,1.0,1.0,1.0,1.0
query_967,2,1.0,1.0,1.0,1.0,0.306574,0.5,0.0,1.0,0.60526,1.0,0.5,1.0,1.0,1.0,1.0,1.0,1.0,1.0,1.0,1.0
query_968,2,1.0,1.0,1.0,1.0,0.386853,0.5,0.5,1.0,0.850345,1.0,0.5,1.0,1.0,1.0,1.0,1.0,1.0,1.0,1.0,1.0
query_969,2,1.0,1.0,1.0,1.0,0.306574,0.5,0.0,1.0,0.613147,0.5,0.5,1.0,1.0,1.0,1.0,1.0,1.0,1.0,1.0,1.0
query_970,2,1.0,1.0,1.0,1.0,0.184576,0.5,0.0,1.0,0.386853,0.5,0.5,1.0,1.0,1.0,1.0,1.0,1.0,1.0,1.0,1.0
query_971,2,1.0,1.0,1.0,1.0,0.306574,0.5,0.0,1.0,0.613147,0.5,0.5,1.0,1.0,1.0,1.0,1.0,1.0,1.0,1.0,1.0
query_972,2,1.0,1.0,1.0,1.0,0.491149,1.0,0.0,1.0,0.613147,0.5,0.5,1.0,1.0,1.0,1.0,1.0,1.0,1.0,1.0,1.0
query_973,2,1.0,1.0,1.0,1.0,0.193426,0.5,0.0,1.0,0.0,0.0,0.0,0.0,1.0,1.0,1.0,1.0,1.0,1.0,1.0,1.0
query_974,2,1.0,1.0,1.0,1.0,0.204382,0.5,0.0,1.0,0.613147,0.5,0.5,1.0,1.0,1.0,1.0,1.0,1.0,1.0,1.0,1.0
query_975,2,1.0,1.0,1.0,1.0,0.184576,0.5,0.0,1.0,0.613147,0.5,0.5,1.0,1.0,1.0,1.0,1.0,1.0,1.0,1.0,1.0
query_976,2,1.0,1.0,1.0,1.0,0.0,0.0,0.0,0.0,0.613147,0.5,0.5,1.0,1.0,1.0,1.0,1.0,1.0,1.0,1.0,1.0
query_977,2,1.0,1.0,1.0,1.0,0.306574,0.5,0.0,1.0,0.414437,1.0,0.0,1.0,1.0,1.0,1.0,1.0,1.0,1.0,1.0,1.0
query_978,2,1.0,1.0,1.0,1.0,0.650921,1.0,0.5,1.0,0.370666,1.0,0.0,1.0,1.0,1.0,1.0,1.0,1.0,1.0,1.0,1.0
query_979,2,1.0,1.0,1.0,1.0,0.0,0.0,0.0,0.0,0.613147,0.5,0.5,1.0,0.693426,1.0,0.5,1.0,1.0,1.0,1.0,1.0
query_980,2,1.0,1.0,1.0,1.0,0.448644,1.0,0.0,1.0,0.831555,1.0,0.5,1.0,1.0,1.0,1.0,1.0,1.0,1.0,1.0,1.0
query_981,2,1.0,1.0,1.0,1.0,0.455605,1.0,0.0,1.0,0.218407,0.5,0.0,1.0,1.0,1.0,1.0,1.0,1.0,1.0,1.0,1.0
query_982,2,1.0,1.0,1.0,1.0,0.0,0.0,0.0,0.0,0.218407,0.5,0.0,1.0,1.0,1.0,1.0,1.0,1.0,1.0,1.0,1.0
query_983,2,1.0,1.0,1.0,1.0,0.237198,0.5,0.0,1.0,0.441307,1.0,0.0,1.0,1.0,1.0,1.0,1.0,1.0,1.0,1.0,1.0
query_984,2,1.0,1.0,1.0,1.0,0.0,0.0,0.0,0.0,0.0,0.0,0.0,0.0,1.0,1.0,1.0,1.0,1.0,1.0,1.0,1.0
query_985,2,1.0,1.0,1.0,1.0,0.177239,0.5,0.0,1.0,0.386853,0.5,0.5,1.0,1.0,1.0,1.0,1.0,1.0,1.0,1.0,1.0
query_986,2,1.0,1.0,1.0,1.0,0.0,0.0,0.0,0.0,0.306574,0.5,0.0,1.0,1.0,1.0,1.0,1.0,1.0,1.0,1.0,1.0
query_987,2,1.0,1.0,1.0,1.0,0.5,1.0,0.0,1.0,0.613147,0.5,0.5,1.0,1.0,1.0,1.0,1.0,1.0,1.0,1.0,1.0
query_988,2,1.0,1.0,1.0,1.0,0.650921,1.0,0.5,1.0,0.386853,0.5,0.5,1.0,1.0,1.0,1.0,1.0,1.0,1.0,1.0,1.0
query_989,2,1.0,1.0,1.0,1.0,0.306574,0.5,0.0,1.0,0.613147,0.5,0.5,1.0,1.0,1.0,1.0,1.0,1.0,1.0,1.0,1.0
query_990,2,1.0,1.0,1.0,1.0,0.0,0.0,0.0,0.0,0.613147,0.5,0.5,1.0,1.0,1.0,1.0,1.0,1.0,1.0,1.0,1.0
query_991,2,1.0,1.0,1.0,1.0,0.0,0.0,0.0,0.0,0.386853,0.5,0.5,1.0,0.877215,1.0,0.5,1.0,1.0,1.0,1.0,1.0
query_992,2,1.0,1.0,1.0,1.0,0.193426,0.5,0.0,1.0,0.0,0.0,0.0,0.0,0.919721,1.0,0.5,1.0,1.0,1.0,1.0,1.0
query_993,2,1.0,1.0,1.0,1.0,1.0,1.0,1.0,1.0,1.0,1.0,1.0,1.0,1.0,1.0,1.0,1.0,1.0,1.0,1.0,1.0
query_994,2,1.0,1.0,1.0,1.0,0.0,0.0,0.0,0.0,0.0,0.0,0.0,0.0,1.0,1.0,1.0,1.0,1.0,1.0,1.0,1.0
query_995,2,1.0,1.0,1.0,1.0,0.386853,0.5,0.5,1.0,0.501266,1.0,0.0,1.0,1.0,1.0,1.0,1.0,1.0,1.0,1.0,1.0
query_996,2,1.0,1.0,1.0,1.0,0.42279,1.0,0.0,1.0,0.386853,0.5,0.5,1.0,1.0,1.0,1.0,1.0,1.0,1.0,1.0,1.0
query_997,2,1.0,1.0,1.0,1.0,0.0,0.0,0.0,0.0,0.218407,0.5,0.0,1.0,1.0,1.0,1.0,1.0,1.0,1.0,1.0,1.0
query_998,2,1.0,1.0,1.0,1.0,0.0,0.0,0.0,0.0,0.0,0.0,0.0,0.0,1.0,1.0,1.0,1.0,1.0,1.0,1.0,1.0
query_999,2,1.0,1.0,1.0,1.0,1.0,1.0,1.0,1.0,1.0,1.0,1.0,1.0,1.0,1.0,1.0,1.0,1.0,1.0,1.0,1.0
